d	drwxr-xr-x	ale	ale	0	./dev
d	drwxr-xr-x	ale	ale	0	./etc/network/if-down.d
d	drwxr-xr-x	ale	ale	0	./etc/network/if-post-down.d
d	drwxr-xr-x	ale	ale	0	./etc/network/if-up.d
d	drwxr-xr-x	ale	ale	0	./etc/pm/config.d
d	drwxr-xr-x	ale	ale	0	./etc/pm/power.d
d	drwxr-xr-x	ale	ale	0	./etc/pm/sleep.d
d	drwxr-xr-x	ale	ale	0	./etc/ssl/private
d	drwxr-xr-x	ale	ale	0	./media
d	drwxr-xr-x	ale	ale	0	./mnt
d	drwxr-xr-x	ale	ale	0	./oem
d	drwxr-xr-x	ale	ale	0	./opt
d	drwxr-xr-x	ale	ale	0	./proc
d	drwxr-xr-x	ale	ale	0	./root
d	drwxr-xr-x	ale	ale	0	./run
d	drwxr-xr-x	ale	ale	0	./sys
d	drwxr-xr-x	ale	ale	0	./system/etc/firmware
d	drwxr-xr-x	ale	ale	0	./tmp
d	drwxr-xr-x	ale	ale	0	./userdata/lib/bluetooth
d	drwxr-xr-x	ale	ale	0	./userdata/localtime
d	drwxr-xr-x	ale	ale	0	./userdata/lost+found
d	drwxr-xr-x	ale	ale	0	./userdata/timezone
d	drwxr-xr-x	ale	ale	0	./usr/lib/firmware/rtlbt
d	drwxr-xr-x	ale	ale	0	./usr/share/dbus-1/services
d	drwxr-xr-x	ale	ale	0	./usr/share/dbus-1/session.d
d	drwxr-xr-x	ale	ale	0	./usr/share/dbus-1/system.d
d	drwxr-xr-x	ale	ale	0	./usr/share/dbus-1/system-services
d	drwxr-xr-x	ale	ale	0	./usr/share/glib-2.0/schemas
d	drwxr-xr-x	ale	ale	0	./usr/share/locale
d	drwxr-xr-x	ale	ale	0	./usr/share/udhcpc/default.script.d
d	drwxr-xr-x	ale	ale	0	./var
d	drwxr-xr-x	ale	ale	100	./usr/lib/udev
d	drwxr-xr-x	ale	ale	100	./usr/lib/vlc/plugins/audio_mixer
d	drwxr-xr-x	ale	ale	100	./usr/share/gettext/its
d	drwxr-xr-x	ale	ale	102	./usr/share/alsa/ucm2/Qualcomm/sc7180/rt5682-max98357a
d	drwxr-xr-x	ale	ale	102	./usr/share/alsa/ucm2/USB-Audio/Realtek
d	drwxr-xr-x	ale	ale	10394	./etc/ssl/certs
d	drwxr-xr-x	ale	ale	104	./usr/miyoo/apps/usb_mass_storage
d	drwxr-xr-x	ale	ale	1050	./usr/lib/udev/rules.d
d	drwxr-xr-x	ale	ale	106	./usr/share/bash-completion/completions
d	drwxr-xr-x	ale	ale	1080	./usr/lib/vlc/plugins/audio_filter
d	drwxr-xr-x	ale	ale	108	./usr/lib/pm-utils
d	drwxr-xr-x	ale	ale	108	./usr/lib/vlc/plugins/keystore
d	drwxr-xr-x	ale	ale	1096	./usr/lib/vlc/plugins/stream_out
d	drwxr-xr-x	ale	ale	10	./usr/share/alsa/ucm2/platforms
d	drwxr-xr-x	ale	ale	10	./usr/share/dhcpcd
d	drwxr-xr-x	ale	ale	10	./usr/share/kde4/apps
d	drwxr-xr-x	ale	ale	10	./usr/share/terminfo/l
d	drwxr-xr-x	ale	ale	110	./usr/lib/mpg123
d	drwxr-xr-x	ale	ale	112	./usr/share/dhcpcd/hooks
d	drwxr-xr-x	ale	ale	114	./usr/libexec
d	drwxr-xr-x	ale	ale	114	./usr/share/terminfo/x
d	drwxr-xr-x	ale	ale	116	./usr/share/alsa/ucm2/Qualcomm/sm8250
d	drwxr-xr-x	ale	ale	118	./usr
d	drwxr-xr-x	ale	ale	120	./etc/network
d	drwxr-xr-x	ale	ale	120	./usr/share/vlc/utils
d	drwxr-xr-x	ale	ale	122	./usr/share/alsa/ucm2/USB-Audio/Gigabyte
d	drwxr-xr-x	ale	ale	1234	./usr/lib/vlc/plugins/codec
d	drwxr-xr-x	ale	ale	126	./usr/share/dbus-1
d	drwxr-xr-x	ale	ale	126	./usr/share/zoneinfo/posix/America/Indiana
d	drwxr-xr-x	ale	ale	126	./usr/share/zoneinfo/right/America/Indiana
d	drwxr-xr-x	ale	ale	1280	./usr/share/fontconfig/conf.avail
d	drwxr-xr-x	ale	ale	128	./usr/share/alsa/ucm2/codecs/wsa881x
d	drwxr-xr-x	ale	ale	128	./usr/share/alsa/ucm2/Intel/bytcr-rt5640
d	drwxr-xr-x	ale	ale	128	./usr/share/alsa/ucm2/Intel/bytcr-rt5651
d	drwxr-xr-x	ale	ale	12	./etc/alsa
d	drwxr-xr-x	ale	ale	12	./etc/xdg
d	drwxr-xr-x	ale	ale	12	./system
d	drwxr-xr-x	ale	ale	130	./usr/share/alsa/ucm2/Intel/bytcht-es8316
d	drwxr-xr-x	ale	ale	132	./userdata/cfg
d	drwxr-xr-x	ale	ale	132	./usr/share/zoneinfo/posix/Canada
d	drwxr-xr-x	ale	ale	132	./usr/share/zoneinfo/right/Canada
d	drwxr-xr-x	ale	ale	1390	./usr/lib/vlc/plugins/demux
d	drwxr-xr-x	ale	ale	140	./usr/lib/vlc/plugins/logger
d	drwxr-xr-x	ale	ale	142	./usr/lib/vlc/plugins/audio_output
d	drwxr-xr-x	ale	ale	144	./usr/share/alsa/ucm2/codecs/max98090
d	drwxr-xr-x	ale	ale	1456	./usr/share/zoneinfo/posix/Asia
d	drwxr-xr-x	ale	ale	1456	./usr/share/zoneinfo/right/Asia
d	drwxr-xr-x	ale	ale	146	./usr/share/alsa/init
d	drwxr-xr-x	ale	ale	14	./system/lib
d	drwxr-xr-x	ale	ale	14	./usr/lib/bluetooth
d	drwxr-xr-x	ale	ale	14	./usr/lib/dhcpcd/dev
d	drwxr-xr-x	ale	ale	14	./usr/share/ca-certificates
d	drwxr-xr-x	ale	ale	14	./usr/share/icons/hicolor/256x256/apps
d	drwxr-xr-x	ale	ale	14	./usr/share/kde4/apps/solid
d	drwxr-xr-x	ale	ale	14	./usr/share/terminfo
d	drwxr-xr-x	ale	ale	150	./usr/lib/vlc/plugins/services_discovery
d	drwxr-xr-x	ale	ale	150	./usr/share/kde4/apps/solid/actions
d	drwxr-xr-x	ale	ale	154	./usr/share/alsa/alsa.conf.d
d	drwxr-xr-x	ale	ale	156	./etc/ssl
d	drwxr-xr-x	ale	ale	160	./usr/share/alsa/ucm2/codecs/wm5102
d	drwxr-xr-x	ale	ale	160	./usr/share/alsa/ucm2/OMAP/abe-twl6040/SDP4430
d	drwxr-xr-x	ale	ale	1630	./usr/lib/vlc/plugins/video_filter
d	drwxr-xr-x	ale	ale	1648	./usr/share/alsa/cards
d	drwxr-xr-x	ale	ale	164	./usr/share/zoneinfo/posix/Indian
d	drwxr-xr-x	ale	ale	164	./usr/share/zoneinfo/right/Indian
d	drwxr-xr-x	ale	ale	166	./usr/share/alsa/ucm2/OMAP/abe-twl6040/Pandaboard
d	drwxr-xr-x	ale	ale	16	./etc/ssl/misc
d	drwxr-xr-x	ale	ale	16	./system/etc
d	drwxr-xr-x	ale	ale	16	./userdata/bluetooth/14:5D:34:35:F5:2D
d	drwxr-xr-x	ale	ale	16	./usr/share/alsa/ucm2/conf.d/acp
d	drwxr-xr-x	ale	ale	16	./usr/share/alsa/ucm2/conf.d/SOF
d	drwxr-xr-x	ale	ale	16	./usr/share/usbmount
d	drwxr-xr-x	ale	ale	170	./usr/share/zoneinfo/posix/Antarctica
d	drwxr-xr-x	ale	ale	170	./usr/share/zoneinfo/right/Antarctica
d	drwxr-xr-x	ale	ale	174	./usr/share/alsa/ucm2/codecs/cx2072x
d	drwxr-xr-x	ale	ale	178	./usr/share/icons
d	drwxr-xr-x	ale	ale	184	./usr/share/alsa/ucm2/codecs/rt5672
d	drwxr-xr-x	ale	ale	186	./etc/alsa/conf.d
d	drwxr-xr-x	ale	ale	188	./usr/share/zoneinfo/posix/Atlantic
d	drwxr-xr-x	ale	ale	188	./usr/share/zoneinfo/right/Atlantic
d	drwxr-xr-x	ale	ale	18	./userdata/lib
d	drwxr-xr-x	ale	ale	18	./usr/lib/pm-utils/sleep.d
d	drwxr-xr-x	ale	ale	18	./usr/share/alsa/ucm2/codecs/hda
d	drwxr-xr-x	ale	ale	18	./usr/share/alsa/ucm2/codecs/rt5682
d	drwxr-xr-x	ale	ale	18	./usr/share/alsa/ucm2/codecs/rt700
d	drwxr-xr-x	ale	ale	18	./usr/share/alsa/ucm2/codecs/rt711
d	drwxr-xr-x	ale	ale	18	./usr/share/alsa/ucm2/codecs/rt711-sdca
d	drwxr-xr-x	ale	ale	18	./usr/share/alsa/ucm2/codecs/rt715
d	drwxr-xr-x	ale	ale	18	./usr/share/alsa/ucm2/codecs/rt715-sdca
d	drwxr-xr-x	ale	ale	18	./usr/share/glib-2.0/valgrind
d	drwxr-xr-x	ale	ale	18	./usr/share/xml/fontconfig
d	drwxr-xr-x	ale	ale	190	./usr/share/zoneinfo/posix/US
d	drwxr-xr-x	ale	ale	190	./usr/share/zoneinfo/right/US
d	drwxr-xr-x	ale	ale	192	./usr/share/alsa/ucm2/HDA
d	drwxr-xr-x	ale	ale	200	./usr/share/alsa/ucm2/codecs/nau8824
d	drwxr-xr-x	ale	ale	202	./usr/share/openal/presets
d	drwxr-xr-x	ale	ale	20	./etc/network/if-pre-up.d
d	drwxr-xr-x	ale	ale	20	./usr/lib/bluetooth/plugins
d	drwxr-xr-x	ale	ale	20	./usr/share/alsa/ucm2/conf.virt.d
d	drwxr-xr-x	ale	ale	20	./usr/share/alsa/ucm2/MediaTek
d	drwxr-xr-x	ale	ale	20	./usr/share/fontconfig
d	drwxr-xr-x	ale	ale	20	./usr/share/pulseaudio
d	drwxr-xr-x	ale	ale	212	./usr/lib/vlc/plugins/video_output
d	drwxr-xr-x	ale	ale	218	./usr/share/zoneinfo/posix/America/Argentina
d	drwxr-xr-x	ale	ale	218	./usr/share/zoneinfo/right/America/Argentina
d	drwxr-xr-x	ale	ale	2288	./usr/sbin
d	drwxr-xr-x	ale	ale	22	./usr/share/alsa/ucm2/conf.d/DB410c
d	drwxr-xr-x	ale	ale	22	./usr/share/alsa/ucm2/conf.d/DB820c
d	drwxr-xr-x	ale	ale	22	./usr/share/alsa/ucm2/conf.d/sdm845
d	drwxr-xr-x	ale	ale	22	./usr/share/alsa/ucm2/OMAP
d	drwxr-xr-x	ale	ale	22	./usr/share/applications
d	drwxr-xr-x	ale	ale	22	./usr/share/bash-completion
d	drwxr-xr-x	ale	ale	22	./usr/share/licenses/SDL2
d	drwxr-xr-x	ale	ale	232	./usr/lib/vlc/plugins/control
d	drwxr-xr-x	ale	ale	236	./usr/share/alsa/ucm2/USB-Audio/Lenovo
d	drwxr-xr-x	ale	ale	238	./usr/share/alsa/ucm2/conf.d/tegra
d	drwxr-xr-x	ale	ale	2448	./usr/share/zoneinfo/posix/America
d	drwxr-xr-x	ale	ale	2448	./usr/share/zoneinfo/right/America
d	drwxr-xr-x	ale	ale	246	./usr/share/alsa/ucm
d	drwxr-xr-x	ale	ale	248	./usr/share/alsa/ucm2/USB-Audio/Dell
d	drwxr-xr-x	ale	ale	24	./system/lib/modules
d	drwxr-xr-x	ale	ale	24	./userdata/bin
d	drwxr-xr-x	ale	ale	24	./usr/lib/modules
d	drwxr-xr-x	ale	ale	24	./usr/share/alsa/ctl
d	drwxr-xr-x	ale	ale	24	./usr/share/alsa/ucm2/conf.d/hda-dsp
d	drwxr-xr-x	ale	ale	24	./usr/share/vlc
d	drwxr-xr-x	ale	ale	24	./usr/share/zoneinfo/posix/Arctic
d	drwxr-xr-x	ale	ale	24	./usr/share/zoneinfo/right/Arctic
d	drwxr-xr-x	ale	ale	252	./usr/share/alsa/ucm2/codecs
d	drwxr-xr-x	ale	ale	260	./usr/lib/vlc/plugins/misc
d	drwxr-xr-x	ale	ale	260	./usr/share/pulseaudio/alsa-mixer/paths
d	drwxr-xr-x	ale	ale	26	./etc/libnl
d	drwxr-xr-x	ale	ale	270	./usr/share/alsa/ucm2/codecs/es8316
d	drwxr-xr-x	ale	ale	274	./usr/share/alsa/ucm2
d	drwxr-xr-x	ale	ale	280	./usr/lib/pm-utils/power.d
d	drwxr-xr-x	ale	ale	284	./usr/miyoo/bin/lang
d	drwxr-xr-x	ale	ale	28	./etc/input-event-daemon.conf.d
d	drwxr-xr-x	ale	ale	28	./usr/share/alsa/ucm2/conf.d/chtrt5645
d	drwxr-xr-x	ale	ale	28	./usr/share/alsa/ucm2/conf.d/chtrt5650
d	drwxr-xr-x	ale	ale	28	./usr/share/alsa/ucm2/conf.d/HDA-Intel
d	drwxr-xr-x	ale	ale	28	./usr/share/alsa/ucm2/conf.d/kblrt5660
d	drwxr-xr-x	ale	ale	28	./usr/share/alsa/ucm2/conf.d/tegra-hda
d	drwxr-xr-x	ale	ale	28	./usr/share/alsa/ucm2/conf.d/USB-Audio
d	drwxr-xr-x	ale	ale	28	./usr/share/icons/hicolor/16x16/apps
d	drwxr-xr-x	ale	ale	292	./usr/lib/vlc/plugins/spu
d	drwxr-xr-x	ale	ale	308	./usr/share/zoneinfo/posix/Australia
d	drwxr-xr-x	ale	ale	308	./usr/share/zoneinfo/right/Australia
d	drwxr-xr-x	ale	ale	30	./usr/miyoo/apps/fw_update
d	drwxr-xr-x	ale	ale	30	./usr/share/alsa/ucm2/conf.d/bdw-rt5677
d	drwxr-xr-x	ale	ale	30	./usr/share/alsa/ucm2/conf.d/chtnau8824
d	drwxr-xr-x	ale	ale	30	./usr/share/alsa/ucm2/conf.d/mtk-rt5650
d	drwxr-xr-x	ale	ale	30	./usr/share/alsa/ucm2/NXP/iMX8
d	drwxr-xr-x	ale	ale	30	./usr/share/glib-2.0
d	drwxr-xr-x	ale	ale	30	./usr/share/metainfo
d	drwxr-xr-x	ale	ale	310	./usr/lib/vlc/plugins/access_output
d	drwxr-xr-x	ale	ale	328	./usr/lib/vlc/plugins/mux
d	drwxr-xr-x	ale	ale	32	./etc/fonts
d	drwxr-xr-x	ale	ale	32	./usr/share/alsa/ucm2/conf.d/chtmax98090
d	drwxr-xr-x	ale	ale	32	./usr/share/alsa/ucm2/Qualcomm/sc7180
d	drwxr-xr-x	ale	ale	32	./usr/share/et
d	drwxr-xr-x	ale	ale	32	./usr/share/openal/hrtf
d	drwxr-xr-x	ale	ale	32	./usr/share/ss
d	drwxr-xr-x	ale	ale	32	./usr/share/xml
d	drwxr-xr-x	ale	ale	336	./usr/share/alsa/ucm2/sof-soundwire
d	drwxr-xr-x	ale	ale	338	.
d	drwxr-xr-x	ale	ale	346	./usr/share/alsa/ucm2/codecs/rt5640
d	drwxr-xr-x	ale	ale	34	./userdata/bluetooth
d	drwxr-xr-x	ale	ale	34	./usr/miyoo
d	drwxr-xr-x	ale	ale	34	./usr/miyoo/bin/sound
d	drwxr-xr-x	ale	ale	34	./usr/share/alsa/ucm2/codecs/qcom-lpass
d	drwxr-xr-x	ale	ale	34	./usr/share/alsa/ucm2/conf.d/bytcr-rt5640
d	drwxr-xr-x	ale	ale	34	./usr/share/alsa/ucm2/conf.d/bytcr-rt5651
d	drwxr-xr-x	ale	ale	34	./usr/share/alsa/ucm2/conf.d/bytcr-wm5102
d	drwxr-xr-x	ale	ale	34	./usr/share/alsa/ucm2/Intel/SOF
d	drwxr-xr-x	ale	ale	34	./usr/share/pulseaudio/alsa-mixer
d	drwxr-xr-x	ale	ale	358	./usr/lib/vlc/plugins/stream_filter
d	drwxr-xr-x	ale	ale	362	./usr/share
d	drwxr-xr-x	ale	ale	3668	./usr/miyoo/bin/skin_1080p
d	drwxr-xr-x	ale	ale	366	./usr/share/zoneinfo/posix/Etc
d	drwxr-xr-x	ale	ale	366	./usr/share/zoneinfo/right/Etc
d	drwxr-xr-x	ale	ale	36	./usr/share/alsa/ucm2/conf.d/broxton-rt298
d	drwxr-xr-x	ale	ale	36	./usr/share/alsa/ucm2/conf.d/bytcht-es8316
d	drwxr-xr-x	ale	ale	36	./usr/share/alsa/ucm2/conf.d/skylake-rt286
d	drwxr-xr-x	ale	ale	36	./usr/share/alsa/ucm2/conf.d/sof-soundwire
d	drwxr-xr-x	ale	ale	36	./usr/share/alsa/ucm2/Samsung/snow
d	drwxr-xr-x	ale	ale	370	./usr/share/alsa/ucm2/codecs/rt5645
d	drwxr-xr-x	ale	ale	372	./usr/share/alsa/ucm2/codecs/wcd934x
d	drwxr-xr-x	ale	ale	376	./userdata
d	drwxr-xr-x	ale	ale	38	./usr/lib/vlc/plugins/meta_engine
d	drwxr-xr-x	ale	ale	38	./usr/lib/vlc/plugins/visualization
d	drwxr-xr-x	ale	ale	38	./usr/share/alsa/ucm2/conf.d/bytcht-cx2072x
d	drwxr-xr-x	ale	ale	38	./usr/share/alsa/ucm2/conf.d/cht-bsw-rt5672
d	drwxr-xr-x	ale	ale	38	./usr/share/alsa/ucm2/conf.d/sof-ehl-rt5660
d	drwxr-xr-x	ale	ale	38	./usr/share/icons/hicolor/48x48/apps
d	drwxr-xr-x	ale	ale	406	./usr/share/alsa/pcm
d	drwxr-xr-x	ale	ale	406	./usr/share/alsa/ucm2/codecs/rt5651
d	drwxr-xr-x	ale	ale	40	./usr/lib/vlc
d	drwxr-xr-x	ale	ale	40	./usr/share/alsa/ucm2/conf.d/broadwell-rt286
d	drwxr-xr-x	ale	ale	40	./usr/share/alsa/ucm2/conf.d/rockchip_es8316
d	drwxr-xr-x	ale	ale	40	./usr/share/alsa/ucm2/conf.d/simple-card
d	drwxr-xr-x	ale	ale	40	./usr/share/alsa/ucm2/Rockchip/es8316
d	drwxr-xr-x	ale	ale	40	./usr/share/backgrounds
d	drwxr-xr-x	ale	ale	40	./usr/share/zoneinfo/posix/America/Kentucky
d	drwxr-xr-x	ale	ale	40	./usr/share/zoneinfo/right/America/Kentucky
d	drwxr-xr-x	ale	ale	418	./etc/init.d
d	drwxr-xr-x	ale	ale	422	./usr/share/alsa/ucm2/Intel
d	drwxr-xr-x	ale	ale	42	./usr/lib/pm-utils/module.d
d	drwxr-xr-x	ale	ale	42	./usr/share/terminfo/s
d	drwxr-xr-x	ale	ale	42	./usr/share/zoneinfo/posix/America/North_Dakota
d	drwxr-xr-x	ale	ale	42	./usr/share/zoneinfo/posix/Brazil
d	drwxr-xr-x	ale	ale	42	./usr/share/zoneinfo/right/America/North_Dakota
d	drwxr-xr-x	ale	ale	42	./usr/share/zoneinfo/right/Brazil
d	drwxr-xr-x	ale	ale	4340	./usr/bin
d	drwxr-xr-x	ale	ale	442	./usr/share/alsa/ucm2/module
d	drwxr-xr-x	ale	ale	44	./etc/pm
d	drwxr-xr-x	ale	ale	44	./etc/xdg/weston
d	drwxr-xr-x	ale	ale	44	./usr/share/alsa/ucm2/Rockchip/max98090
d	drwxr-xr-x	ale	ale	44	./usr/share/alsa/ucm2/Tegra/max98090
d	drwxr-xr-x	ale	ale	466	./usr/lib/vlc/plugins
d	drwxr-xr-x	ale	ale	46	./etc/usbmount/mount.d
d	drwxr-xr-x	ale	ale	46	./etc/usbmount/umount.d
d	drwxr-xr-x	ale	ale	46	./usr/share/alsa/ucm2/Intel/chtrt5645
d	drwxr-xr-x	ale	ale	46	./usr/share/alsa/ucm2/Intel/chtrt5650
d	drwxr-xr-x	ale	ale	46	./usr/share/zoneinfo/posix/Chile
d	drwxr-xr-x	ale	ale	46	./usr/share/zoneinfo/posix/Mexico
d	drwxr-xr-x	ale	ale	46	./usr/share/zoneinfo/right/Chile
d	drwxr-xr-x	ale	ale	46	./usr/share/zoneinfo/right/Mexico
d	drwxr-xr-x	ale	ale	470	./usr/miyoo/bin
d	drwxr-xr-x	ale	ale	48	./etc/udev
d	drwxr-xr-x	ale	ale	48	./usr/share/alsa/ucm2/conf.d/rockchip-dp0
d	drwxr-xr-x	ale	ale	48	./usr/share/alsa/ucm2/conf.d/rockchip-dp1
d	drwxr-xr-x	ale	ale	48	./usr/share/alsa/ucm2/HDA/DualCodecs
d	drwxr-xr-x	ale	ale	48	./usr/share/alsa/ucm2/Intel/bdw-rt5677
d	drwxr-xr-x	ale	ale	48	./usr/share/alsa/ucm2/Intel/chtnau8824
d	drwxr-xr-x	ale	ale	502	./usr/lib/vlc/plugins/video_chroma
d	drwxr-xr-x	ale	ale	50	./usr/miyoo/apps
d	drwxr-xr-x	ale	ale	50	./usr/share/alsa/ucm2/Intel/chtmax98090
d	drwxr-xr-x	ale	ale	50	./usr/share/alsa/ucm2/USB-Audio/GoXLR
d	drwxr-xr-x	ale	ale	52	./usr/share/alsa/ucm2/Intel/bytcr-wm5102
d	drwxr-xr-x	ale	ale	52	./usr/share/icons/hicolor/32x32/apps
d	drwxr-xr-x	ale	ale	52	./usr/share/openal
d	drwxr-xr-x	ale	ale	54	./usr/share/alsa/ucm2/common
d	drwxr-xr-x	ale	ale	54	./usr/share/alsa/ucm/rockchip,hdmi
d	drwxr-xr-x	ale	ale	54	./usr/share/xml/dbus-1
d	drwxr-xr-x	ale	ale	56	./etc/udev/rules.d
d	drwxr-xr-x	ale	ale	56	./etc/usbmount
d	drwxr-xr-x	ale	ale	56	./usr/share/alsa/ucm2/conf.d/rockchip-hdmi0
d	drwxr-xr-x	ale	ale	56	./usr/share/alsa/ucm2/conf.d/rockchip-hdmi1
d	drwxr-xr-x	ale	ale	56	./usr/share/alsa/ucm2/conf.d/rockchip-rk809
d	drwxr-xr-x	ale	ale	56	./usr/share/alsa/ucm2/conf.d/rockchip-rk817
d	drwxr-xr-x	ale	ale	56	./usr/share/alsa/ucm2/Intel/bytcht-cx2072x
d	drwxr-xr-x	ale	ale	56	./usr/share/alsa/ucm2/Intel/cht-bsw-rt5672
d	drwxr-xr-x	ale	ale	578	./info
d	drwxr-xr-x	ale	ale	58	./etc/xdg/weston/weston.ini.d
d	drwxr-xr-x	ale	ale	58	./usr/share/alsa/ucm2/conf.d/rockchip-es8388
d	drwxr-xr-x	ale	ale	58	./usr/share/alsa/ucm2/Intel/broadwell-rt286
d	drwxr-xr-x	ale	ale	58	./usr/share/alsa/ucm2/NXP/iMX8/Librem_5_Devkit
d	drwxr-xr-x	ale	ale	58	./usr/share/alsa/ucm2/Qualcomm/sdm845
d	drwxr-xr-x	ale	ale	58	./usr/share/icons/hicolor
d	drwxr-xr-x	ale	ale	58	./usr/share/icons/hicolor/128x128/apps
d	drwxr-xr-x	ale	ale	590	./usr/share/zoneinfo/posix/Pacific
d	drwxr-xr-x	ale	ale	590	./usr/share/zoneinfo/right/Pacific
d	drwxr-xr-x	ale	ale	602	./etc/fonts/conf.d
d	drwxr-xr-x	ale	ale	60	./usr/libexec/bluetooth
d	drwxr-xr-x	ale	ale	60	./usr/share/alsa/ucm2/Qualcomm/apq8096
d	drwxr-xr-x	ale	ale	60	./usr/share/alsa/ucm2/Rockchip
d	drwxr-xr-x	ale	ale	60	./usr/share/alsa/ucm2/Rockchip/rk3399-gru-sound
d	drwxr-xr-x	ale	ale	60	./usr/share/alsa/ucm/rockchip,rt5616-codec
d	drwxr-xr-x	ale	ale	60	./usr/share/terminfo/p
d	drwxr-xr-x	ale	ale	60	./usr/share/udhcpc
d	drwxr-xr-x	ale	ale	62	./etc/bluetooth
d	drwxr-xr-x	ale	ale	62	./etc/dbus-1
d	drwxr-xr-x	ale	ale	62	./usr/lib/dhcpcd
d	drwxr-xr-x	ale	ale	62	./usr/share/terminfo/v
d	drwxr-xr-x	ale	ale	64	./usr/lib/dhcpcd/dhcpcd-hooks
d	drwxr-xr-x	ale	ale	64	./usr/share/alsa/ucm2/Tegra/alc5632
d	drwxr-xr-x	ale	ale	650	./usr/lib/alsa-lib
d	drwxr-xr-x	ale	ale	656	./usr/share/zoneinfo/posix
d	drwxr-xr-x	ale	ale	656	./usr/share/zoneinfo/right
d	drwxr-xr-x	ale	ale	66	./usr/lib/firmware
d	drwxr-xr-x	ale	ale	66	./usr/share/alsa/ucm2/conf.d/SC7180
d	drwxr-xr-x	ale	ale	66	./usr/share/alsa/ucm2/OMAP/abe-twl6040
d	drwxr-xr-x	ale	ale	66	./usr/share/alsa/ucm2/Tegra/tegra-hda
d	drwxr-xr-x	ale	ale	66	./usr/share/alsa/ucm2/Tegra/wm8903
d	drwxr-xr-x	ale	ale	66	./usr/share/alsa/ucm/rockchip,rk618-hdmi
d	drwxr-xr-x	ale	ale	6858	./usr/miyoo/bin/skin
d	drwxr-xr-x	ale	ale	68	./usr/share/alsa/ucm2/Intel/sof-hda-dsp
d	drwxr-xr-x	ale	ale	68	./usr/share/alsa/ucm2/Qualcomm/apq8016-sbc
d	drwxr-xr-x	ale	ale	68	./usr/share/alsa/ucm/realtek,rt5651-codec
d	drwxr-xr-x	ale	ale	68	./usr/share/alsa/ucm/rockchip,rk809-codec
d	drwxr-xr-x	ale	ale	6	./usr/share/gettext
d	drwxr-xr-x	ale	ale	70	./usr/lib/pm-utils/bin
d	drwxr-xr-x	ale	ale	70	./usr/lib/vlc/plugins/video_splitter
d	drwxr-xr-x	ale	ale	70	./usr/share/alsa/ucm/rockchip,rt5640-codec
d	drwxr-xr-x	ale	ale	72	./usr/share/alsa/ucm2/Intel/broxton-rt298
d	drwxr-xr-x	ale	ale	72	./usr/share/alsa/ucm2/Qualcomm
d	drwxr-xr-x	ale	ale	72	./usr/share/alsa/ucm2/Tegra
d	drwxr-xr-x	ale	ale	734	./etc
d	drwxr-xr-x	ale	ale	738	./usr/share/zoneinfo
d	drwxr-xr-x	ale	ale	74	./usr/miyoo/lib
d	drwxr-xr-x	ale	ale	74	./usr/share/alsa/ucm2/conf.d/sof-hda-dsp
d	drwxr-xr-x	ale	ale	74	./usr/share/alsa/ucm2/Intel/sof-ehl-rt5660
d	drwxr-xr-x	ale	ale	7816	./usr/share/ca-certificates/mozilla
d	drwxr-xr-x	ale	ale	78	./usr/share/alsa/ucm2/codecs/qcom-lpass/va-macro
d	drwxr-xr-x	ale	ale	798	./usr/share/zoneinfo/posix/Africa
d	drwxr-xr-x	ale	ale	798	./usr/share/zoneinfo/right/Africa
d	drwxr-xr-x	ale	ale	80	./etc/profile.d
d	drwxr-xr-x	ale	ale	80	./usr/lib/vlc/plugins/text_renderer
d	drwxr-xr-x	ale	ale	80	./usr/share/alsa/ucm2/conf.d/sm8250
d	drwxr-xr-x	ale	ale	80	./usr/share/alsa/ucm2/lib
d	drwxr-xr-x	ale	ale	820	./usr/lib/vlc/plugins/packetizer
d	drwxr-xr-x	ale	ale	82	./usr/share/alsa/ucm2/Intel/hda-dsp
d	drwxr-xr-x	ale	ale	84	./usr/share/alsa
d	drwxr-xr-x	ale	ale	84	./usr/share/alsa/ucm2/MediaTek/mtk-rt5650
d	drwxr-xr-x	ale	ale	862	./usr/lib/vlc/plugins/access
d	drwxr-xr-x	ale	ale	86	./usr/share/alsa/ucm2/codecs/qcom-lpass/wsa-macro
d	drwxr-xr-x	ale	ale	86	./usr/share/alsa/ucm2/Intel/kblrt5660
d	drwxr-xr-x	ale	ale	86	./usr/share/alsa/ucm2/Tegra/rt5640
d	drwxr-xr-x	ale	ale	86	./usr/share/pulseaudio/alsa-mixer/profile-sets
d	drwxr-xr-x	ale	ale	872	./usr/share/alsa/ucm2/conf.d
d	drwxr-xr-x	ale	ale	88	./usr/share/alsa/ucm2/USB-Audio
d	drwxr-xr-x	ale	ale	8	./usr/share/alsa/ucm2/NXP
d	drwxr-xr-x	ale	ale	8	./usr/share/alsa/ucm2/Samsung
d	drwxr-xr-x	ale	ale	8	./usr/share/icons/hicolor/128x128
d	drwxr-xr-x	ale	ale	8	./usr/share/icons/hicolor/16x16
d	drwxr-xr-x	ale	ale	8	./usr/share/icons/hicolor/256x256
d	drwxr-xr-x	ale	ale	8	./usr/share/icons/hicolor/32x32
d	drwxr-xr-x	ale	ale	8	./usr/share/icons/hicolor/48x48
d	drwxr-xr-x	ale	ale	8	./usr/share/kde4
d	drwxr-xr-x	ale	ale	8	./usr/share/licenses
d	drwxr-xr-x	ale	ale	8	./usr/share/terminfo/a
d	drwxr-xr-x	ale	ale	8	./usr/share/terminfo/d
d	drwxr-xr-x	ale	ale	90	./usr/share/alsa/ucm2/platforms/bytcr
d	drwxr-xr-x	ale	ale	914	./usr/share/zoneinfo/posix/Europe
d	drwxr-xr-x	ale	ale	914	./usr/share/zoneinfo/right/Europe
d	drwxr-xr-x	ale	ale	92	./etc/dbus-1/system.d
d	drwxr-xr-x	ale	ale	94	./usr/share/alsa/ucm2/Intel/skylake-rt286
d	drwxr-xr-x	ale	ale	9884	./usr/lib
f	-r--r--r--	ale	ale	1163	./usr/share/dhcpcd/hooks/50-yp.conf
f	-r--r--r--	ale	ale	2820	./usr/share/dhcpcd/hooks/10-wpa_supplicant
f	-r--r--r--	ale	ale	3750	./usr/lib/dhcpcd/dhcpcd-hooks/30-hostname
f	-r--r--r--	ale	ale	6158	./usr/lib/dhcpcd/dhcpcd-hooks/20-resolv.conf
f	-r--r--r--	ale	ale	734	./usr/lib/dhcpcd/dhcpcd-hooks/01-test
f	-r--r--r--	ale	ale	796	./usr/share/dhcpcd/hooks/29-lookup-hostname
f	-r--r--r--	ale	ale	8270774	./etc/udev/hwdb.bin
f	-r--r--r--	ale	ale	885	./usr/share/dhcpcd/hooks/15-timezone
f	-rw-------	ale	ale	0	./userdata/bluetooth/14:5D:34:35:F5:2D/settings
f	-rw-------	ale	ale	227	./etc/shadow
f	-rw-r--r--	ale	ale	0	./device-sysroot.manifest.tsv
f	-rw-r--r--	ale	ale	0	./.gitkeep
f	-rw-r--r--	ale	ale	0	./.skip_fsck
f	-rw-r--r--	ale	ale	0	./usr/share/alsa/ucm2/conf.virt.d/.gitignore
f	-rw-r--r--	ale	ale	1001	./usr/share/alsa/ucm2/codecs/rt5640/Speaker.conf
f	-rw-r--r--	ale	ale	1002	./usr/share/alsa/pcm/surround71.conf
f	-rw-r--r--	ale	ale	1003	./usr/share/alsa/pcm/surround50.conf
f	-rw-r--r--	ale	ale	1003	./usr/share/alsa/ucm2/OMAP/abe-twl6040/Pandaboard/HiFiLP.conf
f	-rw-r--r--	ale	ale	1004	./usr/share/alsa/pcm/surround41.conf
f	-rw-r--r--	ale	ale	1005	./usr/share/zoneinfo/posix/Asia/Oral
f	-rw-r--r--	ale	ale	1008	./usr/share/zoneinfo/right/America/Santo_Domingo
f	-rw-r--r--	ale	ale	10119	./usr/share/alsa/alsa.conf
f	-rw-r--r--	ale	ale	1011	./usr/share/zoneinfo/posix/Asia/Aqtobe
f	-rw-r--r--	ale	ale	1011	./usr/share/zoneinfo/posix/Asia/Qostanay
f	-rw-r--r--	ale	ale	1016	./usr/share/zoneinfo/right/Asia/Kuching
f	-rw-r--r--	ale	ale	1017	./usr/share/ca-certificates/mozilla/Hellenic_Academic_and_Research_Institutions_ECC_RootCA_2015.crt
f	-rw-r--r--	ale	ale	101	./usr/lib/udev/rules.d/88-rockchip-camera.rules
f	-rw-r--r--	ale	ale	1022	./usr/share/zoneinfo/right/Australia/Lindeman
f	-rw-r--r--	ale	ale	1024	./usr/share/zoneinfo/posix/America/Bahia
f	-rw-r--r--	ale	ale	1025	./usr/share/zoneinfo/posix/Asia/Qyzylorda
f	-rw-r--r--	ale	ale	1026	./etc/bluetooth/input.conf
f	-rw-r--r--	ale	ale	1027	./usr/share/alsa/ucm2/OMAP/abe-twl6040/Pandaboard/Pandaboard.conf
f	-rw-r--r--	ale	ale	1028	./usr/share/icons/icon_camera.png
f	-rw-r--r--	ale	ale	10293	./usr/share/fontconfig/conf.avail/65-fonts-persian.conf
f	-rw-r--r--	ale	ale	1032	./usr/share/zoneinfo/right/America/Jamaica
f	-rw-r--r--	ale	ale	1032	./usr/share/zoneinfo/right/Jamaica
f	-rw-r--r--	ale	ale	1035	./usr/share/zoneinfo/posix/Asia/Tbilisi
f	-rw-r--r--	ale	ale	1039	./usr/share/alsa/ucm2/USB-Audio/Realtek/ALC1220-VB-Desktop-HiFi.conf
f	-rw-r--r--	ale	ale	1041	./usr/share/zoneinfo/right/Pacific/Guam
f	-rw-r--r--	ale	ale	1041	./usr/share/zoneinfo/right/Pacific/Saipan
f	-rw-r--r--	ale	ale	1042	./usr/share/alsa/ucm2/codecs/rt5651/HeadPhones-swapped.conf
f	-rw-r--r--	ale	ale	1042	./usr/share/icons/icon_player.png
f	-rw-r--r--	ale	ale	1045	./usr/share/pulseaudio/alsa-mixer/paths/analog-input-headset-mic-rockchip.conf
f	-rw-r--r--	ale	ale	1048	./usr/share/gettext/its/gschema.its
f	-rw-r--r--	ale	ale	1048	./usr/share/zoneinfo/posix/America/Argentina/Jujuy
f	-rw-r--r--	ale	ale	1048	./usr/share/zoneinfo/posix/America/Argentina/Salta
f	-rw-r--r--	ale	ale	1048	./usr/share/zoneinfo/posix/America/Jujuy
f	-rw-r--r--	ale	ale	1050	./usr/share/zoneinfo/posix/America/Dawson_Creek
f	-rw-r--r--	ale	ale	1057	./usr/share/alsa/ucm2/USB-Audio/Dell/WD15-Dock-HiFi.conf
f	-rw-r--r--	ale	ale	105	./usr/share/alsa/ucm2/conf.d/rockchip-es8388/rockchip-es8388.conf
f	-rw-r--r--	ale	ale	105	./usr/share/alsa/ucm2/conf.d/rockchip-rk809/rockchip-rk809.conf
f	-rw-r--r--	ale	ale	105	./usr/share/alsa/ucm2/conf.d/rockchip-rk817/rockchip-rk817.conf
f	-rw-r--r--	ale	ale	1060	./usr/share/terminfo/x/xterm+256color
f	-rw-r--r--	ale	ale	1060	./usr/share/zoneinfo/posix/Africa/Accra
f	-rw-r--r--	ale	ale	10699	./usr/share/alsa/init/test
f	-rw-r--r--	ale	ale	1070	./usr/share/zoneinfo/right/Pacific/Efate
f	-rw-r--r--	ale	ale	1071	./usr/lib/udev/rules.d/60-cdrom_id.rules
f	-rw-r--r--	ale	ale	1076	./usr/share/zoneinfo/posix/America/Argentina/Buenos_Aires
f	-rw-r--r--	ale	ale	1076	./usr/share/zoneinfo/posix/America/Argentina/Catamarca
f	-rw-r--r--	ale	ale	1076	./usr/share/zoneinfo/posix/America/Argentina/ComodRivadavia
f	-rw-r--r--	ale	ale	1076	./usr/share/zoneinfo/posix/America/Argentina/Cordoba
f	-rw-r--r--	ale	ale	1076	./usr/share/zoneinfo/posix/America/Argentina/Mendoza
f	-rw-r--r--	ale	ale	1076	./usr/share/zoneinfo/posix/America/Argentina/Rio_Gallegos
f	-rw-r--r--	ale	ale	1076	./usr/share/zoneinfo/posix/America/Argentina/Ushuaia
f	-rw-r--r--	ale	ale	1076	./usr/share/zoneinfo/posix/America/Buenos_Aires
f	-rw-r--r--	ale	ale	1076	./usr/share/zoneinfo/posix/America/Catamarca
f	-rw-r--r--	ale	ale	1076	./usr/share/zoneinfo/posix/America/Cordoba
f	-rw-r--r--	ale	ale	1076	./usr/share/zoneinfo/posix/America/Mendoza
f	-rw-r--r--	ale	ale	1076	./usr/share/zoneinfo/posix/America/Rosario
f	-rw-r--r--	ale	ale	1077	./usr/share/zoneinfo/posix/Pacific/Fiji
f	-rw-r--r--	ale	ale	107	./usr/share/alsa/ucm2/Intel/chtmax98090/chtmax98090.conf
f	-rw-r--r--	ale	ale	10866	./usr/share/alsa/init/default
f	-rw-r--r--	ale	ale	1090	./usr/share/ca-certificates/mozilla/Entrust_Root_Certification_Authority_-_EC1.crt
f	-rw-r--r--	ale	ale	1090	./usr/share/zoneinfo/posix/America/Argentina/La_Rioja
f	-rw-r--r--	ale	ale	1090	./usr/share/zoneinfo/posix/America/Argentina/San_Juan
f	-rw-r--r--	ale	ale	1097	./usr/share/zoneinfo/posix/Pacific/Apia
f	-rw-r--r--	ale	ale	109	./usr/share/alsa/ucm2/Intel/bytcr-wm5102/bytcr-wm5102.conf
f	-rw-r--r--	ale	ale	1102	./usr/share/zoneinfo/posix/America/Argentina/San_Luis
f	-rw-r--r--	ale	ale	1104	./usr/share/zoneinfo/posix/America/Argentina/Tucuman
f	-rw-r--r--	ale	ale	1107	./usr/share/alsa/ucm2/Intel/sof-ehl-rt5660/HiFi.conf
f	-rw-r--r--	ale	ale	1109	./usr/share/alsa/ucm2/codecs/rt5640/HeadsetMic2-IN1.conf
f	-rw-r--r--	ale	ale	110	./usr/share/alsa/ucm2/Intel/bytcht-es8316/bytcht-es8316.conf
f	-rw-r--r--	ale	ale	111056	./usr/miyoo/bin/Exo-2-Bold-Italic.ttf
f	-rw-r--r--	ale	ale	1110	./usr/share/zoneinfo/right/America/Belem
f	-rw-r--r--	ale	ale	1110	./usr/share/zoneinfo/right/America/Porto_Velho
f	-rw-r--r--	ale	ale	1110	./usr/share/zoneinfo/right/America/Swift_Current
f	-rw-r--r--	ale	ale	1110	./usr/share/zoneinfo/right/Asia/Chongqing
f	-rw-r--r--	ale	ale	1110	./usr/share/zoneinfo/right/Asia/Chungking
f	-rw-r--r--	ale	ale	1110	./usr/share/zoneinfo/right/Asia/Harbin
f	-rw-r--r--	ale	ale	1110	./usr/share/zoneinfo/right/Asia/Samarkand
f	-rw-r--r--	ale	ale	1110	./usr/share/zoneinfo/right/Asia/Shanghai
f	-rw-r--r--	ale	ale	1110	./usr/share/zoneinfo/right/Pacific/Rarotonga
f	-rw-r--r--	ale	ale	1110	./usr/share/zoneinfo/right/PRC
f	-rw-r--r--	ale	ale	111	./usr/share/alsa/ucm2/conf.d/rockchip-dp0/rockchip-dp0.conf
f	-rw-r--r--	ale	ale	111	./usr/share/alsa/ucm2/conf.d/rockchip-dp1/rockchip-dp1.conf
f	-rw-r--r--	ale	ale	111	./usr/share/alsa/ucm2/Intel/bytcht-cx2072x/bytcht-cx2072x.conf
f	-rw-r--r--	ale	ale	1122	./usr/share/alsa/ucm2/Intel/bytcr-rt5640/HiFi-Components.conf
f	-rw-r--r--	ale	ale	1124	./usr/share/zoneinfo/right/Asia/Dushanbe
f	-rw-r--r--	ale	ale	1124	./usr/share/zoneinfo/right/Asia/Tashkent
f	-rw-r--r--	ale	ale	1124	./usr/share/zoneinfo/right/Pacific/Fiji
f	-rw-r--r--	ale	ale	112	./usr/share/alsa/ucm2/Intel/broadwell-rt286/broadwell-rt286.conf
f	-rw-r--r--	ale	ale	112	./usr/share/alsa/ucm2/Samsung/snow/snow.conf
f	-rw-r--r--	ale	ale	1134	./usr/share/alsa/ucm2/Qualcomm/sm8250/HiFi.conf
f	-rw-r--r--	ale	ale	1135	./usr/share/alsa/ucm2/HDA/Hdmi.conf
f	-rw-r--r--	ale	ale	1136	./usr/share/zoneinfo/right/America/Santarem
f	-rw-r--r--	ale	ale	1138	./usr/share/zoneinfo/right/America/Manaus
f	-rw-r--r--	ale	ale	1138	./usr/share/zoneinfo/right/Brazil/West
f	-rw-r--r--	ale	ale	1141	./usr/share/alsa/ucm2/HDA/HDA.conf
f	-rw-r--r--	ale	ale	114	./usr/share/alsa/init/postinit
f	-rw-r--r--	ale	ale	114	./usr/share/zoneinfo/posix/EST
f	-rw-r--r--	ale	ale	114	./usr/share/zoneinfo/posix/Etc/GMT
f	-rw-r--r--	ale	ale	114	./usr/share/zoneinfo/posix/Etc/GMT+0
f	-rw-r--r--	ale	ale	114	./usr/share/zoneinfo/posix/Etc/GMT-0
f	-rw-r--r--	ale	ale	114	./usr/share/zoneinfo/posix/Etc/GMT0
f	-rw-r--r--	ale	ale	114	./usr/share/zoneinfo/posix/Etc/Greenwich
f	-rw-r--r--	ale	ale	114	./usr/share/zoneinfo/posix/Etc/UCT
f	-rw-r--r--	ale	ale	114	./usr/share/zoneinfo/posix/Etc/Universal
f	-rw-r--r--	ale	ale	114	./usr/share/zoneinfo/posix/Etc/UTC
f	-rw-r--r--	ale	ale	114	./usr/share/zoneinfo/posix/Etc/Zulu
f	-rw-r--r--	ale	ale	114	./usr/share/zoneinfo/posix/GMT
f	-rw-r--r--	ale	ale	114	./usr/share/zoneinfo/posix/GMT+0
f	-rw-r--r--	ale	ale	114	./usr/share/zoneinfo/posix/GMT-0
f	-rw-r--r--	ale	ale	114	./usr/share/zoneinfo/posix/GMT0
f	-rw-r--r--	ale	ale	114	./usr/share/zoneinfo/posix/Greenwich
f	-rw-r--r--	ale	ale	114	./usr/share/zoneinfo/posix/MST
f	-rw-r--r--	ale	ale	114	./usr/share/zoneinfo/posix/UCT
f	-rw-r--r--	ale	ale	114	./usr/share/zoneinfo/posix/Universal
f	-rw-r--r--	ale	ale	114	./usr/share/zoneinfo/posix/UTC
f	-rw-r--r--	ale	ale	114	./usr/share/zoneinfo/posix/Zulu
f	-rw-r--r--	ale	ale	1151	./usr/share/zoneinfo/posix/Asia/Yerevan
f	-rw-r--r--	ale	ale	1152	./usr/share/alsa/cards/PS3.conf
f	-rw-r--r--	ale	ale	1152	./usr/share/zoneinfo/right/Asia/Ashgabat
f	-rw-r--r--	ale	ale	1152	./usr/share/zoneinfo/right/Asia/Ashkhabad
f	-rw-r--r--	ale	ale	1153	./usr/share/alsa/ucm2/USB-Audio/Gigabyte/Aorus-Master-Main-Audio-HiFi.conf
f	-rw-r--r--	ale	ale	1153	./usr/share/zoneinfo/posix/Europe/Kirov
f	-rw-r--r--	ale	ale	1154	./usr/share/openal/presets/square.ambdec
f	-rw-r--r--	ale	ale	1156	./usr/share/alsa/ucm2/sof-soundwire/sof-soundwire.conf
f	-rw-r--r--	ale	ale	1157	./usr/share/openal/presets/rectangle.ambdec
f	-rw-r--r--	ale	ale	1158	./usr/share/zoneinfo/right/Pacific/Apia
f	-rw-r--r--	ale	ale	115	./usr/share/alsa/ucm2/HDA/HDA-Capture-value.conf
f	-rw-r--r--	ale	ale	115	./usr/share/zoneinfo/posix/HST
f	-rw-r--r--	ale	ale	1162	./usr/share/zoneinfo/posix/Antarctica/Troll
f	-rw-r--r--	ale	ale	1162	./usr/share/zoneinfo/posix/Atlantic/Reykjavik
f	-rw-r--r--	ale	ale	1162	./usr/share/zoneinfo/posix/Iceland
f	-rw-r--r--	ale	ale	1162	./usr/share/zoneinfo/right/America/Porto_Acre
f	-rw-r--r--	ale	ale	1162	./usr/share/zoneinfo/right/America/Rio_Branco
f	-rw-r--r--	ale	ale	1162	./usr/share/zoneinfo/right/Brazil/Acre
f	-rw-r--r--	ale	ale	1165	./usr/share/zoneinfo/posix/Asia/Novokuznetsk
f	-rw-r--r--	ale	ale	1165	./usr/share/zoneinfo/posix/Europe/Astrakhan
f	-rw-r--r--	ale	ale	1165	./usr/share/zoneinfo/posix/Europe/Volgograd
f	-rw-r--r--	ale	ale	1166	./usr/share/zoneinfo/posix/Asia/Kamchatka
f	-rw-r--r--	ale	ale	1166	./usr/share/zoneinfo/right/America/Boa_Vista
f	-rw-r--r--	ale	ale	1166	./usr/share/zoneinfo/right/Asia/Seoul
f	-rw-r--r--	ale	ale	1166	./usr/share/zoneinfo/right/ROK
f	-rw-r--r--	ale	ale	1168	./usr/share/ca-certificates/mozilla/Hongkong_Post_Root_CA_1.crt
f	-rw-r--r--	ale	ale	116	./usr/share/zoneinfo/posix/Etc/GMT+1
f	-rw-r--r--	ale	ale	116	./usr/share/zoneinfo/posix/Etc/GMT+2
f	-rw-r--r--	ale	ale	116	./usr/share/zoneinfo/posix/Etc/GMT+3
f	-rw-r--r--	ale	ale	116	./usr/share/zoneinfo/posix/Etc/GMT+4
f	-rw-r--r--	ale	ale	116	./usr/share/zoneinfo/posix/Etc/GMT+5
f	-rw-r--r--	ale	ale	116	./usr/share/zoneinfo/posix/Etc/GMT+6
f	-rw-r--r--	ale	ale	116	./usr/share/zoneinfo/posix/Etc/GMT+7
f	-rw-r--r--	ale	ale	116	./usr/share/zoneinfo/posix/Etc/GMT+8
f	-rw-r--r--	ale	ale	116	./usr/share/zoneinfo/posix/Etc/GMT+9
f	-rw-r--r--	ale	ale	116	./usr/share/zoneinfo/posix/Factory
f	-rw-r--r--	ale	ale	1171	./usr/share/alsa/init/rt5651
f	-rw-r--r--	ale	ale	1174	./usr/lib/udev/rules.d/61-partition-init.rules
f	-rw-r--r--	ale	ale	1174	./usr/share/zoneinfo/right/Africa/Tripoli
f	-rw-r--r--	ale	ale	1174	./usr/share/zoneinfo/right/Libya
f	-rw-r--r--	ale	ale	1175	./usr/share/alsa/ucm2/codecs/rt5640/IN1-InternalMic.conf
f	-rw-r--r--	ale	ale	1175	./usr/share/alsa/ucm2/codecs/rt5640/IN3-InternalMic.conf
f	-rw-r--r--	ale	ale	1176	./usr/share/ca-certificates/mozilla/certSIGN_ROOT_CA.crt
f	-rw-r--r--	ale	ale	117	./usr/share/alsa/ucm2/Tegra/max98090/max98090.conf
f	-rw-r--r--	ale	ale	117	./usr/share/zoneinfo/posix/Etc/GMT-1
f	-rw-r--r--	ale	ale	117	./usr/share/zoneinfo/posix/Etc/GMT+10
f	-rw-r--r--	ale	ale	117	./usr/share/zoneinfo/posix/Etc/GMT+11
f	-rw-r--r--	ale	ale	117	./usr/share/zoneinfo/posix/Etc/GMT+12
f	-rw-r--r--	ale	ale	117	./usr/share/zoneinfo/posix/Etc/GMT-2
f	-rw-r--r--	ale	ale	117	./usr/share/zoneinfo/posix/Etc/GMT-3
f	-rw-r--r--	ale	ale	117	./usr/share/zoneinfo/posix/Etc/GMT-4
f	-rw-r--r--	ale	ale	117	./usr/share/zoneinfo/posix/Etc/GMT-5
f	-rw-r--r--	ale	ale	117	./usr/share/zoneinfo/posix/Etc/GMT-6
f	-rw-r--r--	ale	ale	117	./usr/share/zoneinfo/posix/Etc/GMT-7
f	-rw-r--r--	ale	ale	117	./usr/share/zoneinfo/posix/Etc/GMT-8
f	-rw-r--r--	ale	ale	117	./usr/share/zoneinfo/posix/Etc/GMT-9
f	-rw-r--r--	ale	ale	1182	./etc/dbus-1/system.d/bluetooth.conf
f	-rw-r--r--	ale	ale	1183	./usr/share/zoneinfo/posix/Europe/Saratov
f	-rw-r--r--	ale	ale	1184	./usr/share/terminfo/v/vt102
f	-rw-r--r--	ale	ale	1186	./usr/share/alsa/pcm/hdmi.conf
f	-rw-r--r--	ale	ale	1188	./usr/share/ca-certificates/mozilla/Amazon_Root_CA_1.crt
f	-rw-r--r--	ale	ale	1188	./usr/share/zoneinfo/posix/Asia/Anadyr
f	-rw-r--r--	ale	ale	118	./usr/share/zoneinfo/posix/Etc/GMT-10
f	-rw-r--r--	ale	ale	118	./usr/share/zoneinfo/posix/Etc/GMT-11
f	-rw-r--r--	ale	ale	118	./usr/share/zoneinfo/posix/Etc/GMT-12
f	-rw-r--r--	ale	ale	118	./usr/share/zoneinfo/posix/Etc/GMT-13
f	-rw-r--r--	ale	ale	118	./usr/share/zoneinfo/posix/Etc/GMT-14
f	-rw-r--r--	ale	ale	1190	./usr/lib/udev/rules.d/60-serial.rules
f	-rw-r--r--	ale	ale	1190	./usr/share/terminfo/v/vt100
f	-rw-r--r--	ale	ale	1190	./usr/share/zoneinfo/right/America/Eirunepe
f	-rw-r--r--	ale	ale	1199	./usr/share/alsa/cards/VIA686A.conf
f	-rw-r--r--	ale	ale	1199	./usr/share/alsa/ucm2/sof-soundwire/rt5682.conf
f	-rw-r--r--	ale	ale	1199	./usr/share/alsa/ucm2/Tegra/alc5632/alc5632.conf
f	-rw-r--r--	ale	ale	1199	./usr/share/terminfo/v/vt100-putty
f	-rw-r--r--	ale	ale	1201	./usr/share/alsa/ucm2/codecs/rt5640/DigitalMics.conf
f	-rw-r--r--	ale	ale	1201	./usr/share/alsa/ucm2/codecs/rt5640/HeadsetMic.conf
f	-rw-r--r--	ale	ale	1202	./usr/share/zoneinfo/posix/Asia/Sakhalin
f	-rw-r--r--	ale	ale	1203	./usr/share/zoneinfo/posix/Asia/Hong_Kong
f	-rw-r--r--	ale	ale	1203	./usr/share/zoneinfo/posix/Hongkong
f	-rw-r--r--	ale	ale	1204	./usr/share/ca-certificates/mozilla/AffirmTrust_Commercial.crt
f	-rw-r--r--	ale	ale	1204	./usr/share/ca-certificates/mozilla/AffirmTrust_Networking.crt
f	-rw-r--r--	ale	ale	1207	./usr/share/zoneinfo/posix/Asia/Krasnoyarsk
f	-rw-r--r--	ale	ale	1207	./usr/share/zoneinfo/posix/Asia/Omsk
f	-rw-r--r--	ale	ale	1207	./usr/share/zoneinfo/posix/Asia/Yakutsk
f	-rw-r--r--	ale	ale	1208	./usr/share/zoneinfo/posix/Asia/Srednekolymsk
f	-rw-r--r--	ale	ale	1208	./usr/share/zoneinfo/posix/Asia/Vladivostok
f	-rw-r--r--	ale	ale	120	./etc/bluetooth/network.conf
f	-rw-r--r--	ale	ale	1214	./usr/share/zoneinfo/posix/Atlantic/Stanley
f	-rw-r--r--	ale	ale	1215	./usr/share/zoneinfo/posix/Europe/Samara
f	-rw-r--r--	ale	ale	1218	./usr/share/alsa/pcm/iec958.conf
f	-rw-r--r--	ale	ale	1221	./usr/share/zoneinfo/posix/Asia/Barnaul
f	-rw-r--r--	ale	ale	1221	./usr/share/zoneinfo/posix/Asia/Chita
f	-rw-r--r--	ale	ale	1221	./usr/share/zoneinfo/posix/Asia/Novosibirsk
f	-rw-r--r--	ale	ale	1221	./usr/share/zoneinfo/posix/Asia/Tomsk
f	-rw-r--r--	ale	ale	1222	./usr/share/zoneinfo/posix/Asia/Magadan
f	-rw-r--r--	ale	ale	1222	./usr/share/zoneinfo/right/Antarctica/Troll
f	-rw-r--r--	ale	ale	1224	./usr/share/ca-certificates/mozilla/Security_Communication_Root_CA.crt
f	-rw-r--r--	ale	ale	1226	./usr/share/xml/dbus-1/introspect.dtd
f	-rw-r--r--	ale	ale	1227	./usr/share/alsa/cards/FM801.conf
f	-rw-r--r--	ale	ale	1227	./usr/share/zoneinfo/posix/Asia/Baku
f	-rw-r--r--	ale	ale	1227	./usr/share/zoneinfo/posix/Asia/Macao
f	-rw-r--r--	ale	ale	1227	./usr/share/zoneinfo/posix/Asia/Macau
f	-rw-r--r--	ale	ale	1228	./usr/share/zoneinfo/right/Africa/Juba
f	-rw-r--r--	ale	ale	1228	./usr/share/zoneinfo/right/Africa/Khartoum
f	-rw-r--r--	ale	ale	1229	./usr/share/ca-certificates/mozilla/GlobalSign_Root_CA_-_R3.crt
f	-rw-r--r--	ale	ale	122	./usr/share/alsa/ucm2/conf.d/rockchip-hdmi0/rockchip-hdmi0.conf
f	-rw-r--r--	ale	ale	122	./usr/share/alsa/ucm2/conf.d/rockchip-hdmi1/rockchip-hdmi1.conf
f	-rw-r--r--	ale	ale	122	./usr/share/alsa/ucm2/Intel/chtrt5650/chtrt5650.conf
f	-rw-r--r--	ale	ale	1235	./usr/share/pulseaudio/alsa-mixer/profile-sets/pulse-rockchip.conf
f	-rw-r--r--	ale	ale	1238	./usr/share/zoneinfo/right/Africa/Tunis
f	-rw-r--r--	ale	ale	1243	./usr/share/alsa/ucm2/sof-soundwire/rt1316-2.conf
f	-rw-r--r--	ale	ale	1243	./usr/share/zoneinfo/posix/Asia/Irkutsk
f	-rw-r--r--	ale	ale	1243	./usr/share/zoneinfo/posix/Asia/Yekaterinburg
f	-rw-r--r--	ale	ale	1248	./usr/share/zoneinfo/right/America/Danmarkshavn
f	-rw-r--r--	ale	ale	1249	./usr/share/ca-certificates/mozilla/SecureSign_RootCA11.crt
f	-rw-r--r--	ale	ale	124	./usr/share/alsa/ucm2/Rockchip/max98090/max98090.conf
f	-rw-r--r--	ale	ale	1250	./usr/share/zoneinfo/right/America/Fortaleza
f	-rw-r--r--	ale	ale	1250	./usr/share/zoneinfo/right/America/Noronha
f	-rw-r--r--	ale	ale	1250	./usr/share/zoneinfo/right/America/Recife
f	-rw-r--r--	ale	ale	1250	./usr/share/zoneinfo/right/Brazil/DeNoronha
f	-rw-r--r--	ale	ale	1252	./usr/share/zoneinfo/posix/Asia/Ust-Nera
f	-rw-r--r--	ale	ale	1257	./usr/share/ca-certificates/mozilla/emSign_Root_CA_-_C1.crt
f	-rw-r--r--	ale	ale	1257	./usr/share/ca-certificates/mozilla/SZAFIR_ROOT_CA2.crt
f	-rw-r--r--	ale	ale	125	./usr/share/alsa/ucm2/codecs/qcom-lpass/va-macro/DMIC0DisableSeq.conf
f	-rw-r--r--	ale	ale	125	./usr/share/alsa/ucm2/USB-Audio/GoXLR/GoXLR.conf
f	-rw-r--r--	ale	ale	1261	./usr/share/ca-certificates/mozilla/Atos_TrustedRoot_2011.crt
f	-rw-r--r--	ale	ale	1261	./usr/share/ca-certificates/mozilla/Baltimore_CyberTrust_Root.crt
f	-rw-r--r--	ale	ale	1261	./usr/share/ca-certificates/mozilla/GlobalSign_Root_CA.crt
f	-rw-r--r--	ale	ale	1261	./usr/share/ca-certificates/mozilla/Security_Communication_RootCA2.crt
f	-rw-r--r--	ale	ale	1262	./usr/share/alsa/init/rt5640
f	-rw-r--r--	ale	ale	1267	./usr/share/zoneinfo/posix/Europe/Ulyanovsk
f	-rw-r--r--	ale	ale	1269	./usr/share/ca-certificates/mozilla/TWCA_Root_Certification_Authority.crt
f	-rw-r--r--	ale	ale	126	./etc/xdg/weston/weston.ini.d/02-desktop.ini
f	-rw-r--r--	ale	ale	1271	./usr/share/zoneinfo/posix/Asia/Khandyga
f	-rw-r--r--	ale	ale	1272	./usr/share/alsa/cards/Loopback.conf
f	-rw-r--r--	ale	ale	1275	./usr/share/alsa/init/rt5616
f	-rw-r--r--	ale	ale	1278	./usr/share/zoneinfo/right/America/Maceio
f	-rw-r--r--	ale	ale	127	./usr/share/alsa/ucm2/codecs/qcom-lpass/va-macro/DMIC0EnableSeq.conf
f	-rw-r--r--	ale	ale	127	./usr/share/alsa/ucm2/Intel/chtnau8824/chtnau8824.conf
f	-rw-r--r--	ale	ale	1284	./usr/share/zoneinfo/right/Africa/Algiers
f	-rw-r--r--	ale	ale	1290	./usr/share/alsa/ucm2/codecs/es8316/MonoSpeaker.conf
f	-rw-r--r--	ale	ale	12929	./etc/bluetooth/main.conf
f	-rw-r--r--	ale	ale	1294	./usr/share/ca-certificates/mozilla/DigiCert_Global_Root_G2.crt
f	-rw-r--r--	ale	ale	129	./usr/share/alsa/ucm2/Rockchip/rk3399-gru-sound/rk3399-gru-sound.conf
f	-rw-r--r--	ale	ale	1302	./usr/share/ca-certificates/mozilla/emSign_Root_CA_-_G1.crt
f	-rw-r--r--	ale	ale	1305	./usr/share/icons/icon_glmark2.png
f	-rw-r--r--	ale	ale	1306	./usr/share/ca-certificates/mozilla/DigiCert_Assured_ID_Root_G2.crt
f	-rw-r--r--	ale	ale	1310	./usr/share/zoneinfo/right/Asia/Taipei
f	-rw-r--r--	ale	ale	1310	./usr/share/zoneinfo/right/ROC
f	-rw-r--r--	ale	ale	1312	./usr/share/alsa/pcm/modem.conf
f	-rw-r--r--	ale	ale	1316	./usr/share/alsa/ucm2/Intel/bytcr-rt5651/HiFi-LongName.conf
f	-rw-r--r--	ale	ale	1318	./usr/share/ca-certificates/mozilla/Cybertrust_Global_Root.crt
f	-rw-r--r--	ale	ale	1319	./usr/share/alsa/ucm2/Intel/broxton-rt298/broxton-rt298.conf
f	-rw-r--r--	ale	ale	1321	./usr/share/zoneinfo/posix/Europe/Minsk
f	-rw-r--r--	ale	ale	13274	./usr/share/fontconfig/conf.avail/30-metric-aliases.conf
f	-rw-r--r--	ale	ale	1330	./usr/share/ca-certificates/mozilla/Certigna.crt
f	-rw-r--r--	ale	ale	1332	./usr/share/zoneinfo/right/America/Cancun
f	-rw-r--r--	ale	ale	1338	./usr/share/ca-certificates/mozilla/DigiCert_Global_Root_CA.crt
f	-rw-r--r--	ale	ale	1339	./usr/share/alsa/ucm2/Rockchip/es8316/HiFi.conf
f	-rw-r--r--	ale	ale	1341	./usr/share/alsa/init/ca0106
f	-rw-r--r--	ale	ale	1346	./usr/share/ca-certificates/mozilla/OISTE_WISeKey_Global_Root_GB_CA.crt
f	-rw-r--r--	ale	ale	1350	./usr/share/ca-certificates/mozilla/DigiCert_Assured_ID_Root_CA.crt
f	-rw-r--r--	ale	ale	1350	./usr/share/ca-certificates/mozilla/SecureTrust_CA.crt
f	-rw-r--r--	ale	ale	1354	./usr/share/ca-certificates/mozilla/Certum_Trusted_Network_CA.crt
f	-rw-r--r--	ale	ale	1354	./usr/share/ca-certificates/mozilla/GlobalSign_Root_CA_-_R2.crt
f	-rw-r--r--	ale	ale	1354	./usr/share/ca-certificates/mozilla/Secure_Global_CA.crt
f	-rw-r--r--	ale	ale	1356	./usr/share/alsa/ucm2/OMAP/abe-twl6040/Pandaboard/HiFi.conf
f	-rw-r--r--	ale	ale	1356	./usr/share/bash-completion/completions/gresource
f	-rw-r--r--	ale	ale	1357	./usr/share/alsa/cards/YMF744.conf
f	-rw-r--r--	ale	ale	1367	./usr/share/alsa/cards/ENS1370.conf
f	-rw-r--r--	ale	ale	1367	./usr/share/ca-certificates/mozilla/DigiCert_High_Assurance_EV_Root_CA.crt
f	-rw-r--r--	ale	ale	1367	./usr/share/ca-certificates/mozilla/Go_Daddy_Root_Certificate_Authority_-_G2.crt
f	-rw-r--r--	ale	ale	1367	./usr/share/ca-certificates/mozilla/T-TeleSec_GlobalRoot_Class_2.crt
f	-rw-r--r--	ale	ale	1367	./usr/share/ca-certificates/mozilla/T-TeleSec_GlobalRoot_Class_3.crt
f	-rw-r--r--	ale	ale	1377	./usr/share/terminfo/v/vt200
f	-rw-r--r--	ale	ale	1377	./usr/share/terminfo/v/vt220
f	-rw-r--r--	ale	ale	13884	./usr/miyoo/bin/sound/change.wav
f	-rw-r--r--	ale	ale	1388	./usr/share/pulseaudio/alsa-mixer/profile-sets/pulse-rockchip-hdmi.conf
f	-rw-r--r--	ale	ale	1389	./usr/share/bash-completion/completions/gapplication
f	-rw-r--r--	ale	ale	1390	./usr/share/zoneinfo/posix/America/Matamoros
f	-rw-r--r--	ale	ale	1390	./usr/share/zoneinfo/posix/America/Monterrey
f	-rw-r--r--	ale	ale	1392	./usr/share/alsa/ucm2/OMAP/abe-twl6040/SDP4430/HiFi.conf
f	-rw-r--r--	ale	ale	1397	./usr/share/alsa/ucm2/Intel/chtnau8824/HiFi.conf
f	-rw-r--r--	ale	ale	13981	./usr/share/icons/hicolor/128x128/apps/vlc-kb.png
f	-rw-r--r--	ale	ale	1399	./usr/share/ca-certificates/mozilla/Starfield_Root_Certificate_Authority_-_G2.crt
f	-rw-r--r--	ale	ale	1401490	./usr/miyoo/bin/sound/bgm.mp3
f	-rw-r--r--	ale	ale	1411	./usr/share/ca-certificates/mozilla/Network_Solutions_Certificate_Authority.crt
f	-rw-r--r--	ale	ale	1413	./usr/share/alsa/ucm2/conf.d/rockchip-rk809/HiFi.conf
f	-rw-r--r--	ale	ale	1413	./usr/share/alsa/ucm2/conf.d/rockchip-rk817/HiFi.conf
f	-rw-r--r--	ale	ale	1414	./usr/share/zoneinfo/posix/America/Indiana/Vevay
f	-rw-r--r--	ale	ale	1416	./usr/share/zoneinfo/posix/America/Cuiaba
f	-rw-r--r--	ale	ale	1418	./usr/share/zoneinfo/posix/Antarctica/Palmer
f	-rw-r--r--	ale	ale	1418	./usr/share/zoneinfo/right/America/Araguaina
f	-rw-r--r--	ale	ale	1419	./usr/share/alsa/ucm2/Intel/bytcr-rt5651/HiFi-Components.conf
f	-rw-r--r--	ale	ale	1422	./usr/share/zoneinfo/posix/America/Merida
f	-rw-r--r--	ale	ale	1423	./usr/share/zoneinfo/posix/America/Metlakatla
f	-rw-r--r--	ale	ale	1424	./usr/share/ca-certificates/mozilla/Starfield_Services_Root_Certificate_Authority_-_G2.crt
f	-rw-r--r--	ale	ale	1424	./usr/share/zoneinfo/right/Asia/Hovd
f	-rw-r--r--	ale	ale	1424	./usr/share/zoneinfo/right/Asia/Ulaanbaatar
f	-rw-r--r--	ale	ale	1424	./usr/share/zoneinfo/right/Asia/Ulan_Bator
f	-rw-r--r--	ale	ale	1428	./usr/share/alsa/cards/vc4-hdmi.conf
f	-rw-r--r--	ale	ale	1434	./usr/share/zoneinfo/posix/America/Port-au-Prince
f	-rw-r--r--	ale	ale	1439	./usr/share/alsa/ucm2/Intel/skylake-rt286/skylake-rt286.conf
f	-rw-r--r--	ale	ale	1444	./usr/share/zoneinfo/posix/America/Campo_Grande
f	-rw-r--r--	ale	ale	1444	./usr/share/zoneinfo/posix/America/Sao_Paulo
f	-rw-r--r--	ale	ale	1444	./usr/share/zoneinfo/posix/Brazil/East
f	-rw-r--r--	ale	ale	1448	./usr/share/ca-certificates/mozilla/Go_Daddy_Class_2_CA.crt
f	-rw-r--r--	ale	ale	1448	./usr/share/zoneinfo/right/Africa/El_Aaiun
f	-rw-r--r--	ale	ale	1453	./usr/share/zoneinfo/posix/Europe/Simferopol
f	-rw-r--r--	ale	ale	1460	./usr/share/ca-certificates/mozilla/Microsec_e-Szigno_Root_CA_2009.crt
f	-rw-r--r--	ale	ale	1466	./usr/share/alsa/ucm2/Intel/sof-ehl-rt5660/Hdmi.conf
f	-rw-r--r--	ale	ale	1468	./usr/share/ca-certificates/mozilla/Starfield_Class_2_CA.crt
f	-rw-r--r--	ale	ale	1474	./usr/share/zoneinfo/right/America/Matamoros
f	-rw-r--r--	ale	ale	1474	./usr/share/zoneinfo/right/America/Monterrey
f	-rw-r--r--	ale	ale	1476	./usr/share/ca-certificates/mozilla/NetLock_Arany_=Class_Gold=_Főtanúsítvány.crt
f	-rw-r--r--	ale	ale	147	./usr/share/alsa/ucm2/USB-Audio/Dell/WD15-Dock.conf
f	-rw-r--r--	ale	ale	1480	./usr/share/alsa/cards/VXPocket440.conf
f	-rw-r--r--	ale	ale	1481	./usr/share/alsa/ucm2/Intel/sof-hda-dsp/sof-hda-dsp.conf
f	-rw-r--r--	ale	ale	1481	./usr/share/terminfo/a/ansi
f	-rw-r--r--	ale	ale	1482	./usr/share/zoneinfo/right/Asia/Choibalsan
f	-rw-r--r--	ale	ale	1483	./usr/share/openal/presets/itu5.1.ambdec
f	-rw-r--r--	ale	ale	1484	./usr/share/zoneinfo/posix/America/Chihuahua
f	-rw-r--r--	ale	ale	1484	./usr/share/zoneinfo/posix/America/Ojinaga
f	-rw-r--r--	ale	ale	1487	./usr/share/alsa/cards/aliases.conf
f	-rw-r--r--	ale	ale	1489	./usr/share/ca-certificates/mozilla/COMODO_Certification_Authority.crt
f	-rw-r--r--	ale	ale	148	./usr/share/zoneinfo/posix/Africa/Abidjan
f	-rw-r--r--	ale	ale	148	./usr/share/zoneinfo/posix/Africa/Bamako
f	-rw-r--r--	ale	ale	148	./usr/share/zoneinfo/posix/Africa/Banjul
f	-rw-r--r--	ale	ale	148	./usr/share/zoneinfo/posix/Africa/Conakry
f	-rw-r--r--	ale	ale	148	./usr/share/zoneinfo/posix/Africa/Dakar
f	-rw-r--r--	ale	ale	148	./usr/share/zoneinfo/posix/Africa/Freetown
f	-rw-r--r--	ale	ale	148	./usr/share/zoneinfo/posix/Africa/Lome
f	-rw-r--r--	ale	ale	148	./usr/share/zoneinfo/posix/Africa/Nouakchott
f	-rw-r--r--	ale	ale	148	./usr/share/zoneinfo/posix/Africa/Ouagadougou
f	-rw-r--r--	ale	ale	148	./usr/share/zoneinfo/posix/Africa/Timbuktu
f	-rw-r--r--	ale	ale	148	./usr/share/zoneinfo/posix/America/Anguilla
f	-rw-r--r--	ale	ale	148	./usr/share/zoneinfo/posix/America/Antigua
f	-rw-r--r--	ale	ale	148	./usr/share/zoneinfo/posix/America/Dominica
f	-rw-r--r--	ale	ale	148	./usr/share/zoneinfo/posix/America/Grenada
f	-rw-r--r--	ale	ale	148	./usr/share/zoneinfo/posix/America/Guadeloupe
f	-rw-r--r--	ale	ale	148	./usr/share/zoneinfo/posix/America/Marigot
f	-rw-r--r--	ale	ale	148	./usr/share/zoneinfo/posix/America/Montserrat
f	-rw-r--r--	ale	ale	148	./usr/share/zoneinfo/posix/America/Port_of_Spain
f	-rw-r--r--	ale	ale	148	./usr/share/zoneinfo/posix/America/St_Barthelemy
f	-rw-r--r--	ale	ale	148	./usr/share/zoneinfo/posix/America/St_Kitts
f	-rw-r--r--	ale	ale	148	./usr/share/zoneinfo/posix/America/St_Lucia
f	-rw-r--r--	ale	ale	148	./usr/share/zoneinfo/posix/America/St_Thomas
f	-rw-r--r--	ale	ale	148	./usr/share/zoneinfo/posix/America/St_Vincent
f	-rw-r--r--	ale	ale	148	./usr/share/zoneinfo/posix/America/Tortola
f	-rw-r--r--	ale	ale	148	./usr/share/zoneinfo/posix/America/Virgin
f	-rw-r--r--	ale	ale	148	./usr/share/zoneinfo/posix/Atlantic/St_Helena
f	-rw-r--r--	ale	ale	14904	./usr/share/applications/vlc.desktop
f	-rw-r--r--	ale	ale	1493	./usr/share/ca-certificates/mozilla/TrustCor_ECA-1.crt
f	-rw-r--r--	ale	ale	1493	./usr/share/zoneinfo/posix/Europe/Kaliningrad
f	-rw-r--r--	ale	ale	1494	./usr/share/alsa/init/hda
f	-rw-r--r--	ale	ale	1498	./usr/share/zoneinfo/right/America/Indiana/Vevay
f	-rw-r--r--	ale	ale	149	./usr/share/zoneinfo/posix/Africa/Blantyre
f	-rw-r--r--	ale	ale	149	./usr/share/zoneinfo/posix/Africa/Bujumbura
f	-rw-r--r--	ale	ale	149	./usr/share/zoneinfo/posix/Africa/Gaborone
f	-rw-r--r--	ale	ale	149	./usr/share/zoneinfo/posix/Africa/Harare
f	-rw-r--r--	ale	ale	149	./usr/share/zoneinfo/posix/Africa/Kigali
f	-rw-r--r--	ale	ale	149	./usr/share/zoneinfo/posix/Africa/Lubumbashi
f	-rw-r--r--	ale	ale	149	./usr/share/zoneinfo/posix/Africa/Lusaka
f	-rw-r--r--	ale	ale	149	./usr/share/zoneinfo/posix/Africa/Maputo
f	-rw-r--r--	ale	ale	1502	./usr/share/alsa/cards/SB-XFi.conf
f	-rw-r--r--	ale	ale	1502	./usr/share/alsa/ucm2/Tegra/alc5632/Record.conf
f	-rw-r--r--	ale	ale	1502	./usr/share/zoneinfo/posix/America/Thule
f	-rw-r--r--	ale	ale	1504	./usr/share/zoneinfo/right/Africa/Windhoek
f	-rw-r--r--	ale	ale	1505	./usr/share/ca-certificates/mozilla/Entrust.net_Premium_2048_Secure_Server_CA.crt
f	-rw-r--r--	ale	ale	1505	./usr/share/zoneinfo/right/America/Metlakatla
f	-rw-r--r--	ale	ale	1506	./usr/share/zoneinfo/right/America/Merida
f	-rw-r--r--	ale	ale	1509	./usr/lib/udev/rules.d/60-persistent-storage-tape.rules
f	-rw-r--r--	ale	ale	1509	./usr/share/alsa/cards/HdmiLpeAudio.conf
f	-rw-r--r--	ale	ale	1509	./usr/share/alsa/ucm2/codecs/rt5645/EnableSeq.conf
f	-rw-r--r--	ale	ale	150	./usr/share/alsa/ucm2/USB-Audio/Dell/Desktop-Rear.conf
f	-rw-r--r--	ale	ale	150	./usr/share/pulseaudio/alsa-mixer/paths/analog-output-headphones-rockchip.conf
f	-rw-r--r--	ale	ale	1510	./usr/share/icons/hicolor/32x32/apps/vlc.png
f	-rw-r--r--	ale	ale	1510	./usr/share/zoneinfo/posix/America/Montevideo
f	-rw-r--r--	ale	ale	1513	./usr/share/ca-certificates/mozilla/Hellenic_Academic_and_Research_Institutions_RootCA_2011.crt
f	-rw-r--r--	ale	ale	1513	./usr/share/ca-certificates/mozilla/TrustCor_RootCert_CA-1.crt
f	-rw-r--r--	ale	ale	1513	./usr/share/ca-certificates/mozilla/XRamp_Global_CA_Root.crt
f	-rw-r--r--	ale	ale	1516	./usr/share/zoneinfo/right/Asia/Aqtau
f	-rw-r--r--	ale	ale	1516	./usr/share/zoneinfo/right/Asia/Baghdad
f	-rw-r--r--	ale	ale	1516	./usr/share/zoneinfo/right/Asia/Bishkek
f	-rw-r--r--	ale	ale	1517	./usr/share/ca-certificates/mozilla/Comodo_AAA_Services_root.crt
f	-rw-r--r--	ale	ale	1517	./usr/share/ca-certificates/mozilla/D-TRUST_Root_Class_3_CA_2_2009.crt
f	-rw-r--r--	ale	ale	1518	./usr/share/zoneinfo/right/America/Port-au-Prince
f	-rw-r--r--	ale	ale	151	./usr/share/alsa/ucm2/codecs/wcd934x/SpeakerDisableSeq.conf
f	-rw-r--r--	ale	ale	151	./usr/share/alsa/ucm2/MediaTek/mtk-rt5650/HDMI.conf
f	-rw-r--r--	ale	ale	1524	./usr/share/zoneinfo/right/Asia/Atyrau
f	-rw-r--r--	ale	ale	1526	./usr/share/alsa/ucm2/codecs/rt5651/MonoSpeaker.conf
f	-rw-r--r--	ale	ale	1526	./usr/share/zoneinfo/posix/America/Mazatlan
f	-rw-r--r--	ale	ale	1526	./usr/share/zoneinfo/posix/Mexico/BajaSur
f	-rw-r--r--	ale	ale	152	./usr/share/alsa/cards/ES1968.conf
f	-rw-r--r--	ale	ale	1530	./usr/share/zoneinfo/right/America/Regina
f	-rw-r--r--	ale	ale	1530	./usr/share/zoneinfo/right/Asia/Almaty
f	-rw-r--r--	ale	ale	1530	./usr/share/zoneinfo/right/Canada/Saskatchewan
f	-rw-r--r--	ale	ale	1533	./usr/share/ca-certificates/mozilla/Entrust_Root_Certification_Authority_-_G2.crt
f	-rw-r--r--	ale	ale	1535	./usr/share/zoneinfo/posix/Europe/Moscow
f	-rw-r--r--	ale	ale	1535	./usr/share/zoneinfo/posix/W-SU
f	-rw-r--r--	ale	ale	1537	./usr/share/ca-certificates/mozilla/D-TRUST_Root_Class_3_CA_2_EV_2009.crt
f	-rw-r--r--	ale	ale	1537	./usr/share/fontconfig/conf.avail/20-unhint-small-vera.conf
f	-rw-r--r--	ale	ale	1538	./usr/share/zoneinfo/right/Asia/Oral
f	-rw-r--r--	ale	ale	153	./usr/share/alsa/ucm2/codecs/wcd934x/SpeakerEnableSeq.conf
f	-rw-r--r--	ale	ale	153	./usr/share/alsa/ucm2/Tegra/tegra-hda/tegra-hda.conf
f	-rw-r--r--	ale	ale	1544	./usr/share/zoneinfo/right/Asia/Aqtobe
f	-rw-r--r--	ale	ale	1544	./usr/share/zoneinfo/right/Asia/Qostanay
f	-rw-r--r--	ale	ale	1546	./usr/share/zoneinfo/posix/America/Bahia_Banderas
f	-rw-r--r--	ale	ale	1547	./usr/share/openal/presets/3D7.1.ambdec
f	-rw-r--r--	ale	ale	1551	./usr/share/ss/ct_c.awk
f	-rw-r--r--	ale	ale	1551	./usr/share/terminfo/x/xterm-color
f	-rw-r--r--	ale	ale	1558	./usr/share/zoneinfo/right/America/Bahia
f	-rw-r--r--	ale	ale	1558	./usr/share/zoneinfo/right/Asia/Qyzylorda
f	-rw-r--r--	ale	ale	1568	./usr/share/zoneinfo/right/America/Chihuahua
f	-rw-r--r--	ale	ale	1568	./usr/share/zoneinfo/right/America/Ojinaga
f	-rw-r--r--	ale	ale	1568	./usr/share/zoneinfo/right/Asia/Tbilisi
f	-rw-r--r--	ale	ale	1573	./usr/share/terminfo/s/screen
f	-rw-r--r--	ale	ale	1582	./usr/share/ca-certificates/mozilla/TUBITAK_Kamu_SM_SSL_Kok_Sertifikasi_-_Surum_1.crt
f	-rw-r--r--	ale	ale	1582	./usr/share/zoneinfo/right/Africa/Casablanca
f	-rw-r--r--	ale	ale	1582	./usr/share/zoneinfo/right/America/Argentina/Jujuy
f	-rw-r--r--	ale	ale	1582	./usr/share/zoneinfo/right/America/Argentina/Salta
f	-rw-r--r--	ale	ale	1582	./usr/share/zoneinfo/right/America/Jujuy
f	-rw-r--r--	ale	ale	1584	./usr/share/zoneinfo/posix/America/Mexico_City
f	-rw-r--r--	ale	ale	1584	./usr/share/zoneinfo/posix/Mexico/General
f	-rw-r--r--	ale	ale	1586	./usr/share/zoneinfo/right/America/Thule
f	-rw-r--r--	ale	ale	15875	./usr/share/icons/hicolor/128x128/apps/vlc.png
f	-rw-r--r--	ale	ale	1590	./usr/share/alsa/pcm/dsnoop.conf
f	-rw-r--r--	ale	ale	1592	./usr/share/alsa/ucm2/Samsung/snow/HiFi.conf
f	-rw-r--r--	ale	ale	159	./usr/share/alsa/cards/AU8820.conf
f	-rw-r--r--	ale	ale	159	./usr/share/pulseaudio/alsa-mixer/paths/hdmi-output-rockchip-1.conf
f	-rw-r--r--	ale	ale	159	./usr/share/pulseaudio/alsa-mixer/paths/hdmi-output-rockchip-2.conf
f	-rw-r--r--	ale	ale	15	./usr/miyoo/version
f	-rw-r--r--	ale	ale	1600	./usr/share/zoneinfo/right/America/Dawson_Creek
f	-rw-r--r--	ale	ale	1610	./usr/share/zoneinfo/right/Africa/Accra
f	-rw-r--r--	ale	ale	1610	./usr/share/zoneinfo/right/America/Argentina/Buenos_Aires
f	-rw-r--r--	ale	ale	1610	./usr/share/zoneinfo/right/America/Argentina/Catamarca
f	-rw-r--r--	ale	ale	1610	./usr/share/zoneinfo/right/America/Argentina/ComodRivadavia
f	-rw-r--r--	ale	ale	1610	./usr/share/zoneinfo/right/America/Argentina/Cordoba
f	-rw-r--r--	ale	ale	1610	./usr/share/zoneinfo/right/America/Argentina/Mendoza
f	-rw-r--r--	ale	ale	1610	./usr/share/zoneinfo/right/America/Argentina/Rio_Gallegos
f	-rw-r--r--	ale	ale	1610	./usr/share/zoneinfo/right/America/Argentina/Ushuaia
f	-rw-r--r--	ale	ale	1610	./usr/share/zoneinfo/right/America/Buenos_Aires
f	-rw-r--r--	ale	ale	1610	./usr/share/zoneinfo/right/America/Catamarca
f	-rw-r--r--	ale	ale	1610	./usr/share/zoneinfo/right/America/Cordoba
f	-rw-r--r--	ale	ale	1610	./usr/share/zoneinfo/right/America/Mazatlan
f	-rw-r--r--	ale	ale	1610	./usr/share/zoneinfo/right/America/Mendoza
f	-rw-r--r--	ale	ale	1610	./usr/share/zoneinfo/right/America/Rosario
f	-rw-r--r--	ale	ale	1610	./usr/share/zoneinfo/right/Mexico/BajaSur
f	-rw-r--r--	ale	ale	1614	./usr/share/zoneinfo/posix/America/Belize
f	-rw-r--r--	ale	ale	1614	./usr/share/zoneinfo/posix/America/Dawson
f	-rw-r--r--	ale	ale	1614	./usr/share/zoneinfo/posix/America/Whitehorse
f	-rw-r--r--	ale	ale	1614	./usr/share/zoneinfo/posix/Canada/Yukon
f	-rw-r--r--	ale	ale	1624	./usr/share/zoneinfo/right/America/Argentina/La_Rioja
f	-rw-r--r--	ale	ale	1624	./usr/share/zoneinfo/right/America/Argentina/San_Juan
f	-rw-r--r--	ale	ale	162	./usr/share/alsa/ucm2/USB-Audio/Gigabyte/Aorus-Master-Main-Audio.conf
f	-rw-r--r--	ale	ale	1630	./usr/share/zoneinfo/right/America/Bahia_Banderas
f	-rw-r--r--	ale	ale	1636	./usr/share/zoneinfo/right/America/Argentina/San_Luis
f	-rw-r--r--	ale	ale	1638	./usr/share/zoneinfo/right/America/Argentina/Tucuman
f	-rw-r--r--	ale	ale	163	./usr/share/alsa/ucm2/USB-Audio/Lenovo/ThinkStation-P620-Main.conf
f	-rw-r--r--	ale	ale	163	./usr/share/alsa/ucm2/USB-Audio/Lenovo/ThinkStation-P620-Rear.conf
f	-rw-r--r--	ale	ale	1640	./usr/share/alsa/ucm/rockchip,rk809-codec/HiFi.conf
f	-rw-r--r--	ale	ale	1641	./usr/share/alsa/cards/CMI8788.conf
f	-rw-r--r--	ale	ale	1641	./usr/share/openal/presets/hexagon.ambdec
f	-rw-r--r--	ale	ale	1642	./usr/share/alsa/ucm2/MediaTek/mtk-rt5650/HiFi.conf
f	-rw-r--r--	ale	ale	1642	./usr/share/icons/icon_rockchip.png
f	-rw-r--r--	ale	ale	1643	./usr/share/ca-certificates/mozilla/Entrust_Root_Certification_Authority.crt
f	-rw-r--r--	ale	ale	164	./usr/share/alsa/ucm2/Tegra/wm8903/Acer-A500.conf
f	-rw-r--r--	ale	ale	164	./usr/share/alsa/ucm2/USB-Audio/Realtek/ALC1220-VB-Desktop.conf
f	-rw-r--r--	ale	ale	164	./usr/share/zoneinfo/posix/Antarctica/Rothera
f	-rw-r--r--	ale	ale	164	./usr/share/zoneinfo/posix/Atlantic/South_Georgia
f	-rw-r--r--	ale	ale	164	./usr/share/zoneinfo/posix/Pacific/Gambier
f	-rw-r--r--	ale	ale	165	./usr/share/zoneinfo/posix/Antarctica/Syowa
f	-rw-r--r--	ale	ale	165	./usr/share/zoneinfo/posix/Antarctica/Vostok
f	-rw-r--r--	ale	ale	165	./usr/share/zoneinfo/posix/Asia/Aden
f	-rw-r--r--	ale	ale	165	./usr/share/zoneinfo/posix/Asia/Dubai
f	-rw-r--r--	ale	ale	165	./usr/share/zoneinfo/posix/Asia/Kashgar
f	-rw-r--r--	ale	ale	165	./usr/share/zoneinfo/posix/Asia/Kuwait
f	-rw-r--r--	ale	ale	165	./usr/share/zoneinfo/posix/Asia/Muscat
f	-rw-r--r--	ale	ale	165	./usr/share/zoneinfo/posix/Asia/Riyadh
f	-rw-r--r--	ale	ale	165	./usr/share/zoneinfo/posix/Asia/Urumqi
f	-rw-r--r--	ale	ale	165	./usr/share/zoneinfo/posix/Indian/Christmas
f	-rw-r--r--	ale	ale	165	./usr/share/zoneinfo/posix/Indian/Kerguelen
f	-rw-r--r--	ale	ale	165	./usr/share/zoneinfo/posix/Indian/Mahe
f	-rw-r--r--	ale	ale	165	./usr/share/zoneinfo/posix/Indian/Reunion
f	-rw-r--r--	ale	ale	165	./usr/share/zoneinfo/posix/Pacific/Tahiti
f	-rw-r--r--	ale	ale	1666	./usr/share/zoneinfo/posix/America/Fort_Wayne
f	-rw-r--r--	ale	ale	1666	./usr/share/zoneinfo/posix/America/Indiana/Indianapolis
f	-rw-r--r--	ale	ale	1666	./usr/share/zoneinfo/posix/America/Indianapolis
f	-rw-r--r--	ale	ale	1666	./usr/share/zoneinfo/posix/America/Miquelon
f	-rw-r--r--	ale	ale	1666	./usr/share/zoneinfo/posix/US/East-Indiana
f	-rw-r--r--	ale	ale	1668	./usr/share/zoneinfo/right/America/Mexico_City
f	-rw-r--r--	ale	ale	1668	./usr/share/zoneinfo/right/Mexico/General
f	-rw-r--r--	ale	ale	166	./usr/share/zoneinfo/posix/Pacific/Funafuti
f	-rw-r--r--	ale	ale	166	./usr/share/zoneinfo/posix/Pacific/Guadalcanal
f	-rw-r--r--	ale	ale	166	./usr/share/zoneinfo/posix/Pacific/Tarawa
f	-rw-r--r--	ale	ale	166	./usr/share/zoneinfo/posix/Pacific/Wake
f	-rw-r--r--	ale	ale	166	./usr/share/zoneinfo/posix/Pacific/Wallis
f	-rw-r--r--	ale	ale	1677	./usr/share/alsa/ucm2/NXP/iMX8/Librem_5_Devkit/HiFi.conf
f	-rw-r--r--	ale	ale	1684	./usr/share/zoneinfo/posix/America/Indiana/Tell_City
f	-rw-r--r--	ale	ale	1684	./usr/share/zoneinfo/right/Asia/Yerevan
f	-rw-r--r--	ale	ale	1686	./usr/share/zoneinfo/right/Europe/Kirov
f	-rw-r--r--	ale	ale	1687	./usr/share/terminfo/s/screen-256color
f	-rw-r--r--	ale	ale	1689	./usr/share/alsa/ucm2/Intel/broadwell-rt286/HiFi.conf
f	-rw-r--r--	ale	ale	1693	./usr/share/metainfo/vlc.appdata.xml
f	-rw-r--r--	ale	ale	1694	./usr/share/zoneinfo/posix/America/Indiana/Vincennes
f	-rw-r--r--	ale	ale	1698	./usr/share/zoneinfo/right/Asia/Kamchatka
f	-rw-r--r--	ale	ale	1698	./usr/share/zoneinfo/right/Asia/Novokuznetsk
f	-rw-r--r--	ale	ale	1698	./usr/share/zoneinfo/right/Europe/Astrakhan
f	-rw-r--r--	ale	ale	1698	./usr/share/zoneinfo/right/Europe/Volgograd
f	-rw-r--r--	ale	ale	1705	./usr/share/alsa/ucm2/OMAP/abe-twl6040/SDP4430/VoiceCall.conf
f	-rw-r--r--	ale	ale	1707	./usr/share/alsa/ucm2/Intel/hda-dsp/HiFi.conf
f	-rw-r--r--	ale	ale	1708	./usr/share/alsa/pcm/dmix.conf
f	-rw-r--r--	ale	ale	1710	./usr/share/bash-completion/completions/umount
f	-rw-r--r--	ale	ale	1712	./usr/share/zoneinfo/right/Atlantic/Reykjavik
f	-rw-r--r--	ale	ale	1712	./usr/share/zoneinfo/right/Iceland
f	-rw-r--r--	ale	ale	1714	./usr/share/openal/presets/itu5.1-nocenter.ambdec
f	-rw-r--r--	ale	ale	1716	./usr/share/zoneinfo/right/Europe/Saratov
f	-rw-r--r--	ale	ale	171	./usr/share/alsa/ucm2/USB-Audio/Dell/Desktop-Rear-Line.conf
f	-rw-r--r--	ale	ale	1720	./usr/share/zoneinfo/right/Asia/Anadyr
f	-rw-r--r--	ale	ale	1722	./usr/share/zoneinfo/posix/America/Indiana/Marengo
f	-rw-r--r--	ale	ale	1730	./usr/share/terminfo/l/linux
f	-rw-r--r--	ale	ale	1732	./usr/share/zoneinfo/right/America/Miquelon
f	-rw-r--r--	ale	ale	1734	./usr/share/zoneinfo/right/Asia/Sakhalin
f	-rw-r--r--	ale	ale	1736	./usr/share/zoneinfo/right/Asia/Tehran
f	-rw-r--r--	ale	ale	1736	./usr/share/zoneinfo/right/Iran
f	-rw-r--r--	ale	ale	1739	./usr/share/alsa/ucm2/OMAP/abe-twl6040/Pandaboard/VoiceCall.conf
f	-rw-r--r--	ale	ale	173	./usr/share/zoneinfo/posix/Pacific/Marquesas
f	-rw-r--r--	ale	ale	1740	./usr/share/zoneinfo/right/Asia/Krasnoyarsk
f	-rw-r--r--	ale	ale	1740	./usr/share/zoneinfo/right/Asia/Omsk
f	-rw-r--r--	ale	ale	1740	./usr/share/zoneinfo/right/Asia/Srednekolymsk
f	-rw-r--r--	ale	ale	1740	./usr/share/zoneinfo/right/Asia/Vladivostok
f	-rw-r--r--	ale	ale	1740	./usr/share/zoneinfo/right/Asia/Yakutsk
f	-rw-r--r--	ale	ale	1742	./usr/share/zoneinfo/posix/Europe/Andorra
f	-rw-r--r--	ale	ale	1748	./usr/share/zoneinfo/right/Atlantic/Stanley
f	-rw-r--r--	ale	ale	1748	./usr/share/zoneinfo/right/Europe/Samara
f	-rw-r--r--	ale	ale	17494	./usr/share/glib-2.0/valgrind/glib.supp
f	-rw-r--r--	ale	ale	174	./usr/lib/udev/rules.d/75-probe_mtd.rules
f	-rw-r--r--	ale	ale	174	./usr/share/zoneinfo/posix/Indian/Cocos
f	-rw-r--r--	ale	ale	1750	./usr/share/zoneinfo/right/America/Fort_Wayne
f	-rw-r--r--	ale	ale	1750	./usr/share/zoneinfo/right/America/Indiana/Indianapolis
f	-rw-r--r--	ale	ale	1750	./usr/share/zoneinfo/right/America/Indianapolis
f	-rw-r--r--	ale	ale	1750	./usr/share/zoneinfo/right/US/East-Indiana
f	-rw-r--r--	ale	ale	1751	./usr/share/alsa/ucm2/codecs/rt5672/EnableSeq.conf
f	-rw-r--r--	ale	ale	1752	./usr/share/zoneinfo/right/Asia/Hong_Kong
f	-rw-r--r--	ale	ale	1752	./usr/share/zoneinfo/right/Hongkong
f	-rw-r--r--	ale	ale	1754	./usr/share/zoneinfo/right/Asia/Barnaul
f	-rw-r--r--	ale	ale	1754	./usr/share/zoneinfo/right/Asia/Chita
f	-rw-r--r--	ale	ale	1754	./usr/share/zoneinfo/right/Asia/Magadan
f	-rw-r--r--	ale	ale	1754	./usr/share/zoneinfo/right/Asia/Novosibirsk
f	-rw-r--r--	ale	ale	1754	./usr/share/zoneinfo/right/Asia/Tomsk
f	-rw-r--r--	ale	ale	175	./usr/share/alsa/ucm2/Tegra/rt5640/Google-Nexus-7.conf
f	-rw-r--r--	ale	ale	175	./usr/share/zoneinfo/posix/Pacific/Midway
f	-rw-r--r--	ale	ale	175	./usr/share/zoneinfo/posix/Pacific/Pago_Pago
f	-rw-r--r--	ale	ale	175	./usr/share/zoneinfo/posix/Pacific/Samoa
f	-rw-r--r--	ale	ale	175	./usr/share/zoneinfo/posix/US/Samoa
f	-rw-r--r--	ale	ale	1760	./usr/share/zoneinfo/right/Asia/Baku
f	-rw-r--r--	ale	ale	1768	./usr/share/zoneinfo/right/America/Indiana/Tell_City
f	-rw-r--r--	ale	ale	1776	./usr/share/zoneinfo/right/Asia/Irkutsk
f	-rw-r--r--	ale	ale	1776	./usr/share/zoneinfo/right/Asia/Macao
f	-rw-r--r--	ale	ale	1776	./usr/share/zoneinfo/right/Asia/Macau
f	-rw-r--r--	ale	ale	1776	./usr/share/zoneinfo/right/Asia/Yekaterinburg
f	-rw-r--r--	ale	ale	1778	./usr/share/zoneinfo/posix/America/Indiana/Winamac
f	-rw-r--r--	ale	ale	1778	./usr/share/zoneinfo/right/America/Indiana/Vincennes
f	-rw-r--r--	ale	ale	17835	./usr/share/zoneinfo/zone1970.tab
f	-rw-r--r--	ale	ale	1784	./usr/share/alsa/cards/CMI8338-SWIEC.conf
f	-rw-r--r--	ale	ale	1784	./usr/share/zoneinfo/right/Asia/Ust-Nera
f	-rw-r--r--	ale	ale	1792	./usr/share/alsa/cards/TRID4DWAVENX.conf
f	-rw-r--r--	ale	ale	179	./usr/share/alsa/ucm2/Tegra/tegra-hda/tegra-hda-HiFi.conf
f	-rw-r--r--	ale	ale	1800	./usr/share/zoneinfo/right/Europe/Ulyanovsk
f	-rw-r--r--	ale	ale	1804	./usr/share/zoneinfo/right/Asia/Khandyga
f	-rw-r--r--	ale	ale	1806	./usr/share/alsa/cards/ENS1371.conf
f	-rw-r--r--	ale	ale	1806	./usr/share/zoneinfo/right/America/Indiana/Marengo
f	-rw-r--r--	ale	ale	1808	./usr/share/alsa/init/00main
f	-rw-r--r--	ale	ale	180	./usr/share/zoneinfo/posix/Pacific/Palau
f	-rw-r--r--	ale	ale	1814	./usr/share/alsa/ucm2/README.md
f	-rw-r--r--	ale	ale	1815	./usr/share/zoneinfo/posix/Atlantic/Faeroe
f	-rw-r--r--	ale	ale	1815	./usr/share/zoneinfo/posix/Atlantic/Faroe
f	-rw-r--r--	ale	ale	1822	./usr/share/zoneinfo/right/Europe/Andorra
f	-rw-r--r--	ale	ale	182	./usr/share/alsa/ucm2/Intel/bdw-rt5677/bdw-rt5677.conf
f	-rw-r--r--	ale	ale	182	./usr/share/zoneinfo/posix/America/Cayman
f	-rw-r--r--	ale	ale	182	./usr/share/zoneinfo/posix/America/Panama
f	-rw-r--r--	ale	ale	1834	./usr/share/zoneinfo/posix/America/Grand_Turk
f	-rw-r--r--	ale	ale	1853	./usr/share/zoneinfo/posix/Asia/Amman
f	-rw-r--r--	ale	ale	1854	./usr/share/zoneinfo/right/Europe/Minsk
f	-rw-r--r--	ale	ale	185	./usr/share/alsa/ucm2/USB-Audio/Dell/Desktop-Front.conf
f	-rw-r--r--	ale	ale	1860	./usr/share/zoneinfo/posix/Australia/LHI
f	-rw-r--r--	ale	ale	1860	./usr/share/zoneinfo/posix/Australia/Lord_Howe
f	-rw-r--r--	ale	ale	1862	./usr/share/zoneinfo/right/America/Indiana/Winamac
f	-rw-r--r--	ale	ale	186	./usr/share/zoneinfo/posix/America/Aruba
f	-rw-r--r--	ale	ale	186	./usr/share/zoneinfo/posix/America/Curacao
f	-rw-r--r--	ale	ale	186	./usr/share/zoneinfo/posix/America/Kralendijk
f	-rw-r--r--	ale	ale	186	./usr/share/zoneinfo/posix/America/Lower_Princes
f	-rw-r--r--	ale	ale	186	./usr/share/zoneinfo/posix/Pacific/Port_Moresby
f	-rw-r--r--	ale	ale	1870	./usr/share/ca-certificates/mozilla/TeliaSonera_Root_CA_v1.crt
f	-rw-r--r--	ale	ale	18717	./usr/share/icons/hicolor/128x128/apps/vlc-xmas.png
f	-rw-r--r--	ale	ale	1878	./usr/share/zoneinfo/posix/America/Godthab
f	-rw-r--r--	ale	ale	1878	./usr/share/zoneinfo/posix/America/Nuuk
f	-rw-r--r--	ale	ale	1883	./usr/share/ca-certificates/mozilla/Amazon_Root_CA_2.crt
f	-rw-r--r--	ale	ale	1883	./usr/share/ca-certificates/mozilla/TWCA_Global_Root_CA.crt
f	-rw-r--r--	ale	ale	1889	./usr/share/alsa/cards/pistachio-card.conf
f	-rw-r--r--	ale	ale	188	./usr/share/alsa/ucm2/Qualcomm/apq8096/apq8096.conf
f	-rw-r--r--	ale	ale	188	./usr/share/alsa/ucm2/Qualcomm/sdm845/sdm845.conf
f	-rw-r--r--	ale	ale	188	./usr/share/alsa/ucm2/Qualcomm/sm8250/Qualcomm-RB5-WSA8815-Speakers-DMIC0.conf
f	-rw-r--r--	ale	ale	1891	./usr/share/ca-certificates/mozilla/AffirmTrust_Premium.crt
f	-rw-r--r--	ale	ale	1891	./usr/share/ca-certificates/mozilla/certSIGN_Root_CA_G2.crt
f	-rw-r--r--	ale	ale	1891	./usr/share/ca-certificates/mozilla/UCA_Global_G2_Root.crt
f	-rw-r--r--	ale	ale	1892	./usr/share/zoneinfo/posix/America/Rankin_Inlet
f	-rw-r--r--	ale	ale	1892	./usr/share/zoneinfo/posix/America/Resolute
f	-rw-r--r--	ale	ale	1894	./usr/share/zoneinfo/posix/America/Inuvik
f	-rw-r--r--	ale	ale	1896	./usr/share/zoneinfo/right/Atlantic/Faeroe
f	-rw-r--r--	ale	ale	1896	./usr/share/zoneinfo/right/Atlantic/Faroe
f	-rw-r--r--	ale	ale	1897	./usr/share/zoneinfo/posix/Atlantic/Canary
f	-rw-r--r--	ale	ale	189	./usr/share/gettext/its/fontconfig.its
f	-rw-r--r--	ale	ale	189	./usr/share/gettext/its/fontconfig.loc
f	-rw-r--r--	ale	ale	1900	./usr/share/zoneinfo/posix/Europe/Helsinki
f	-rw-r--r--	ale	ale	1900	./usr/share/zoneinfo/posix/Europe/Mariehamn
f	-rw-r--r--	ale	ale	1902	./usr/share/zoneinfo/posix/America/Punta_Arenas
f	-rw-r--r--	ale	ale	1904	./usr/share/zoneinfo/posix/America/Indiana/Petersburg
f	-rw-r--r--	ale	ale	1905	./usr/share/zoneinfo/posix/WET
f	-rw-r--r--	ale	ale	1907	./usr/share/xml/dbus-1/busconfig.dtd
f	-rw-r--r--	ale	ale	1908	./usr/share/zoneinfo/posix/EET
f	-rw-r--r--	ale	ale	1909	./usr/share/zoneinfo/posix/Europe/Busingen
f	-rw-r--r--	ale	ale	1909	./usr/share/zoneinfo/posix/Europe/Stockholm
f	-rw-r--r--	ale	ale	1909	./usr/share/zoneinfo/posix/Europe/Vaduz
f	-rw-r--r--	ale	ale	1909	./usr/share/zoneinfo/posix/Europe/Zurich
f	-rw-r--r--	ale	ale	191003	./info/config-5.10
f	-rw-r--r--	ale	ale	1911	./usr/share/alsa/cards/CMI8338.conf
f	-rw-r--r--	ale	ale	1911	./usr/share/ca-certificates/mozilla/EC-ACC.crt
f	-rw-r--r--	ale	ale	1915	./usr/share/ca-certificates/mozilla/Buypass_Class_2_Root_CA.crt
f	-rw-r--r--	ale	ale	1915	./usr/share/ca-certificates/mozilla/Buypass_Class_3_Root_CA.crt
f	-rw-r--r--	ale	ale	1915	./usr/share/ca-certificates/mozilla/GlobalSign_Root_R46.crt
f	-rw-r--r--	ale	ale	1915	./usr/share/ca-certificates/mozilla/GTS_Root_R1.crt
f	-rw-r--r--	ale	ale	1915	./usr/share/ca-certificates/mozilla/GTS_Root_R2.crt
f	-rw-r--r--	ale	ale	1915	./usr/share/ca-certificates/mozilla/UCA_Extended_Validation_Root.crt
f	-rw-r--r--	ale	ale	1916	./usr/share/zoneinfo/posix/America/Scoresbysund
f	-rw-r--r--	ale	ale	1916	./usr/share/zoneinfo/right/Australia/LHI
f	-rw-r--r--	ale	ale	1916	./usr/share/zoneinfo/right/Australia/Lord_Howe
f	-rw-r--r--	ale	ale	1917	./usr/share/fontconfig/conf.avail/90-synthetic.conf
f	-rw-r--r--	ale	ale	1918	./usr/share/zoneinfo/right/America/Grand_Turk
f	-rw-r--r--	ale	ale	191	./usr/share/alsa/ucm2/Intel/SOF/SOF.conf
f	-rw-r--r--	ale	ale	1920	./usr/share/zoneinfo/posix/Europe/Belgrade
f	-rw-r--r--	ale	ale	1920	./usr/share/zoneinfo/posix/Europe/Ljubljana
f	-rw-r--r--	ale	ale	1920	./usr/share/zoneinfo/posix/Europe/Podgorica
f	-rw-r--r--	ale	ale	1920	./usr/share/zoneinfo/posix/Europe/Sarajevo
f	-rw-r--r--	ale	ale	1920	./usr/share/zoneinfo/posix/Europe/Skopje
f	-rw-r--r--	ale	ale	1920	./usr/share/zoneinfo/posix/Europe/Zagreb
f	-rw-r--r--	ale	ale	1923	./usr/share/ca-certificates/mozilla/IdenTrust_Commercial_Root_CA_1.crt
f	-rw-r--r--	ale	ale	1923	./usr/share/ca-certificates/mozilla/QuoVadis_Root_CA_1_G3.crt
f	-rw-r--r--	ale	ale	1923	./usr/share/ca-certificates/mozilla/QuoVadis_Root_CA_2_G3.crt
f	-rw-r--r--	ale	ale	1923	./usr/share/ca-certificates/mozilla/QuoVadis_Root_CA_3_G3.crt
f	-rw-r--r--	ale	ale	192	./usr/share/alsa/cards/ICH-MODEM.conf
f	-rw-r--r--	ale	ale	1930	./usr/share/zoneinfo/right/Asia/Amman
f	-rw-r--r--	ale	ale	1931	./usr/share/ca-certificates/mozilla/IdenTrust_Public_Sector_Root_CA_1.crt
f	-rw-r--r--	ale	ale	19321	./usr/share/zoneinfo/zone.tab
f	-rw-r--r--	ale	ale	1935	./usr/share/ca-certificates/mozilla/CA_Disig_Root_R2.crt
f	-rw-r--r--	ale	ale	1938	./usr/share/zoneinfo/right/America/Godthab
f	-rw-r--r--	ale	ale	1938	./usr/share/zoneinfo/right/America/Nuuk
f	-rw-r--r--	ale	ale	1939	./usr/share/ca-certificates/mozilla/ISRG_Root_X1.crt
f	-rw-r--r--	ale	ale	1947	./usr/share/zoneinfo/posix/Asia/Istanbul
f	-rw-r--r--	ale	ale	1947	./usr/share/zoneinfo/posix/Europe/Istanbul
f	-rw-r--r--	ale	ale	1947	./usr/share/zoneinfo/posix/Turkey
f	-rw-r--r--	ale	ale	1948	./usr/share/ca-certificates/mozilla/Staat_der_Nederlanden_EV_Root_CA.crt
f	-rw-r--r--	ale	ale	194	./usr/share/zoneinfo/posix/Africa/Bissau
f	-rw-r--r--	ale	ale	194	./usr/share/zoneinfo/posix/Antarctica/DumontDUrville
f	-rw-r--r--	ale	ale	1950	./usr/share/zoneinfo/right/America/Cuiaba
f	-rw-r--r--	ale	ale	1952	./usr/share/zoneinfo/right/Antarctica/Palmer
f	-rw-r--r--	ale	ale	1955	./usr/share/zoneinfo/posix/Africa/Cairo
f	-rw-r--r--	ale	ale	1955	./usr/share/zoneinfo/posix/Egypt
f	-rw-r--r--	ale	ale	1964	./usr/share/icons/hicolor/16x16/apps/vlc.xpm
f	-rw-r--r--	ale	ale	1966	./usr/share/zoneinfo/posix/America/Yellowknife
f	-rw-r--r--	ale	ale	1972	./usr/share/ca-certificates/mozilla/AC_RAIZ_FNMT-RCM.crt
f	-rw-r--r--	ale	ale	1972	./usr/share/ca-certificates/mozilla/GlobalSign_Root_CA_-_R6.crt
f	-rw-r--r--	ale	ale	1972	./usr/share/ca-certificates/mozilla/GLOBALTRUST_2020.crt
f	-rw-r--r--	ale	ale	1976	./usr/share/zoneinfo/right/America/Rankin_Inlet
f	-rw-r--r--	ale	ale	1976	./usr/share/zoneinfo/right/America/Resolute
f	-rw-r--r--	ale	ale	1978	./usr/share/zoneinfo/right/America/Campo_Grande
f	-rw-r--r--	ale	ale	1978	./usr/share/zoneinfo/right/America/Inuvik
f	-rw-r--r--	ale	ale	1978	./usr/share/zoneinfo/right/America/Sao_Paulo
f	-rw-r--r--	ale	ale	1978	./usr/share/zoneinfo/right/America/Scoresbysund
f	-rw-r--r--	ale	ale	1978	./usr/share/zoneinfo/right/Atlantic/Canary
f	-rw-r--r--	ale	ale	1978	./usr/share/zoneinfo/right/Brazil/East
f	-rw-r--r--	ale	ale	1978	./usr/share/zoneinfo/right/Europe/Helsinki
f	-rw-r--r--	ale	ale	1978	./usr/share/zoneinfo/right/Europe/Mariehamn
f	-rw-r--r--	ale	ale	1979	./usr/share/alsa/ucm2/USB-Audio/USB-Audio.conf
f	-rw-r--r--	ale	ale	1980	./usr/share/ca-certificates/mozilla/GDCA_TrustAUTH_R5_ROOT.crt
f	-rw-r--r--	ale	ale	1984	./usr/share/ca-certificates/mozilla/CFCA_EV_ROOT.crt
f	-rw-r--r--	ale	ale	1986	./usr/share/zoneinfo/right/EET
f	-rw-r--r--	ale	ale	1986	./usr/share/zoneinfo/right/WET
f	-rw-r--r--	ale	ale	1988	./usr/share/ca-certificates/mozilla/DigiCert_Trusted_Root_G4.crt
f	-rw-r--r--	ale	ale	1988	./usr/share/zoneinfo/right/America/Indiana/Petersburg
f	-rw-r--r--	ale	ale	1989	./usr/share/zoneinfo/right/Europe/Busingen
f	-rw-r--r--	ale	ale	1989	./usr/share/zoneinfo/right/Europe/Stockholm
f	-rw-r--r--	ale	ale	1989	./usr/share/zoneinfo/right/Europe/Vaduz
f	-rw-r--r--	ale	ale	1989	./usr/share/zoneinfo/right/Europe/Zurich
f	-rw-r--r--	ale	ale	198	./usr/share/alsa/ucm2/codecs/wcd934x/HeadphoneDisableSeq.conf
f	-rw-r--r--	ale	ale	198	./usr/share/alsa/ucm/README.md
f	-rw-r--r--	ale	ale	198	./usr/share/zoneinfo/posix/America/Cayenne
f	-rw-r--r--	ale	ale	1991	./usr/share/alsa/cards/rockchip_rt5640.conf
f	-rw-r--r--	ale	ale	199	./usr/share/zoneinfo/posix/Africa/Ndjamena
f	-rw-r--r--	ale	ale	199	./usr/share/zoneinfo/posix/Antarctica/Mawson
f	-rw-r--r--	ale	ale	199	./usr/share/zoneinfo/posix/Asia/Bahrain
f	-rw-r--r--	ale	ale	199	./usr/share/zoneinfo/posix/Asia/Bangkok
f	-rw-r--r--	ale	ale	199	./usr/share/zoneinfo/posix/Asia/Phnom_Penh
f	-rw-r--r--	ale	ale	199	./usr/share/zoneinfo/posix/Asia/Qatar
f	-rw-r--r--	ale	ale	199	./usr/share/zoneinfo/posix/Asia/Vientiane
f	-rw-r--r--	ale	ale	199	./usr/share/zoneinfo/posix/Indian/Chagos
f	-rw-r--r--	ale	ale	199	./usr/share/zoneinfo/posix/Indian/Maldives
f	-rw-r--r--	ale	ale	2000	./usr/share/zoneinfo/right/Europe/Belgrade
f	-rw-r--r--	ale	ale	2000	./usr/share/zoneinfo/right/Europe/Ljubljana
f	-rw-r--r--	ale	ale	2000	./usr/share/zoneinfo/right/Europe/Podgorica
f	-rw-r--r--	ale	ale	2000	./usr/share/zoneinfo/right/Europe/Sarajevo
f	-rw-r--r--	ale	ale	2000	./usr/share/zoneinfo/right/Europe/Skopje
f	-rw-r--r--	ale	ale	2000	./usr/share/zoneinfo/right/Europe/Zagreb
f	-rw-r--r--	ale	ale	2002	./usr/share/zoneinfo/posix/Asia/Nicosia
f	-rw-r--r--	ale	ale	2002	./usr/share/zoneinfo/posix/Europe/Nicosia
f	-rw-r--r--	ale	ale	2002	./usr/share/zoneinfo/right/Europe/Simferopol
f	-rw-r--r--	ale	ale	200	./usr/share/alsa/ucm2/Qualcomm/apq8016-sbc/apq8016-sbc.conf
f	-rw-r--r--	ale	ale	200	./usr/share/zoneinfo/posix/Pacific/Fakaofo
f	-rw-r--r--	ale	ale	2013	./usr/share/ca-certificates/mozilla/NAVER_Global_Root_Certification_Authority.crt
f	-rw-r--r--	ale	ale	2019	./usr/lib/pm-utils/defaults
f	-rw-r--r--	ale	ale	2021	./usr/share/ca-certificates/mozilla/Microsoft_RSA_Root_Certificate_Authority_2017.crt
f	-rw-r--r--	ale	ale	2028	./usr/share/zoneinfo/posix/Asia/Famagusta
f	-rw-r--r--	ale	ale	202	./usr/share/zoneinfo/posix/Pacific/Pitcairn
f	-rw-r--r--	ale	ale	2032	./usr/share/zoneinfo/posix/America/Iqaluit
f	-rw-r--r--	ale	ale	2033	./usr/share/ca-certificates/mozilla/ePKI_Root_Certification_Authority.crt
f	-rw-r--r--	ale	ale	2036	./usr/share/zoneinfo/posix/Africa/Ceuta
f	-rw-r--r--	ale	ale	203	./usr/share/alsa/ucm2/codecs/wcd934x/DefaultDisableSeq.conf
f	-rw-r--r--	ale	ale	203	./usr/share/alsa/ucm2/HDA/HiFi-acp.conf
f	-rw-r--r--	ale	ale	203	./usr/share/zoneinfo/posix/Asia/Brunei
f	-rw-r--r--	ale	ale	203	./usr/share/zoneinfo/posix/Asia/Thimbu
f	-rw-r--r--	ale	ale	203	./usr/share/zoneinfo/posix/Asia/Thimphu
f	-rw-r--r--	ale	ale	2041	./usr/share/ca-certificates/mozilla/QuoVadis_Root_CA_2.crt
f	-rw-r--r--	ale	ale	2041	./usr/share/fontconfig/conf.avail/60-generic.conf
f	-rw-r--r--	ale	ale	2042	./usr/share/zoneinfo/right/Europe/Kaliningrad
f	-rw-r--r--	ale	ale	2044	./usr/share/zoneinfo/posix/America/Asuncion
f	-rw-r--r--	ale	ale	2044	./usr/share/zoneinfo/right/America/Montevideo
f	-rw-r--r--	ale	ale	2045	./usr/share/ca-certificates/mozilla/SwissSign_Gold_CA_-_G2.crt
f	-rw-r--r--	ale	ale	2048	./usr/share/alsa/ucm2/Intel/SOF/HiFi.conf
f	-rw-r--r--	ale	ale	2049	./usr/share/ca-certificates/mozilla/Actalis_Authentication_Root_CA.crt
f	-rw-r--r--	ale	ale	2049	./usr/share/ca-certificates/mozilla/SwissSign_Silver_CA_-_G2.crt
f	-rw-r--r--	ale	ale	2050	./usr/share/zoneinfo/posix/Europe/Uzhgorod
f	-rw-r--r--	ale	ale	2050	./usr/share/zoneinfo/right/America/Yellowknife
f	-rw-r--r--	ale	ale	2053	./usr/share/ca-certificates/mozilla/Certum_Trusted_Root_CA.crt
f	-rw-r--r--	ale	ale	2068	./usr/share/fontconfig/conf.avail/60-latin.conf
f	-rw-r--r--	ale	ale	2068	./usr/share/zoneinfo/posix/NZ-CHAT
f	-rw-r--r--	ale	ale	2068	./usr/share/zoneinfo/posix/Pacific/Chatham
f	-rw-r--r--	ale	ale	2072	./usr/share/alsa/ucm2/Intel/kblrt5660/HiFi.conf
f	-rw-r--r--	ale	ale	2074	./usr/share/ca-certificates/mozilla/Hongkong_Post_Root_CA_3.crt
f	-rw-r--r--	ale	ale	2077	./usr/share/zoneinfo/posix/Europe/Sofia
f	-rw-r--r--	ale	ale	2078	./usr/share/ca-certificates/mozilla/Certum_Trusted_Network_CA_2.crt
f	-rw-r--r--	ale	ale	2080	./usr/share/zoneinfo/right/Asia/Nicosia
f	-rw-r--r--	ale	ale	2080	./usr/share/zoneinfo/right/Europe/Nicosia
f	-rw-r--r--	ale	ale	2084	./usr/share/zoneinfo/posix/America/Cambridge_Bay
f	-rw-r--r--	ale	ale	2084	./usr/share/zoneinfo/posix/Europe/Tirane
f	-rw-r--r--	ale	ale	2084	./usr/share/zoneinfo/right/Europe/Moscow
f	-rw-r--r--	ale	ale	2084	./usr/share/zoneinfo/right/W-SU
f	-rw-r--r--	ale	ale	2086	./usr/share/ca-certificates/mozilla/COMODO_RSA_Certification_Authority.crt
f	-rw-r--r--	ale	ale	2088	./usr/share/zoneinfo/posix/Europe/Kiev
f	-rw-r--r--	ale	ale	208	./usr/share/zoneinfo/posix/Africa/Monrovia
f	-rw-r--r--	ale	ale	208	./usr/share/zoneinfo/posix/America/Creston
f	-rw-r--r--	ale	ale	208	./usr/share/zoneinfo/posix/Asia/Kabul
f	-rw-r--r--	ale	ale	2090	./usr/share/ca-certificates/mozilla/Trustwave_Global_Certification_Authority.crt
f	-rw-r--r--	ale	ale	2094	./usr/share/ca-certificates/mozilla/SSL.com_Root_Certification_Authority_RSA.crt
f	-rw-r--r--	ale	ale	2094	./usr/share/ca-certificates/mozilla/USERTrust_RSA_Certification_Authority.crt
f	-rw-r--r--	ale	ale	2094	./usr/share/zoneinfo/posix/America/Pangnirtung
f	-rw-r--r--	ale	ale	2094	./usr/share/zoneinfo/posix/CET
f	-rw-r--r--	ale	ale	2094	./usr/share/zoneinfo/posix/MET
f	-rw-r--r--	ale	ale	2099	./usr/share/alsa/ucm2/Intel/broxton-rt298/HiFi.conf
f	-rw-r--r--	ale	ale	2100	./usr/share/bash-completion/completions/mount
f	-rw-r--r--	ale	ale	2106	./usr/share/zoneinfo/posix/Europe/Zaporozhye
f	-rw-r--r--	ale	ale	2106	./usr/share/zoneinfo/right/America/Asuncion
f	-rw-r--r--	ale	ale	2106	./usr/share/zoneinfo/right/Asia/Famagusta
f	-rw-r--r--	ale	ale	2111	./usr/share/alsa/cards/realtek_rt5651-.conf
f	-rw-r--r--	ale	ale	2114	./usr/share/ca-certificates/mozilla/SSL.com_EV_Root_Certification_Authority_RSA_R2.crt
f	-rw-r--r--	ale	ale	2116	./usr/share/zoneinfo/right/Africa/Ceuta
f	-rw-r--r--	ale	ale	2116	./usr/share/zoneinfo/right/America/Iqaluit
f	-rw-r--r--	ale	ale	2116	./usr/share/zoneinfo/right/NZ-CHAT
f	-rw-r--r--	ale	ale	2116	./usr/share/zoneinfo/right/Pacific/Chatham
f	-rw-r--r--	ale	ale	2118	./usr/share/ca-certificates/mozilla/ANF_Secure_Server_Root_CA.crt
f	-rw-r--r--	ale	ale	2121	./usr/share/alsa/ucm2/conf.d/rockchip-es8388/HiFi.conf
f	-rw-r--r--	ale	ale	2122	./usr/share/ca-certificates/mozilla/Izenpe.com.crt
f	-rw-r--r--	ale	ale	2122	./usr/share/zoneinfo/posix/America/Nipigon
f	-rw-r--r--	ale	ale	2122	./usr/share/zoneinfo/posix/America/Rainy_River
f	-rw-r--r--	ale	ale	2125	./usr/share/terminfo/p/putty-vt100
f	-rw-r--r--	ale	ale	2128	./usr/share/zoneinfo/right/Europe/Uzhgorod
f	-rw-r--r--	ale	ale	212	./usr/share/alsa/ucm2/codecs/cx2072x/DisableSeq.conf
f	-rw-r--r--	ale	ale	212	./usr/share/zoneinfo/posix/Asia/Kathmandu
f	-rw-r--r--	ale	ale	212	./usr/share/zoneinfo/posix/Asia/Katmandu
f	-rw-r--r--	ale	ale	2131	./usr/share/alsa/cards/CMI8738-MC6.conf
f	-rw-r--r--	ale	ale	2137	./usr/share/zoneinfo/posix/Europe/Copenhagen
f	-rw-r--r--	ale	ale	2145	./usr/share/alsa/ucm2/Tegra/max98090/HiFi.conf
f	-rw-r--r--	ale	ale	2145	./usr/share/terminfo/p/putty
f	-rw-r--r--	ale	ale	2148	./usr/share/zoneinfo/posix/Europe/Tallinn
f	-rw-r--r--	ale	ale	2150	./usr/share/alsa/ucm2/codecs/rt5651/EnableSeq.conf
f	-rw-r--r--	ale	ale	2154	./usr/share/zoneinfo/posix/Asia/Beirut
f	-rw-r--r--	ale	ale	2155	./usr/share/ca-certificates/mozilla/Hellenic_Academic_and_Research_Institutions_RootCA_2015.crt
f	-rw-r--r--	ale	ale	2155	./usr/share/zoneinfo/right/Europe/Sofia
f	-rw-r--r--	ale	ale	2162	./usr/share/zoneinfo/posix/Europe/Vilnius
f	-rw-r--r--	ale	ale	2164	./usr/share/zoneinfo/right/America/Belize
f	-rw-r--r--	ale	ale	2164	./usr/share/zoneinfo/right/America/Dawson
f	-rw-r--r--	ale	ale	2164	./usr/share/zoneinfo/right/America/Whitehorse
f	-rw-r--r--	ale	ale	2164	./usr/share/zoneinfo/right/Canada/Yukon
f	-rw-r--r--	ale	ale	2164	./usr/share/zoneinfo/right/Europe/Tirane
f	-rw-r--r--	ale	ale	2166	./usr/share/zoneinfo/right/Europe/Kiev
f	-rw-r--r--	ale	ale	2167	./usr/share/ca-certificates/mozilla/Autoridad_de_Certificacion_Firmaprofesional_CIF_A62634068.crt
f	-rw-r--r--	ale	ale	2168	./usr/share/zoneinfo/right/America/Cambridge_Bay
f	-rw-r--r--	ale	ale	216	./usr/share/alsa/ucm2/codecs/rt5645/SpeakerEnableSeq.conf
f	-rw-r--r--	ale	ale	216	./usr/share/alsa/ucm2/codecs/wcd934x/HeadphoneEnableSeq.conf
f	-rw-r--r--	ale	ale	216	./usr/share/alsa/ucm2/lib/card-init.conf
f	-rw-r--r--	ale	ale	2174	./usr/share/zoneinfo/right/CET
f	-rw-r--r--	ale	ale	2174	./usr/share/zoneinfo/right/MET
f	-rw-r--r--	ale	ale	2178	./usr/share/zoneinfo/right/America/Pangnirtung
f	-rw-r--r--	ale	ale	217	./usr/share/alsa/cards/GUS.conf
f	-rw-r--r--	ale	ale	2184	./usr/share/zoneinfo/posix/Europe/Bucharest
f	-rw-r--r--	ale	ale	2184	./usr/share/zoneinfo/right/Europe/Zaporozhye
f	-rw-r--r--	ale	ale	2189	./usr/share/terminfo/p/putty-256color
f	-rw-r--r--	ale	ale	2190	./usr/share/zoneinfo/posix/Australia/ACT
f	-rw-r--r--	ale	ale	2190	./usr/share/zoneinfo/posix/Australia/Canberra
f	-rw-r--r--	ale	ale	2190	./usr/share/zoneinfo/posix/Australia/Melbourne
f	-rw-r--r--	ale	ale	2190	./usr/share/zoneinfo/posix/Australia/NSW
f	-rw-r--r--	ale	ale	2190	./usr/share/zoneinfo/posix/Australia/Sydney
f	-rw-r--r--	ale	ale	2190	./usr/share/zoneinfo/posix/Australia/Victoria
f	-rw-r--r--	ale	ale	2192	./usr/share/zoneinfo/posix/America/Glace_Bay
f	-rw-r--r--	ale	ale	2194	./usr/share/alsa/ucm2/Qualcomm/sc7180/rt5682-max98357a/HiFi.conf
f	-rw-r--r--	ale	ale	2195	./usr/share/alsa/ucm/rockchip,rt5640-codec/HiFi.conf
f	-rw-r--r--	ale	ale	2198	./usr/share/zoneinfo/posix/Europe/Riga
f	-rw-r--r--	ale	ale	2200	./usr/share/zoneinfo/posix/Europe/Vienna
f	-rw-r--r--	ale	ale	2202	./usr/share/zoneinfo/posix/America/Thunder_Bay
f	-rw-r--r--	ale	ale	22046	./usr/share/openal/alsoftrc.sample
f	-rw-r--r--	ale	ale	2204	./usr/share/ca-certificates/mozilla/TrustCor_RootCert_CA-2.crt
f	-rw-r--r--	ale	ale	2206	./usr/share/zoneinfo/right/America/Nipigon
f	-rw-r--r--	ale	ale	2206	./usr/share/zoneinfo/right/America/Rainy_River
f	-rw-r--r--	ale	ale	2208	./usr/share/zoneinfo/posix/Australia/Adelaide
f	-rw-r--r--	ale	ale	2208	./usr/share/zoneinfo/posix/Australia/South
f	-rw-r--r--	ale	ale	2217	./usr/share/zoneinfo/right/Europe/Copenhagen
f	-rw-r--r--	ale	ale	221	./usr/lib/charset.alias
f	-rw-r--r--	ale	ale	221	./usr/share/zoneinfo/posix/Asia/Jayapura
f	-rw-r--r--	ale	ale	2226	./usr/share/zoneinfo/right/Europe/Tallinn
f	-rw-r--r--	ale	ale	2228	./usr/share/fontconfig/conf.avail/10-scale-bitmap-fonts.conf
f	-rw-r--r--	ale	ale	2228	./usr/share/zoneinfo/posix/Arctic/Longyearbyen
f	-rw-r--r--	ale	ale	2228	./usr/share/zoneinfo/posix/Atlantic/Jan_Mayen
f	-rw-r--r--	ale	ale	2228	./usr/share/zoneinfo/posix/Europe/Oslo
f	-rw-r--r--	ale	ale	2229	./usr/share/zoneinfo/posix/Australia/Broken_Hill
f	-rw-r--r--	ale	ale	2229	./usr/share/zoneinfo/posix/Australia/Yancowinna
f	-rw-r--r--	ale	ale	222	./usr/share/alsa/alsa.conf.d/50-arcam-av-ctl.conf
f	-rw-r--r--	ale	ale	222	./usr/share/alsa/ucm2/codecs/rt5645/HSMicEnableSeq.conf
f	-rw-r--r--	ale	ale	2230	./usr/share/zoneinfo/posix/America/Detroit
f	-rw-r--r--	ale	ale	2230	./usr/share/zoneinfo/posix/US/Michigan
f	-rw-r--r--	ale	ale	2232	./usr/share/zoneinfo/right/Asia/Beirut
f	-rw-r--r--	ale	ale	2233	./usr/share/zoneinfo/posix/Chile/EasterIsland
f	-rw-r--r--	ale	ale	2233	./usr/share/zoneinfo/posix/Pacific/Easter
f	-rw-r--r--	ale	ale	2237	./usr/share/alsa/cards/ATIIXP-SPDMA.conf
f	-rw-r--r--	ale	ale	2240	./usr/share/terminfo/x/xterm-xfree86
f	-rw-r--r--	ale	ale	2240	./usr/share/zoneinfo/posix/America/Fort_Nelson
f	-rw-r--r--	ale	ale	2240	./usr/share/zoneinfo/right/Europe/Vilnius
f	-rw-r--r--	ale	ale	2244	./usr/share/ca-certificates/mozilla/Entrust_Root_Certification_Authority_-_G4.crt
f	-rw-r--r--	ale	ale	2244	./usr/share/ca-certificates/mozilla/E-Tugra_Certification_Authority.crt
f	-rw-r--r--	ale	ale	224	./usr/share/zoneinfo/posix/America/El_Salvador
f	-rw-r--r--	ale	ale	2260	./usr/share/zoneinfo/posix/Antarctica/Macquarie
f	-rw-r--r--	ale	ale	2262	./usr/share/zoneinfo/posix/Europe/Athens
f	-rw-r--r--	ale	ale	2262	./usr/share/zoneinfo/right/Europe/Bucharest
f	-rw-r--r--	ale	ale	2264	./usr/share/ca-certificates/mozilla/Certigna_Root_CA.crt
f	-rw-r--r--	ale	ale	2268	./usr/share/zoneinfo/right/Australia/ACT
f	-rw-r--r--	ale	ale	2268	./usr/share/zoneinfo/right/Australia/Canberra
f	-rw-r--r--	ale	ale	2268	./usr/share/zoneinfo/right/Australia/Melbourne
f	-rw-r--r--	ale	ale	2268	./usr/share/zoneinfo/right/Australia/NSW
f	-rw-r--r--	ale	ale	2268	./usr/share/zoneinfo/right/Australia/Sydney
f	-rw-r--r--	ale	ale	2268	./usr/share/zoneinfo/right/Australia/Victoria
f	-rw-r--r--	ale	ale	2270	./usr/share/alsa/ucm2/Rockchip/rk3399-gru-sound/HiFi.conf
f	-rw-r--r--	ale	ale	2272	./usr/share/alsa/ucm2/Intel/skylake-rt286/HiFi.conf
f	-rw-r--r--	ale	ale	2274	./usr/share/zoneinfo/posix/America/Menominee
f	-rw-r--r--	ale	ale	2276	./usr/share/zoneinfo/right/America/Glace_Bay
f	-rw-r--r--	ale	ale	2276	./usr/share/zoneinfo/right/Europe/Riga
f	-rw-r--r--	ale	ale	2278	./usr/share/alsa/cards/SI7018.conf
f	-rw-r--r--	ale	ale	227	./usr/share/alsa/ucm2/codecs/rt5645/HSMicDisableSeq.conf
f	-rw-r--r--	ale	ale	227	./usr/share/kde4/apps/solid/actions/vlc-opencda.desktop
f	-rw-r--r--	ale	ale	227	./usr/share/zoneinfo/posix/Asia/Dili
f	-rw-r--r--	ale	ale	2280	./usr/share/zoneinfo/right/Europe/Vienna
f	-rw-r--r--	ale	ale	2284	./usr/share/zoneinfo/right/Australia/Adelaide
f	-rw-r--r--	ale	ale	2284	./usr/share/zoneinfo/right/Australia/South
f	-rw-r--r--	ale	ale	2286	./usr/share/zoneinfo/right/America/Thunder_Bay
f	-rw-r--r--	ale	ale	2290	./usr/share/ss/ct_c.sed
f	-rw-r--r--	ale	ale	2294	./usr/share/zoneinfo/posix/Asia/Damascus
f	-rw-r--r--	ale	ale	2294	./usr/share/zoneinfo/right/Chile/EasterIsland
f	-rw-r--r--	ale	ale	2294	./usr/share/zoneinfo/right/Pacific/Easter
f	-rw-r--r--	ale	ale	2295	./usr/share/zoneinfo/posix/Africa/El_Aaiun
f	-rw-r--r--	ale	ale	2298	./usr/share/zoneinfo/posix/Europe/Berlin
f	-rw-r--r--	ale	ale	2299200	./usr/lib/modules/rtk_btusb.ko
f	-rw-r--r--	ale	ale	229	./usr/share/kde4/apps/solid/actions/vlc-opendvd.desktop
f	-rw-r--r--	ale	ale	2301	./usr/share/zoneinfo/posix/Europe/Bratislava
f	-rw-r--r--	ale	ale	2301	./usr/share/zoneinfo/posix/Europe/Prague
f	-rw-r--r--	ale	ale	2305	./usr/share/zoneinfo/posix/America/Yakutat
f	-rw-r--r--	ale	ale	2305	./usr/share/zoneinfo/right/Australia/Broken_Hill
f	-rw-r--r--	ale	ale	2305	./usr/share/zoneinfo/right/Australia/Yancowinna
f	-rw-r--r--	ale	ale	2308	./usr/share/zoneinfo/right/Arctic/Longyearbyen
f	-rw-r--r--	ale	ale	2308	./usr/share/zoneinfo/right/Atlantic/Jan_Mayen
f	-rw-r--r--	ale	ale	2308	./usr/share/zoneinfo/right/Europe/Oslo
f	-rw-r--r--	ale	ale	2310	./usr/share/zoneinfo/posix/CST6CDT
f	-rw-r--r--	ale	ale	2310	./usr/share/zoneinfo/posix/EST5EDT
f	-rw-r--r--	ale	ale	2310	./usr/share/zoneinfo/posix/MST7MDT
f	-rw-r--r--	ale	ale	2310	./usr/share/zoneinfo/posix/PST8PDT
f	-rw-r--r--	ale	ale	2312	./usr/share/alsa/ucm2/Intel/chtrt5650/HiFi.conf
f	-rw-r--r--	ale	ale	2314	./usr/share/zoneinfo/right/America/Detroit
f	-rw-r--r--	ale	ale	2314	./usr/share/zoneinfo/right/US/Michigan
f	-rw-r--r--	ale	ale	2316	./usr/share/openal/presets/presets.txt
f	-rw-r--r--	ale	ale	2329	./usr/share/zoneinfo/posix/America/Sitka
f	-rw-r--r--	ale	ale	232	./usr/share/zoneinfo/posix/America/La_Paz
f	-rw-r--r--	ale	ale	232	./usr/share/zoneinfo/posix/America/Martinique
f	-rw-r--r--	ale	ale	2332	./usr/share/zoneinfo/posix/America/Edmonton
f	-rw-r--r--	ale	ale	2332	./usr/share/zoneinfo/posix/Canada/Mountain
f	-rw-r--r--	ale	ale	2338	./usr/share/zoneinfo/right/Antarctica/Macquarie
f	-rw-r--r--	ale	ale	2340	./usr/share/zoneinfo/right/Europe/Athens
f	-rw-r--r--	ale	ale	2342	./usr/share/zoneinfo/posix/America/Ensenada
f	-rw-r--r--	ale	ale	2342	./usr/share/zoneinfo/posix/America/Santa_Isabel
f	-rw-r--r--	ale	ale	2342	./usr/share/zoneinfo/posix/America/Tijuana
f	-rw-r--r--	ale	ale	2342	./usr/share/zoneinfo/posix/Mexico/BajaNorte
f	-rw-r--r--	ale	ale	234	./usr/share/alsa/ucm2/codecs/rt5645/DigitalMicDisableSeq.conf
f	-rw-r--r--	ale	ale	234	./usr/share/kde4/apps/solid/actions/vlc-openbd.desktop
f	-rw-r--r--	ale	ale	234	./usr/share/zoneinfo/posix/Pacific/Enderbury
f	-rw-r--r--	ale	ale	2352	./usr/share/zoneinfo/posix/America/Kentucky/Monticello
f	-rw-r--r--	ale	ale	2353	./usr/share/zoneinfo/posix/America/Juneau
f	-rw-r--r--	ale	ale	2354	./usr/share/ca-certificates/mozilla/QuoVadis_Root_CA_3.crt
f	-rw-r--r--	ale	ale	2356	./usr/share/zoneinfo/posix/America/Adak
f	-rw-r--r--	ale	ale	2356	./usr/share/zoneinfo/posix/America/Atka
f	-rw-r--r--	ale	ale	2356	./usr/share/zoneinfo/posix/US/Aleutian
f	-rw-r--r--	ale	ale	2358	./usr/share/zoneinfo/posix/Australia/Currie
f	-rw-r--r--	ale	ale	2358	./usr/share/zoneinfo/posix/Australia/Hobart
f	-rw-r--r--	ale	ale	2358	./usr/share/zoneinfo/posix/Australia/Tasmania
f	-rw-r--r--	ale	ale	2358	./usr/share/zoneinfo/right/America/Menominee
f	-rw-r--r--	ale	ale	235	./usr/share/alsa/ucm2/codecs/rt711-sdca/init.conf
f	-rw-r--r--	ale	ale	235	./usr/share/zoneinfo/posix/Africa/Bangui
f	-rw-r--r--	ale	ale	235	./usr/share/zoneinfo/posix/Africa/Brazzaville
f	-rw-r--r--	ale	ale	235	./usr/share/zoneinfo/posix/Africa/Douala
f	-rw-r--r--	ale	ale	235	./usr/share/zoneinfo/posix/Africa/Kinshasa
f	-rw-r--r--	ale	ale	235	./usr/share/zoneinfo/posix/Africa/Lagos
f	-rw-r--r--	ale	ale	235	./usr/share/zoneinfo/posix/Africa/Libreville
f	-rw-r--r--	ale	ale	235	./usr/share/zoneinfo/posix/Africa/Luanda
f	-rw-r--r--	ale	ale	235	./usr/share/zoneinfo/posix/Africa/Malabo
f	-rw-r--r--	ale	ale	235	./usr/share/zoneinfo/posix/Africa/Niamey
f	-rw-r--r--	ale	ale	235	./usr/share/zoneinfo/posix/Africa/Porto-Novo
f	-rw-r--r--	ale	ale	2367	./usr/share/zoneinfo/posix/America/Nome
f	-rw-r--r--	ale	ale	2368	./usr/share/zoneinfo/posix/Europe/Budapest
f	-rw-r--r--	ale	ale	2369	./usr/share/alsa/cards/Aureon51.conf
f	-rw-r--r--	ale	ale	236	./usr/share/alsa/ucm2/codecs/rt700/init.conf
f	-rw-r--r--	ale	ale	236	./usr/share/zoneinfo/posix/America/Guyana
f	-rw-r--r--	ale	ale	2371	./usr/share/zoneinfo/posix/America/Anchorage
f	-rw-r--r--	ale	ale	2371	./usr/share/zoneinfo/posix/US/Alaska
f	-rw-r--r--	ale	ale	2372	./usr/share/zoneinfo/right/Asia/Damascus
f	-rw-r--r--	ale	ale	2378	./usr/share/zoneinfo/right/Europe/Berlin
f	-rw-r--r--	ale	ale	237	./usr/share/zoneinfo/posix/Asia/Pyongyang
f	-rw-r--r--	ale	ale	2380	./usr/share/zoneinfo/posix/America/North_Dakota/Beulah
f	-rw-r--r--	ale	ale	2380	./usr/share/zoneinfo/posix/America/North_Dakota/Center
f	-rw-r--r--	ale	ale	2380	./usr/share/zoneinfo/posix/America/North_Dakota/New_Salem
f	-rw-r--r--	ale	ale	2381	./usr/share/zoneinfo/right/Europe/Bratislava
f	-rw-r--r--	ale	ale	2381	./usr/share/zoneinfo/right/Europe/Prague
f	-rw-r--r--	ale	ale	2387	./usr/share/zoneinfo/right/America/Yakutat
f	-rw-r--r--	ale	ale	2388	./usr/share/zoneinfo/posix/America/Nassau
f	-rw-r--r--	ale	ale	2388	./usr/share/zoneinfo/posix/Asia/Jerusalem
f	-rw-r--r--	ale	ale	2388	./usr/share/zoneinfo/posix/Asia/Tel_Aviv
f	-rw-r--r--	ale	ale	2388	./usr/share/zoneinfo/posix/Israel
f	-rw-r--r--	ale	ale	238	./usr/share/zoneinfo/posix/Pacific/Galapagos
f	-rw-r--r--	ale	ale	238	./usr/share/zoneinfo/posix/Pacific/Kiritimati
f	-rw-r--r--	ale	ale	2390	./usr/share/zoneinfo/posix/Europe/Chisinau
f	-rw-r--r--	ale	ale	2390	./usr/share/zoneinfo/posix/Europe/Tiraspol
f	-rw-r--r--	ale	ale	2394	./usr/share/zoneinfo/posix/America/Boise
f	-rw-r--r--	ale	ale	2394	./usr/share/zoneinfo/right/CST6CDT
f	-rw-r--r--	ale	ale	2394	./usr/share/zoneinfo/right/EST5EDT
f	-rw-r--r--	ale	ale	2394	./usr/share/zoneinfo/right/MST7MDT
f	-rw-r--r--	ale	ale	2394	./usr/share/zoneinfo/right/PST8PDT
f	-rw-r--r--	ale	ale	2396	./usr/share/zoneinfo/posix/Atlantic/Bermuda
f	-rw-r--r--	ale	ale	2404	./usr/share/alsa/ucm2/Tegra/wm8903/Acer-A500-HiFi.conf
f	-rw-r--r--	ale	ale	2409	./usr/share/alsa/cards/ICE1712.conf
f	-rw-r--r--	ale	ale	2411	./usr/share/zoneinfo/right/America/Sitka
f	-rw-r--r--	ale	ale	2416	./usr/share/zoneinfo/posix/America/Havana
f	-rw-r--r--	ale	ale	2416	./usr/share/zoneinfo/posix/Cuba
f	-rw-r--r--	ale	ale	2416	./usr/share/zoneinfo/right/America/Edmonton
f	-rw-r--r--	ale	ale	2416	./usr/share/zoneinfo/right/Canada/Mountain
f	-rw-r--r--	ale	ale	241	./usr/share/kde4/apps/solid/actions/vlc-openvcd.desktop
f	-rw-r--r--	ale	ale	241	./usr/share/zoneinfo/posix/Indian/Mauritius
f	-rw-r--r--	ale	ale	241	./usr/share/zoneinfo/posix/Pacific/Niue
f	-rw-r--r--	ale	ale	2422	./usr/share/zoneinfo/posix/Asia/Gaza
f	-rw-r--r--	ale	ale	2426	./usr/share/zoneinfo/right/America/Ensenada
f	-rw-r--r--	ale	ale	2426	./usr/share/zoneinfo/right/America/Santa_Isabel
f	-rw-r--r--	ale	ale	2426	./usr/share/zoneinfo/right/America/Tijuana
f	-rw-r--r--	ale	ale	2426	./usr/share/zoneinfo/right/Mexico/BajaNorte
f	-rw-r--r--	ale	ale	2428	./usr/share/zoneinfo/posix/America/Indiana/Knox
f	-rw-r--r--	ale	ale	2428	./usr/share/zoneinfo/posix/America/Knox_IN
f	-rw-r--r--	ale	ale	2428	./usr/share/zoneinfo/posix/US/Indiana-Starke
f	-rw-r--r--	ale	ale	2429	./usr/share/zoneinfo/posix/Africa/Casablanca
f	-rw-r--r--	ale	ale	2435	./usr/share/zoneinfo/right/America/Juneau
f	-rw-r--r--	ale	ale	2436	./usr/share/zoneinfo/right/America/Kentucky/Monticello
f	-rw-r--r--	ale	ale	2436	./usr/share/zoneinfo/right/America/Punta_Arenas
f	-rw-r--r--	ale	ale	2436	./usr/share/zoneinfo/right/Australia/Currie
f	-rw-r--r--	ale	ale	2436	./usr/share/zoneinfo/right/Australia/Hobart
f	-rw-r--r--	ale	ale	2436	./usr/share/zoneinfo/right/Australia/Tasmania
f	-rw-r--r--	ale	ale	2437	./usr/share/zoneinfo/posix/Antarctica/McMurdo
f	-rw-r--r--	ale	ale	2437	./usr/share/zoneinfo/posix/Antarctica/South_Pole
f	-rw-r--r--	ale	ale	2437	./usr/share/zoneinfo/posix/NZ
f	-rw-r--r--	ale	ale	2437	./usr/share/zoneinfo/posix/Pacific/Auckland
f	-rw-r--r--	ale	ale	2439	./usr/share/zoneinfo/right/America/Adak
f	-rw-r--r--	ale	ale	2439	./usr/share/zoneinfo/right/America/Atka
f	-rw-r--r--	ale	ale	2439	./usr/share/zoneinfo/right/US/Aleutian
f	-rw-r--r--	ale	ale	2444	./usr/share/zoneinfo/posix/America/Denver
f	-rw-r--r--	ale	ale	2444	./usr/share/zoneinfo/posix/America/Shiprock
f	-rw-r--r--	ale	ale	2444	./usr/share/zoneinfo/posix/Navajo
f	-rw-r--r--	ale	ale	2444	./usr/share/zoneinfo/posix/US/Mountain
f	-rw-r--r--	ale	ale	2448	./usr/share/zoneinfo/right/Europe/Budapest
f	-rw-r--r--	ale	ale	2449	./usr/share/zoneinfo/right/America/Nome
f	-rw-r--r--	ale	ale	2450	./usr/share/zoneinfo/posix/Asia/Hebron
f	-rw-r--r--	ale	ale	2453	./usr/share/zoneinfo/right/America/Anchorage
f	-rw-r--r--	ale	ale	2453	./usr/share/zoneinfo/right/US/Alaska
f	-rw-r--r--	ale	ale	2464	./usr/share/zoneinfo/right/America/North_Dakota/Beulah
f	-rw-r--r--	ale	ale	2464	./usr/share/zoneinfo/right/America/North_Dakota/Center
f	-rw-r--r--	ale	ale	2464	./usr/share/zoneinfo/right/America/North_Dakota/New_Salem
f	-rw-r--r--	ale	ale	2468	./usr/share/zoneinfo/right/Asia/Jerusalem
f	-rw-r--r--	ale	ale	2468	./usr/share/zoneinfo/right/Asia/Tel_Aviv
f	-rw-r--r--	ale	ale	2468	./usr/share/zoneinfo/right/Israel
f	-rw-r--r--	ale	ale	246	./usr/share/zoneinfo/posix/Africa/Johannesburg
f	-rw-r--r--	ale	ale	246	./usr/share/zoneinfo/posix/Africa/Maseru
f	-rw-r--r--	ale	ale	246	./usr/share/zoneinfo/posix/Africa/Mbabane
f	-rw-r--r--	ale	ale	246	./usr/share/zoneinfo/posix/America/Bogota
f	-rw-r--r--	ale	ale	246	./usr/share/zoneinfo/posix/America/Guayaquil
f	-rw-r--r--	ale	ale	246	./usr/share/zoneinfo/posix/America/Puerto_Rico
f	-rw-r--r--	ale	ale	2470	./usr/share/zoneinfo/right/Europe/Chisinau
f	-rw-r--r--	ale	ale	2470	./usr/share/zoneinfo/right/Europe/Tiraspol
f	-rw-r--r--	ale	ale	2472	./usr/share/zoneinfo/right/America/Nassau
f	-rw-r--r--	ale	ale	2478	./usr/share/zoneinfo/right/America/Boise
f	-rw-r--r--	ale	ale	2480	./usr/share/zoneinfo/right/Asia/Istanbul
f	-rw-r--r--	ale	ale	2480	./usr/share/zoneinfo/right/Atlantic/Bermuda
f	-rw-r--r--	ale	ale	2480	./usr/share/zoneinfo/right/Europe/Istanbul
f	-rw-r--r--	ale	ale	2480	./usr/share/zoneinfo/right/Turkey
f	-rw-r--r--	ale	ale	2483	./usr/share/alsa/cards/ATIIXP.conf
f	-rw-r--r--	ale	ale	2496	./usr/share/zoneinfo/right/America/Havana
f	-rw-r--r--	ale	ale	2496	./usr/share/zoneinfo/right/Cuba
f	-rw-r--r--	ale	ale	2498	./usr/share/zoneinfo/right/Asia/Gaza
f	-rw-r--r--	ale	ale	2499	./usr/share/alsa/cards/Aureon71.conf
f	-rw-r--r--	ale	ale	2504	./usr/share/zoneinfo/right/Africa/Cairo
f	-rw-r--r--	ale	ale	2504	./usr/share/zoneinfo/right/Egypt
f	-rw-r--r--	ale	ale	2512	./usr/share/zoneinfo/right/America/Indiana/Knox
f	-rw-r--r--	ale	ale	2512	./usr/share/zoneinfo/right/America/Knox_IN
f	-rw-r--r--	ale	ale	2512	./usr/share/zoneinfo/right/US/Indiana-Starke
f	-rw-r--r--	ale	ale	2516	./usr/share/zoneinfo/right/Antarctica/McMurdo
f	-rw-r--r--	ale	ale	2516	./usr/share/zoneinfo/right/Antarctica/South_Pole
f	-rw-r--r--	ale	ale	2516	./usr/share/zoneinfo/right/NZ
f	-rw-r--r--	ale	ale	2516	./usr/share/zoneinfo/right/Pacific/Auckland
f	-rw-r--r--	ale	ale	2526	./usr/share/zoneinfo/right/Asia/Hebron
f	-rw-r--r--	ale	ale	2528	./usr/share/zoneinfo/right/America/Denver
f	-rw-r--r--	ale	ale	2528	./usr/share/zoneinfo/right/America/Shiprock
f	-rw-r--r--	ale	ale	2528	./usr/share/zoneinfo/right/Navajo
f	-rw-r--r--	ale	ale	2528	./usr/share/zoneinfo/right/US/Mountain
f	-rw-r--r--	ale	ale	2529	./usr/share/zoneinfo/posix/America/Santiago
f	-rw-r--r--	ale	ale	2529	./usr/share/zoneinfo/posix/Chile/Continental
f	-rw-r--r--	ale	ale	252	./usr/share/zoneinfo/posix/America/Tegucigalpa
f	-rw-r--r--	ale	ale	252	./usr/share/zoneinfo/posix/Pacific/Nauru
f	-rw-r--r--	ale	ale	254	./usr/share/zoneinfo/posix/Africa/Sao_Tome
f	-rw-r--r--	ale	ale	254	./usr/share/zoneinfo/posix/Asia/Makassar
f	-rw-r--r--	ale	ale	254	./usr/share/zoneinfo/posix/Asia/Ujung_Pandang
f	-rw-r--r--	ale	ale	2566	./usr/share/alsa/ucm2/HDA/DualCodecs/HiFi.conf
f	-rw-r--r--	ale	ale	2582	./usr/share/zoneinfo/posix/Asia/Tehran
f	-rw-r--r--	ale	ale	2582	./usr/share/zoneinfo/posix/Iran
f	-rw-r--r--	ale	ale	2586	./usr/share/alsa/cards/VIA8237.conf
f	-rw-r--r--	ale	ale	2590	./usr/share/zoneinfo/right/America/Santiago
f	-rw-r--r--	ale	ale	2590	./usr/share/zoneinfo/right/Chile/Continental
f	-rw-r--r--	ale	ale	260	./usr/share/alsa/init/rk809
f	-rw-r--r--	ale	ale	2614	./usr/share/zoneinfo/posix/Europe/Madrid
f	-rw-r--r--	ale	ale	2620	./usr/share/zoneinfo/posix/Europe/Malta
f	-rw-r--r--	ale	ale	2625	./usr/share/alsa/ucm2/Rockchip/max98090/HiFi.conf
f	-rw-r--r--	ale	ale	262	./usr/share/zoneinfo/posix/America/Paramaribo
f	-rw-r--r--	ale	ale	2641	./usr/share/zoneinfo/posix/Europe/Rome
f	-rw-r--r--	ale	ale	2641	./usr/share/zoneinfo/posix/Europe/San_Marino
f	-rw-r--r--	ale	ale	2641	./usr/share/zoneinfo/posix/Europe/Vatican
f	-rw-r--r--	ale	ale	264	./usr/share/zoneinfo/posix/America/Caracas
f	-rw-r--r--	ale	ale	2654	./usr/share/zoneinfo/posix/Europe/Warsaw
f	-rw-r--r--	ale	ale	2654	./usr/share/zoneinfo/posix/Poland
f	-rw-r--r--	ale	ale	2659	./usr/share/alsa/ucm2/Qualcomm/apq8096/HiFi.conf
f	-rw-r--r--	ale	ale	265	./usr/share/alsa/ucm2/Intel/chtrt5645/chtrt5645.conf
f	-rw-r--r--	ale	ale	265	./usr/share/zoneinfo/posix/Africa/Addis_Ababa
f	-rw-r--r--	ale	ale	265	./usr/share/zoneinfo/posix/Africa/Asmara
f	-rw-r--r--	ale	ale	265	./usr/share/zoneinfo/posix/Africa/Asmera
f	-rw-r--r--	ale	ale	265	./usr/share/zoneinfo/posix/Africa/Dar_es_Salaam
f	-rw-r--r--	ale	ale	265	./usr/share/zoneinfo/posix/Africa/Djibouti
f	-rw-r--r--	ale	ale	265	./usr/share/zoneinfo/posix/Africa/Kampala
f	-rw-r--r--	ale	ale	265	./usr/share/zoneinfo/posix/Africa/Mogadishu
f	-rw-r--r--	ale	ale	265	./usr/share/zoneinfo/posix/Africa/Nairobi
f	-rw-r--r--	ale	ale	265	./usr/share/zoneinfo/posix/Indian/Antananarivo
f	-rw-r--r--	ale	ale	265	./usr/share/zoneinfo/posix/Indian/Comoro
f	-rw-r--r--	ale	ale	265	./usr/share/zoneinfo/posix/Indian/Mayotte
f	-rw-r--r--	ale	ale	268	./usr/share/zoneinfo/posix/Asia/Rangoon
f	-rw-r--r--	ale	ale	268	./usr/share/zoneinfo/posix/Asia/Yangon
f	-rw-r--r--	ale	ale	268	./usr/share/zoneinfo/posix/Pacific/Bougainville
f	-rw-r--r--	ale	ale	2694	./usr/share/zoneinfo/right/Europe/Madrid
f	-rw-r--r--	ale	ale	269	./usr/share/zoneinfo/posix/Pacific/Chuuk
f	-rw-r--r--	ale	ale	269	./usr/share/zoneinfo/posix/Pacific/Truk
f	-rw-r--r--	ale	ale	269	./usr/share/zoneinfo/posix/Pacific/Yap
f	-rw-r--r--	ale	ale	2700	./usr/share/zoneinfo/right/Europe/Malta
f	-rw-r--r--	ale	ale	270	./usr/share/zoneinfo/posix/Atlantic/Cape_Verde
f	-rw-r--r--	ale	ale	2710	./usr/lib/udev/rules.d/60-persistent-input.rules
f	-rw-r--r--	ale	ale	2721	./usr/share/zoneinfo/right/Europe/Rome
f	-rw-r--r--	ale	ale	2721	./usr/share/zoneinfo/right/Europe/San_Marino
f	-rw-r--r--	ale	ale	2721	./usr/share/zoneinfo/right/Europe/Vatican
f	-rw-r--r--	ale	ale	272	./usr/share/alsa/ucm2/codecs/rt5645/HeadphonesEnableSeq.conf
f	-rw-r--r--	ale	ale	2731	./usr/share/alsa/ucm2/Qualcomm/apq8016-sbc/HiFi.conf
f	-rw-r--r--	ale	ale	2734	./usr/share/zoneinfo/right/Europe/Warsaw
f	-rw-r--r--	ale	ale	2734	./usr/share/zoneinfo/right/Poland
f	-rw-r--r--	ale	ale	273	./usr/share/alsa/ucm2/codecs/rt711/init.conf
f	-rw-r--r--	ale	ale	2754	./usr/share/alsa/cards/EMU10K1X.conf
f	-rw-r--r--	ale	ale	2756	./usr/share/alsa/cards/VIA8233.conf
f	-rw-r--r--	ale	ale	2772	./usr/share/ca-certificates/mozilla/ACCVRAIZ1.crt
f	-rw-r--r--	ale	ale	2772	./usr/share/zoneinfo/posix/America/Kentucky/Louisville
f	-rw-r--r--	ale	ale	2772	./usr/share/zoneinfo/posix/America/Louisville
f	-rw-r--r--	ale	ale	2790	./usr/share/zoneinfo/right/America/Fort_Nelson
f	-rw-r--r--	ale	ale	280	./usr/share/zoneinfo/posix/America/Guatemala
f	-rw-r--r--	ale	ale	2812	./usr/share/alsa/cards/VIA8233A.conf
f	-rw-r--r--	ale	ale	2829	./usr/share/bash-completion/completions/gsettings
f	-rw-r--r--	ale	ale	282	./usr/lib/udev/rules.d/60-input-id.rules
f	-rw-r--r--	ale	ale	2836	./usr/share/zoneinfo/posix/America/Los_Angeles
f	-rw-r--r--	ale	ale	2836	./usr/share/zoneinfo/posix/US/Pacific
f	-rw-r--r--	ale	ale	2856	./usr/share/zoneinfo/right/America/Kentucky/Louisville
f	-rw-r--r--	ale	ale	2856	./usr/share/zoneinfo/right/America/Louisville
f	-rw-r--r--	ale	ale	285	./usr/share/alsa/ucm2/OMAP/abe-twl6040/abe-twl6040.conf
f	-rw-r--r--	ale	ale	285	./usr/share/zoneinfo/posix/Asia/Calcutta
f	-rw-r--r--	ale	ale	285	./usr/share/zoneinfo/posix/Asia/Kolkata
f	-rw-r--r--	ale	ale	2868	./usr/share/zoneinfo/posix/America/Winnipeg
f	-rw-r--r--	ale	ale	2868	./usr/share/zoneinfo/posix/Canada/Central
f	-rw-r--r--	ale	ale	2886	./usr/share/alsa/cards/ICH4.conf
f	-rw-r--r--	ale	ale	2888	./usr/share/alsa/ucm2/USB-Audio/GoXLR/GoXLR-HiFi.conf
f	-rw-r--r--	ale	ale	2891	./usr/share/alsa/cards/ICE1724.conf
f	-rw-r--r--	ale	ale	2892	./usr/share/zoneinfo/posix/America/Vancouver
f	-rw-r--r--	ale	ale	2892	./usr/share/zoneinfo/posix/Canada/Pacific
f	-rw-r--r--	ale	ale	28	./usr/share/alsa/ucm2/common/linked.conf
f	-rw-r--r--	ale	ale	2901	./usr/share/alsa/ucm2/codecs/rt5640/EnableSeq.conf
f	-rw-r--r--	ale	ale	2910	./usr/share/zoneinfo/posix/Europe/Amsterdam
f	-rw-r--r--	ale	ale	2920	./usr/share/zoneinfo/right/America/Los_Angeles
f	-rw-r--r--	ale	ale	2920	./usr/share/zoneinfo/right/US/Pacific
f	-rw-r--r--	ale	ale	2924	./usr/share/icons/hicolor/48x48/apps/vlc.png
f	-rw-r--r--	ale	ale	2933	./usr/share/zoneinfo/posix/Europe/Brussels
f	-rw-r--r--	ale	ale	2939	./usr/share/alsa/ucm2/Intel/cht-bsw-rt5672/HiFi.conf
f	-rw-r--r--	ale	ale	2942	./usr/share/alsa/cards/rockchip_rk809-.conf
f	-rw-r--r--	ale	ale	2942	./usr/share/alsa/cards/rockchip_rk817-.conf
f	-rw-r--r--	ale	ale	2944	./usr/share/zoneinfo/posix/Europe/Monaco
f	-rw-r--r--	ale	ale	2945	./usr/share/alsa/cards/CS46xx.conf
f	-rw-r--r--	ale	ale	2946	./usr/share/zoneinfo/posix/Europe/Luxembourg
f	-rw-r--r--	ale	ale	2952	./usr/share/zoneinfo/right/America/Winnipeg
f	-rw-r--r--	ale	ale	2952	./usr/share/zoneinfo/right/Canada/Central
f	-rw-r--r--	ale	ale	2962	./usr/share/zoneinfo/posix/Europe/Paris
f	-rw-r--r--	ale	ale	2976	./usr/share/zoneinfo/right/America/Vancouver
f	-rw-r--r--	ale	ale	2976	./usr/share/zoneinfo/right/Canada/Pacific
f	-rw-r--r--	ale	ale	297	./usr/share/alsa/ucm2/Qualcomm/apq8016-sbc/HDMI.conf
f	-rw-r--r--	ale	ale	297	./usr/share/zoneinfo/posix/Antarctica/Davis
f	-rw-r--r--	ale	ale	2982	./usr/share/alsa/cards/CMI8738-MC8.conf
f	-rw-r--r--	ale	ale	298	./usr/share/alsa/ucm2/codecs/qcom-lpass/wsa-macro/SpeakerDisableSeq.conf
f	-rw-r--r--	ale	ale	298	./usr/share/zoneinfo/posix/America/Blanc-Sablon
f	-rw-r--r--	ale	ale	2990	./usr/share/zoneinfo/right/Europe/Amsterdam
f	-rw-r--r--	ale	ale	299	./etc/os-release
f	-rw-r--r--	ale	ale	3013	./usr/share/zoneinfo/right/Europe/Brussels
f	-rw-r--r--	ale	ale	301	./usr/share/alsa/ucm/rockchip,hdmi/HDMI.conf
f	-rw-r--r--	ale	ale	3024	./usr/share/zoneinfo/right/Europe/Monaco
f	-rw-r--r--	ale	ale	3026	./usr/share/zoneinfo/right/Europe/Luxembourg
f	-rw-r--r--	ale	ale	302	./usr/share/alsa/cards/ATIIXP-MODEM.conf
f	-rw-r--r--	ale	ale	3038	./etc/usbmount/usbmount.conf
f	-rw-r--r--	ale	ale	303	./usr/share/alsa/ucm2/codecs/qcom-lpass/wsa-macro/SpeakerEnableSeq.conf
f	-rw-r--r--	ale	ale	303	./usr/share/zoneinfo/posix/Pacific/Pohnpei
f	-rw-r--r--	ale	ale	303	./usr/share/zoneinfo/posix/Pacific/Ponape
f	-rw-r--r--	ale	ale	3042	./usr/share/zoneinfo/right/Europe/Paris
f	-rw-r--r--	ale	ale	304	./usr/share/alsa/ucm2/codecs/nau8824/HeadPhones.conf
f	-rw-r--r--	ale	ale	304	./usr/share/zoneinfo/posix/Pacific/Noumea
f	-rw-r--r--	ale	ale	3052	./usr/share/zoneinfo/posix/Europe/Gibraltar
f	-rw-r--r--	ale	ale	3054	./usr/share/alsa/cards/ICH.conf
f	-rw-r--r--	ale	ale	305	./usr/share/alsa/ucm2/codecs/rt5645/init.conf
f	-rw-r--r--	ale	ale	308	./usr/share/terminfo/d/dumb
f	-rw-r--r--	ale	ale	309	./usr/share/zoneinfo/posix/Asia/Tokyo
f	-rw-r--r--	ale	ale	309	./usr/share/zoneinfo/posix/Japan
f	-rw-r--r--	ale	ale	310	./usr/share/zoneinfo/posix/Pacific/Majuro
f	-rw-r--r--	ale	ale	3132	./usr/share/zoneinfo/right/Europe/Gibraltar
f	-rw-r--r--	ale	ale	314	./usr/share/zoneinfo/posix/America/Barbados
f	-rw-r--r--	ale	ale	3154	./usr/share/zoneinfo/posix/America/Moncton
f	-rw-r--r--	ale	ale	315	./usr/share/alsa/ucm/rockchip,rk618-hdmi/HDMI.conf
f	-rw-r--r--	ale	ale	316	./usr/share/zoneinfo/posix/America/Costa_Rica
f	-rw-r--r--	ale	ale	316	./usr/share/zoneinfo/posix/Kwajalein
f	-rw-r--r--	ale	ale	316	./usr/share/zoneinfo/posix/Pacific/Kwajalein
f	-rw-r--r--	ale	ale	3210	./usr/share/zoneinfo/posix/America/Goose_Bay
f	-rw-r--r--	ale	ale	3235	./usr/share/bash-completion/completions/kmod
f	-rw-r--r--	ale	ale	3238	./usr/share/zoneinfo/right/America/Moncton
f	-rw-r--r--	ale	ale	325	./usr/share/alsa/ucm2/Intel/bytcr-rt5651/bytcr-rt5651.conf
f	-rw-r--r--	ale	ale	325	./usr/share/alsa/ucm2/Qualcomm/sc7180/rt5682-max98357a/sc7180-rt5682-max98357a-1mic.conf
f	-rw-r--r--	ale	ale	325	./usr/share/zoneinfo/posix/Australia/Darwin
f	-rw-r--r--	ale	ale	325	./usr/share/zoneinfo/posix/Australia/North
f	-rw-r--r--	ale	ale	328	./usr/share/alsa/alsa.conf.d/50-oss.conf
f	-rw-r--r--	ale	ale	328	./usr/share/zoneinfo/posix/America/Phoenix
f	-rw-r--r--	ale	ale	328	./usr/share/zoneinfo/posix/Asia/Manila
f	-rw-r--r--	ale	ale	328	./usr/share/zoneinfo/posix/US/Arizona
f	-rw-r--r--	ale	ale	3294	./usr/share/zoneinfo/right/America/Goose_Bay
f	-rw-r--r--	ale	ale	329	./usr/share/zoneinfo/posix/Pacific/Honolulu
f	-rw-r--r--	ale	ale	329	./usr/share/zoneinfo/posix/Pacific/Johnston
f	-rw-r--r--	ale	ale	329	./usr/share/zoneinfo/posix/US/Hawaii
f	-rw-r--r--	ale	ale	332	./usr/share/alsa/ucm2/MediaTek/mtk-rt5650/mtk-rt5650.conf
f	-rw-r--r--	ale	ale	3335	./usr/share/alsa/ucm/realtek,rt5651-codec/HiFi.conf
f	-rw-r--r--	ale	ale	333	./usr/share/alsa/cards/FWSpeakers.conf
f	-rw-r--r--	ale	ale	333	./usr/share/alsa/ucm2/codecs/wsa881x/DefaultEnableSeq.conf
f	-rw-r--r--	ale	ale	333	./usr/share/gettext/its/gschema.loc
f	-rw-r--r--	ale	ale	334	./usr/share/alsa/ucm2/codecs/wsa881x/SpeakerDisableSeq.conf
f	-rw-r--r--	ale	ale	334	./usr/share/alsa/ucm2/lib/ctl-remap.conf
f	-rw-r--r--	ale	ale	336	./usr/share/zoneinfo/posix/America/Atikokan
f	-rw-r--r--	ale	ale	336	./usr/share/zoneinfo/posix/America/Coral_Harbour
f	-rw-r--r--	ale	ale	337	./usr/share/zoneinfo/posix/Asia/Dacca
f	-rw-r--r--	ale	ale	337	./usr/share/zoneinfo/posix/Asia/Dhaka
f	-rw-r--r--	ale	ale	3424	./usr/share/zoneinfo/posix/America/Halifax
f	-rw-r--r--	ale	ale	3424	./usr/share/zoneinfo/posix/Canada/Atlantic
f	-rw-r--r--	ale	ale	3469	./usr/share/zoneinfo/posix/Europe/Lisbon
f	-rw-r--r--	ale	ale	3469	./usr/share/zoneinfo/posix/Portugal
f	-rw-r--r--	ale	ale	346	./usr/share/alsa/ucm2/codecs/cx2072x/Speaker.conf
f	-rw-r--r--	ale	ale	3475	./usr/share/zoneinfo/posix/Atlantic/Madeira
f	-rw-r--r--	ale	ale	347	./usr/share/alsa/ucm2/codecs/rt5651/init.conf
f	-rw-r--r--	ale	ale	3484	./usr/share/zoneinfo/posix/Atlantic/Azores
f	-rw-r--r--	ale	ale	3489	./usr/share/fontconfig/conf.avail/25-unhint-nonlatin.conf
f	-rw-r--r--	ale	ale	3492	./usr/share/zoneinfo/posix/Eire
f	-rw-r--r--	ale	ale	3492	./usr/share/zoneinfo/posix/Europe/Dublin
f	-rw-r--r--	ale	ale	3494	./usr/share/zoneinfo/posix/America/Montreal
f	-rw-r--r--	ale	ale	3494	./usr/share/zoneinfo/posix/America/Toronto
f	-rw-r--r--	ale	ale	3494	./usr/share/zoneinfo/posix/Canada/Eastern
f	-rw-r--r--	ale	ale	3508	./usr/share/zoneinfo/right/America/Halifax
f	-rw-r--r--	ale	ale	3508	./usr/share/zoneinfo/right/Canada/Atlantic
f	-rw-r--r--	ale	ale	351	./usr/share/zoneinfo/posix/Asia/Ho_Chi_Minh
f	-rw-r--r--	ale	ale	351	./usr/share/zoneinfo/posix/Asia/Saigon
f	-rw-r--r--	ale	ale	351	./usr/share/zoneinfo/posix/Pacific/Kosrae
f	-rw-r--r--	ale	ale	352	./usr/share/alsa/ucm2/codecs/wm5102/Speaker.conf
f	-rw-r--r--	ale	ale	3536	./usr/share/zoneinfo/posix/America/New_York
f	-rw-r--r--	ale	ale	3536	./usr/share/zoneinfo/posix/US/Eastern
f	-rw-r--r--	ale	ale	353	./usr/share/zoneinfo/posix/Asia/Pontianak
f	-rw-r--r--	ale	ale	3543	./usr/share/fontconfig/conf.avail/45-generic.conf
f	-rw-r--r--	ale	ale	3546	./usr/share/zoneinfo/right/Atlantic/Azores
f	-rw-r--r--	ale	ale	354	./usr/share/alsa/ucm2/codecs/wm5102/IN3-InternalMic.conf
f	-rw-r--r--	ale	ale	3550	./usr/share/zoneinfo/right/Europe/Lisbon
f	-rw-r--r--	ale	ale	3550	./usr/share/zoneinfo/right/Portugal
f	-rw-r--r--	ale	ale	3556	./usr/share/zoneinfo/right/Atlantic/Madeira
f	-rw-r--r--	ale	ale	355	./usr/share/zoneinfo/posix/Asia/Jakarta
f	-rw-r--r--	ale	ale	3561	./usr/share/dbus-1/session.conf
f	-rw-r--r--	ale	ale	3572	./usr/share/zoneinfo/right/Eire
f	-rw-r--r--	ale	ale	3572	./usr/share/zoneinfo/right/Europe/Dublin
f	-rw-r--r--	ale	ale	3576	./usr/share/zoneinfo/posix/America/Chicago
f	-rw-r--r--	ale	ale	3576	./usr/share/zoneinfo/posix/US/Central
f	-rw-r--r--	ale	ale	3578	./usr/share/zoneinfo/right/America/Montreal
f	-rw-r--r--	ale	ale	3578	./usr/share/zoneinfo/right/America/Toronto
f	-rw-r--r--	ale	ale	3578	./usr/share/zoneinfo/right/Canada/Eastern
f	-rw-r--r--	ale	ale	3599	./usr/share/alsa/ucm2/ucm.conf
f	-rw-r--r--	ale	ale	3620	./usr/share/zoneinfo/right/America/New_York
f	-rw-r--r--	ale	ale	3620	./usr/share/zoneinfo/right/US/Eastern
f	-rw-r--r--	ale	ale	3622	./usr/share/icons/hicolor/48x48/apps/vlc-xmas.png
f	-rw-r--r--	ale	ale	3648	./usr/share/zoneinfo/posix/Europe/Belfast
f	-rw-r--r--	ale	ale	3648	./usr/share/zoneinfo/posix/Europe/Guernsey
f	-rw-r--r--	ale	ale	3648	./usr/share/zoneinfo/posix/Europe/Isle_of_Man
f	-rw-r--r--	ale	ale	3648	./usr/share/zoneinfo/posix/Europe/Jersey
f	-rw-r--r--	ale	ale	3648	./usr/share/zoneinfo/posix/Europe/London
f	-rw-r--r--	ale	ale	3648	./usr/share/zoneinfo/posix/GB
f	-rw-r--r--	ale	ale	3648	./usr/share/zoneinfo/posix/GB-Eire
f	-rw-r--r--	ale	ale	3655	./usr/share/zoneinfo/posix/America/St_Johns
f	-rw-r--r--	ale	ale	3655	./usr/share/zoneinfo/posix/Canada/Newfoundland
f	-rw-r--r--	ale	ale	3660	./usr/share/zoneinfo/right/America/Chicago
f	-rw-r--r--	ale	ale	3660	./usr/share/zoneinfo/right/US/Central
f	-rw-r--r--	ale	ale	3677	./usr/lib/udev/rules.d/50-udev-default.rules
f	-rw-r--r--	ale	ale	37003	./usr/share/backgrounds/background_linux.jpg
f	-rw-r--r--	ale	ale	3716	./usr/share/terminfo/x/xterm
f	-rw-r--r--	ale	ale	3723	./etc/udev/rules.d/90-pulseaudio-rockchip.rules
f	-rw-r--r--	ale	ale	372	./usr/share/zoneinfo/posix/Asia/Colombo
f	-rw-r--r--	ale	ale	372	./usr/share/zoneinfo/posix/Pacific/Tongatapu
f	-rw-r--r--	ale	ale	3730	./usr/share/zoneinfo/right/Europe/Belfast
f	-rw-r--r--	ale	ale	3730	./usr/share/zoneinfo/right/Europe/Guernsey
f	-rw-r--r--	ale	ale	3730	./usr/share/zoneinfo/right/Europe/Isle_of_Man
f	-rw-r--r--	ale	ale	3730	./usr/share/zoneinfo/right/Europe/Jersey
f	-rw-r--r--	ale	ale	3730	./usr/share/zoneinfo/right/Europe/London
f	-rw-r--r--	ale	ale	3730	./usr/share/zoneinfo/right/GB
f	-rw-r--r--	ale	ale	3730	./usr/share/zoneinfo/right/GB-Eire
f	-rw-r--r--	ale	ale	3736	./usr/share/zoneinfo/right/America/St_Johns
f	-rw-r--r--	ale	ale	3736	./usr/share/zoneinfo/right/Canada/Newfoundland
f	-rw-r--r--	ale	ale	3780	./usr/share/terminfo/x/xterm-256color
f	-rw-r--r--	ale	ale	3782664	./system/lib/modules/RTL8189FU.ko
f	-rw-r--r--	ale	ale	379	./usr/share/zoneinfo/posix/Asia/Karachi
f	-rw-r--r--	ale	ale	382	./usr/share/alsa/ucm2/codecs/cx2072x/EnableSeq.conf
f	-rw-r--r--	ale	ale	3830	./usr/share/bash-completion/completions/gio
f	-rw-r--r--	ale	ale	383	./usr/share/alsa/ucm2/codecs/cx2072x/HeadPhones.conf
f	-rw-r--r--	ale	ale	383	./usr/share/alsa/ucm2/Intel/kblrt5660/kblrt5660.conf
f	-rw-r--r--	ale	ale	383	./usr/share/zoneinfo/posix/Asia/Kuala_Lumpur
f	-rw-r--r--	ale	ale	383	./usr/share/zoneinfo/posix/Asia/Singapore
f	-rw-r--r--	ale	ale	383	./usr/share/zoneinfo/posix/Singapore
f	-rw-r--r--	ale	ale	3848	./usr/share/alsa/cards/CA0106.conf
f	-rw-r--r--	ale	ale	384	./usr/share/alsa/ucm2/codecs/wm5102/IN1-HeadsetMic.conf
f	-rw-r--r--	ale	ale	384	./usr/share/zoneinfo/posix/Antarctica/Casey
f	-rw-r--r--	ale	ale	38552	./usr/lib/libwpa_client.so
f	-rw-r--r--	ale	ale	385	./usr/share/alsa/ucm2/Intel/hda-dsp/hda-dsp.conf
f	-rw-r--r--	ale	ale	386	./usr/share/alsa/ucm2/codecs/cx2072x/InternalMic.conf
f	-rw-r--r--	ale	ale	387	./usr/share/alsa/ucm2/codecs/wm5102/HeadPhones.conf
f	-rw-r--r--	ale	ale	389	./usr/miyoo/bin/lang/en.lang.short
f	-rw-r--r--	ale	ale	389	./usr/share/alsa/alsa.conf.d/60-upmix.conf
f	-rw-r--r--	ale	ale	389	./usr/share/alsa/ucm2/codecs/es8316/IN1-InternalMic.conf
f	-rw-r--r--	ale	ale	389	./usr/share/alsa/ucm2/codecs/es8316/IN2-InternalMic.conf
f	-rw-r--r--	ale	ale	389	./usr/share/alsa/ucm2/HDA/DualCodecs/DualCodecs.conf
f	-rw-r--r--	ale	ale	391	./usr/share/alsa/init/help
f	-rw-r--r--	ale	ale	392	./usr/share/alsa/ucm2/codecs/es8316/HeadPhones.conf
f	-rw-r--r--	ale	ale	393	./usr/share/alsa/alsa.conf.d/60-vdownmix.conf
f	-rw-r--r--	ale	ale	3973	./usr/share/alsa/ucm2/Intel/bytcr-rt5640/HiFi.conf
f	-rw-r--r--	ale	ale	3979	./usr/share/alsa/ucm2/Intel/chtrt5645/HiFi.conf
f	-rw-r--r--	ale	ale	398	./usr/share/alsa/ucm2/Tegra/rt5640/Google-Nexus-7-HiFi.conf
f	-rw-r--r--	ale	ale	404	./usr/share/alsa/ucm2/conf.d/rockchip-dp0/DP.conf
f	-rw-r--r--	ale	ale	404	./usr/share/alsa/ucm2/conf.d/rockchip-dp1/DP.conf
f	-rw-r--r--	ale	ale	406	./usr/share/zoneinfo/posix/America/Lima
f	-rw-r--r--	ale	ale	408	./usr/share/alsa/ucm2/codecs/wsa881x/SpeakerEnableSeq.conf
f	-rw-r--r--	ale	ale	408	./usr/share/alsa/ucm2/Intel/cht-bsw-rt5672/cht-bsw-rt5672.conf
f	-rw-r--r--	ale	ale	409	./usr/miyoo/bin/lang/cht.lang.short
f	-rw-r--r--	ale	ale	409	./usr/share/alsa/ucm2/codecs/rt5645/DigitalMicEnableSeq.conf
f	-rw-r--r--	ale	ale	409	./usr/share/alsa/ucm2/codecs/rt5672/HeadPhones.conf
f	-rw-r--r--	ale	ale	412	./usr/miyoo/bin/lang/ch.lang.short
f	-rw-r--r--	ale	ale	413	./usr/lib/udev/rules.d/60-drm.rules
f	-rw-r--r--	ale	ale	41508	./usr/miyoo/bin/HENB.TTF
f	-rw-r--r--	ale	ale	416	./usr/share/zoneinfo/posix/America/Hermosillo
f	-rw-r--r--	ale	ale	417	./usr/share/alsa/init/rockchip
f	-rw-r--r--	ale	ale	419	./usr/share/alsa/ucm2/codecs/es8316/IN1-HeadsetMic.conf
f	-rw-r--r--	ale	ale	419	./usr/share/alsa/ucm2/codecs/es8316/IN2-HeadsetMic.conf
f	-rw-r--r--	ale	ale	419	./usr/share/alsa/ucm2/sof-soundwire/dmic.conf
f	-rw-r--r--	ale	ale	419	./usr/share/zoneinfo/posix/Australia/Brisbane
f	-rw-r--r--	ale	ale	419	./usr/share/zoneinfo/posix/Australia/Queensland
f	-rw-r--r--	ale	ale	423	./usr/miyoo/bin/lang/pt.lang.short
f	-rw-r--r--	ale	ale	423	./usr/share/fontconfig/conf.avail/51-local.conf
f	-rw-r--r--	ale	ale	424	./usr/share/alsa/alsa.conf.d/10-speexrate.conf
f	-rw-r--r--	ale	ale	426	./usr/share/alsa/ucm2/codecs/cx2072x/HeadsetMic.conf
f	-rw-r--r--	ale	ale	426	./usr/share/alsa/ucm2/codecs/es8316/Speaker.conf
f	-rw-r--r--	ale	ale	426	./usr/share/alsa/ucm2/codecs/max98090/Speaker.conf
f	-rw-r--r--	ale	ale	430	./usr/share/zoneinfo/posix/America/Managua
f	-rw-r--r--	ale	ale	431	./usr/share/alsa/ucm2/codecs/rt715-sdca/init.conf
f	-rw-r--r--	ale	ale	432	./usr/lib/udev/rules.d/70-joystick.rules
f	-rw-r--r--	ale	ale	437	./usr/share/alsa/cards/AU8810.conf
f	-rw-r--r--	ale	ale	437	./usr/share/alsa/ucm2/MediaTek/mtk-rt5650/init.conf
f	-rw-r--r--	ale	ale	4399	./usr/share/alsa/cards/Echo_Echo3G.conf
f	-rw-r--r--	ale	ale	440	./usr/share/alsa/ucm2/codecs/nau8824/Speaker.conf
f	-rw-r--r--	ale	ale	441	./usr/miyoo/bin/lang/es.lang.short
f	-rw-r--r--	ale	ale	442	./usr/share/alsa/ucm2/Qualcomm/sm8250/HDMI.conf
f	-rw-r--r--	ale	ale	4438	./usr/share/alsa/ucm2/HDA/HiFi-analog.conf
f	-rw-r--r--	ale	ale	443	./usr/miyoo/bin/lang/ko.lang.short
f	-rw-r--r--	ale	ale	445	./usr/share/alsa/ucm2/Qualcomm/sdm845/HDMI.conf
f	-rw-r--r--	ale	ale	4463	./usr/share/zoneinfo/iso3166.tab
f	-rw-r--r--	ale	ale	446	./usr/share/zoneinfo/posix/Australia/Perth
f	-rw-r--r--	ale	ale	446	./usr/share/zoneinfo/posix/Australia/West
f	-rw-r--r--	ale	ale	447	./usr/share/alsa/ucm2/codecs/max98090/InternalMic.conf
f	-rw-r--r--	ale	ale	447	./usr/share/alsa/ucm2/conf.d/rockchip-hdmi0/Hdmi.conf
f	-rw-r--r--	ale	ale	447	./usr/share/alsa/ucm2/conf.d/rockchip-hdmi1/Hdmi.conf
f	-rw-r--r--	ale	ale	447	./usr/share/alsa/ucm2/sof-soundwire/rt1308-1.conf
f	-rw-r--r--	ale	ale	449	./usr/share/alsa/ucm2/sof-soundwire/rt715-sdca.conf
f	-rw-r--r--	ale	ale	452	./usr/lib/udev/rules.d/75-net-description.rules
f	-rw-r--r--	ale	ale	452	./usr/share/alsa/ucm2/lib/generic.conf
f	-rw-r--r--	ale	ale	4539	./usr/share/et/et_h.awk
f	-rw-r--r--	ale	ale	453	./usr/share/alsa/ucm2/Intel/hda-dsp/Hdmi2.conf
f	-rw-r--r--	ale	ale	453	./usr/share/alsa/ucm2/Intel/kblrt5660/Hdmi1.conf
f	-rw-r--r--	ale	ale	453	./usr/share/alsa/ucm2/Intel/kblrt5660/Hdmi2.conf
f	-rw-r--r--	ale	ale	4541	./usr/lib/udev/rules.d/78-sound-card.rules
f	-rw-r--r--	ale	ale	454	./usr/share/alsa/ucm2/Intel/hda-dsp/Hdmi1.conf
f	-rw-r--r--	ale	ale	458	./usr/share/zoneinfo/posix/America/Santo_Domingo
f	-rw-r--r--	ale	ale	4598	./usr/share/alsa/ucm2/Intel/bdw-rt5677/HiFi.conf
f	-rw-r--r--	ale	ale	460	./busybox.fragment
f	-rw-r--r--	ale	ale	464	./usr/share/fontconfig/conf.avail/65-khmer.conf
f	-rw-r--r--	ale	ale	466	./usr/lib/udev/rules.d/usbmount.rules
f	-rw-r--r--	ale	ale	4690	./usr/share/alsa/ucm2/platforms/bytcr/PlatformEnableSeq.conf
f	-rw-r--r--	ale	ale	470	./usr/miyoo/bin/lang/ja.lang.short
f	-rw-r--r--	ale	ale	470	./usr/share/zoneinfo/posix/Australia/Eucla
f	-rw-r--r--	ale	ale	472	./usr/share/alsa/ucm2/codecs/max98090/Headphones.conf
f	-rw-r--r--	ale	ale	472	./usr/share/alsa/ucm2/USB-Audio/Lenovo/ThinkStation-P620-Main-HiFi.conf
f	-rw-r--r--	ale	ale	473	./usr/lib/udev/rules.d/70-touchpad.rules
f	-rw-r--r--	ale	ale	475	./usr/share/zoneinfo/posix/Australia/Lindeman
f	-rw-r--r--	ale	ale	477	./usr/share/alsa/ucm2/codecs/wcd934x/DefaultEnableSeq.conf
f	-rw-r--r--	ale	ale	477	./usr/share/alsa/ucm2/Intel/bytcr-rt5640/bytcr-rt5640.conf
f	-rw-r--r--	ale	ale	4803	./usr/share/alsa/cards/NFORCE.conf
f	-rw-r--r--	ale	ale	480	./usr/share/alsa/ucm2/codecs/wm5102/EnableSeq.conf
f	-rw-r--r--	ale	ale	481	./usr/share/alsa/ucm2/USB-Audio/Lenovo/ThinkStation-P620-Rear-HiFi.conf
f	-rw-r--r--	ale	ale	4828	./usr/share/icons/hicolor/32x32/apps/vlc-xmas.xpm
f	-rw-r--r--	ale	ale	482	./usr/share/zoneinfo/posix/America/Jamaica
f	-rw-r--r--	ale	ale	482	./usr/share/zoneinfo/posix/Jamaica
f	-rw-r--r--	ale	ale	483	./usr/share/zoneinfo/posix/Asia/Kuching
f	-rw-r--r--	ale	ale	486	./usr/share/alsa/cards/PMac.conf
f	-rw-r--r--	ale	ale	487	./usr/share/fontconfig/conf.avail/70-no-bitmaps.conf
f	-rw-r--r--	ale	ale	487	./usr/share/fontconfig/conf.avail/70-yes-bitmaps.conf
f	-rw-r--r--	ale	ale	4881	./usr/miyoo/bin/lang/ch.lang
f	-rw-r--r--	ale	ale	4891	./usr/miyoo/bin/lang/cht.lang
f	-rw-r--r--	ale	ale	489	./usr/share/alsa/ucm2/Intel/skylake-rt286/Hdmi1.conf
f	-rw-r--r--	ale	ale	491	./usr/lib/udev/rules.d/80-net-name-slot.rules
f	-rw-r--r--	ale	ale	494	./usr/share/zoneinfo/posix/Pacific/Guam
f	-rw-r--r--	ale	ale	494	./usr/share/zoneinfo/posix/Pacific/Saipan
f	-rw-r--r--	ale	ale	4950	./usr/miyoo/bin/lang/en.lang
f	-rw-r--r--	ale	ale	496	./usr/share/alsa/ucm2/codecs/nau8824/InternalMic.conf
f	-rw-r--r--	ale	ale	496	./usr/share/alsa/ucm2/Intel/sof-ehl-rt5660/sof-ehl-rt5660.conf
f	-rw-r--r--	ale	ale	500	./usr/share/alsa/ucm2/HDA/HiFi.conf
f	-rw-r--r--	ale	ale	512	./usr/share/alsa/ucm2/codecs/nau8824/MonoSpeaker.conf
f	-rw-r--r--	ale	ale	514	./usr/share/alsa/ucm2/codecs/rt5672/Speaker.conf
f	-rw-r--r--	ale	ale	5177387	./usr/miyoo/bin/wqy-microhei.ttc
f	-rw-r--r--	ale	ale	517	./usr/share/alsa/ucm2/codecs/rt5651/DigitalMic.conf
f	-rw-r--r--	ale	ale	520	./usr/share/alsa/cards/AU8830.conf
f	-rw-r--r--	ale	ale	525	./usr/share/alsa/ucm2/Intel/skylake-rt286/Hdmi2.conf
f	-rw-r--r--	ale	ale	52	./usr/share/alsa/ucm2/common/linked-card.conf
f	-rw-r--r--	ale	ale	530	./usr/share/alsa/ucm2/Qualcomm/apq8096/HDMI.conf
f	-rw-r--r--	ale	ale	5330	./info/rockchip_config
f	-rw-r--r--	ale	ale	5383	./usr/miyoo/bin/lang/pt.lang
f	-rw-r--r--	ale	ale	538	./usr/share/zoneinfo/posix/Pacific/Efate
f	-rw-r--r--	ale	ale	539	./usr/share/alsa/ctl/default.conf
f	-rw-r--r--	ale	ale	54221	./usr/share/icons/hicolor/256x256/apps/vlc.png
f	-rw-r--r--	ale	ale	5424	./usr/share/fontconfig/conf.avail/40-nonlatin.conf
f	-rw-r--r--	ale	ale	5441	./usr/miyoo/bin/lang/es.lang
f	-rw-r--r--	ale	ale	544	./usr/share/alsa/ucm2/codecs/nau8824/HeadsetMic.conf
f	-rw-r--r--	ale	ale	5474	./usr/share/icons/hicolor/32x32/apps/vlc.xpm
f	-rw-r--r--	ale	ale	54	./usr/share/alsa/ucm2/NXP/iMX8/Librem_5_Devkit/Librem 5 Devkit.conf
f	-rw-r--r--	ale	ale	5530	./usr/miyoo/bin/lang/ko.lang
f	-rw-r--r--	ale	ale	557	./usr/share/alsa/ucm2/Intel/bytcht-es8316/HiFi.conf
f	-rw-r--r--	ale	ale	557	./usr/share/alsa/ucm2/sof-soundwire/HiFi.conf
f	-rw-r--r--	ale	ale	558	./usr/share/alsa/cards/Maestro3.conf
f	-rw-r--r--	ale	ale	559	./usr/share/alsa/ucm2/codecs/rt5645/DisableSeq.conf
f	-rw-r--r--	ale	ale	560	./usr/share/zoneinfo/posix/America/Swift_Current
f	-rw-r--r--	ale	ale	561	./usr/share/zoneinfo/posix/Asia/Chongqing
f	-rw-r--r--	ale	ale	561	./usr/share/zoneinfo/posix/Asia/Chungking
f	-rw-r--r--	ale	ale	561	./usr/share/zoneinfo/posix/Asia/Harbin
f	-rw-r--r--	ale	ale	561	./usr/share/zoneinfo/posix/Asia/Shanghai
f	-rw-r--r--	ale	ale	561	./usr/share/zoneinfo/posix/PRC
f	-rw-r--r--	ale	ale	564	./usr/share/alsa/ucm2/USB-Audio/Dell/Desktop-Front-Speaker-Headset.conf
f	-rw-r--r--	ale	ale	565	./usr/share/alsa/ucm2/codecs/hda/hdmi.conf
f	-rw-r--r--	ale	ale	5672	./usr/share/alsa/cards/EMU10K1.conf
f	-rw-r--r--	ale	ale	5688	./usr/share/dbus-1/system.conf
f	-rw-r--r--	ale	ale	573	./usr/share/alsa/ucm2/codecs/nau8824/EnableSeq.conf
f	-rw-r--r--	ale	ale	574	./usr/lib/udev/rules.d/64-btrfs.rules
f	-rw-r--r--	ale	ale	576	./usr/share/zoneinfo/posix/America/Belem
f	-rw-r--r--	ale	ale	576	./usr/share/zoneinfo/posix/America/Porto_Velho
f	-rw-r--r--	ale	ale	577	./usr/share/zoneinfo/posix/Asia/Samarkand
f	-rw-r--r--	ale	ale	577	./usr/share/zoneinfo/posix/Pacific/Rarotonga
f	-rw-r--r--	ale	ale	57	./usr/share/alsa/ucm2/codecs/wcd934x/HeadphoneMicDisableSeq.conf
f	-rw-r--r--	ale	ale	580	./usr/share/alsa/ucm2/Intel/bytcr-wm5102/HiFi.conf
f	-rw-r--r--	ale	ale	584	./usr/share/alsa/ucm2/Intel/sof-hda-dsp/Hdmi.conf
f	-rw-r--r--	ale	ale	5861	./usr/miyoo/bin/lang/ja.lang
f	-rw-r--r--	ale	ale	586	./usr/share/alsa/ucm2/sof-soundwire/Hdmi.conf
f	-rw-r--r--	ale	ale	5899	./usr/share/alsa/cards/Audigy.conf
f	-rw-r--r--	ale	ale	589	./usr/share/alsa/ucm2/Intel/bytcht-cx2072x/HiFi.conf
f	-rw-r--r--	ale	ale	591	./usr/share/zoneinfo/posix/Asia/Dushanbe
f	-rw-r--r--	ale	ale	591	./usr/share/zoneinfo/posix/Asia/Tashkent
f	-rw-r--r--	ale	ale	595	./usr/share/alsa/ucm2/sof-soundwire/rt715.conf
f	-rw-r--r--	ale	ale	597	./usr/share/fontconfig/conf.avail/80-delicious.conf
f	-rw-r--r--	ale	ale	600	./usr/share/alsa/ucm2/codecs/nau8824/DMIC1_2.conf
f	-rw-r--r--	ale	ale	601	./usr/share/alsa/ucm2/codecs/rt5651/IN1-InternalMic.conf
f	-rw-r--r--	ale	ale	601	./usr/share/alsa/ucm2/codecs/rt5651/IN2-InternalMic.conf
f	-rw-r--r--	ale	ale	602	./usr/share/zoneinfo/posix/America/Santarem
f	-rw-r--r--	ale	ale	604	./usr/share/zoneinfo/posix/America/Manaus
f	-rw-r--r--	ale	ale	604	./usr/share/zoneinfo/posix/Brazil/West
f	-rw-r--r--	ale	ale	606	./usr/share/icons/hicolor/16x16/apps/vlc.png
f	-rw-r--r--	ale	ale	615	./usr/lib/udev/rules.d/80-drivers.rules
f	-rw-r--r--	ale	ale	616	./usr/lib/udev/rules.d/60-persistent-alsa.rules
f	-rw-r--r--	ale	ale	617	./usr/share/zoneinfo/posix/Asia/Seoul
f	-rw-r--r--	ale	ale	617	./usr/share/zoneinfo/posix/ROK
f	-rw-r--r--	ale	ale	619	./usr/share/zoneinfo/posix/Asia/Ashgabat
f	-rw-r--r--	ale	ale	619	./usr/share/zoneinfo/posix/Asia/Ashkhabad
f	-rw-r--r--	ale	ale	620	./usr/lib/udev/rules.d/60-block.rules
f	-rw-r--r--	ale	ale	625	./usr/share/zoneinfo/posix/Africa/Tripoli
f	-rw-r--r--	ale	ale	625	./usr/share/zoneinfo/posix/Libya
f	-rw-r--r--	ale	ale	628	./usr/share/zoneinfo/posix/America/Porto_Acre
f	-rw-r--r--	ale	ale	628	./usr/share/zoneinfo/posix/America/Rio_Branco
f	-rw-r--r--	ale	ale	628	./usr/share/zoneinfo/posix/Brazil/Acre
f	-rw-r--r--	ale	ale	632	./usr/share/zoneinfo/posix/America/Boa_Vista
f	-rw-r--r--	ale	ale	645	./usr/share/alsa/pcm/dpl.conf
f	-rw-r--r--	ale	ale	645	./usr/share/alsa/ucm2/Intel/bytcr-rt5651/HiFi.conf
f	-rw-r--r--	ale	ale	6485	./usr/share/et/et_c.awk
f	-rw-r--r--	ale	ale	6521	./usr/lib/udev/rules.d/60-persistent-storage.rules
f	-rw-r--r--	ale	ale	656	./usr/share/ca-certificates/mozilla/Amazon_Root_CA_3.crt
f	-rw-r--r--	ale	ale	656	./usr/share/zoneinfo/posix/America/Eirunepe
f	-rw-r--r--	ale	ale	657	./usr/share/alsa/cards/PC-Speaker.conf
f	-rw-r--r--	ale	ale	6600	./usr/share/fontconfig/conf.avail/45-latin.conf
f	-rw-r--r--	ale	ale	664	./usr/share/zoneinfo/right/EST
f	-rw-r--r--	ale	ale	664	./usr/share/zoneinfo/right/Etc/GMT
f	-rw-r--r--	ale	ale	664	./usr/share/zoneinfo/right/Etc/GMT+0
f	-rw-r--r--	ale	ale	664	./usr/share/zoneinfo/right/Etc/GMT-0
f	-rw-r--r--	ale	ale	664	./usr/share/zoneinfo/right/Etc/GMT0
f	-rw-r--r--	ale	ale	664	./usr/share/zoneinfo/right/Etc/GMT+1
f	-rw-r--r--	ale	ale	664	./usr/share/zoneinfo/right/Etc/GMT-1
f	-rw-r--r--	ale	ale	664	./usr/share/zoneinfo/right/Etc/GMT+10
f	-rw-r--r--	ale	ale	664	./usr/share/zoneinfo/right/Etc/GMT-10
f	-rw-r--r--	ale	ale	664	./usr/share/zoneinfo/right/Etc/GMT+11
f	-rw-r--r--	ale	ale	664	./usr/share/zoneinfo/right/Etc/GMT-11
f	-rw-r--r--	ale	ale	664	./usr/share/zoneinfo/right/Etc/GMT+12
f	-rw-r--r--	ale	ale	664	./usr/share/zoneinfo/right/Etc/GMT-12
f	-rw-r--r--	ale	ale	664	./usr/share/zoneinfo/right/Etc/GMT-13
f	-rw-r--r--	ale	ale	664	./usr/share/zoneinfo/right/Etc/GMT-14
f	-rw-r--r--	ale	ale	664	./usr/share/zoneinfo/right/Etc/GMT+2
f	-rw-r--r--	ale	ale	664	./usr/share/zoneinfo/right/Etc/GMT-2
f	-rw-r--r--	ale	ale	664	./usr/share/zoneinfo/right/Etc/GMT+3
f	-rw-r--r--	ale	ale	664	./usr/share/zoneinfo/right/Etc/GMT-3
f	-rw-r--r--	ale	ale	664	./usr/share/zoneinfo/right/Etc/GMT+4
f	-rw-r--r--	ale	ale	664	./usr/share/zoneinfo/right/Etc/GMT-4
f	-rw-r--r--	ale	ale	664	./usr/share/zoneinfo/right/Etc/GMT+5
f	-rw-r--r--	ale	ale	664	./usr/share/zoneinfo/right/Etc/GMT-5
f	-rw-r--r--	ale	ale	664	./usr/share/zoneinfo/right/Etc/GMT+6
f	-rw-r--r--	ale	ale	664	./usr/share/zoneinfo/right/Etc/GMT-6
f	-rw-r--r--	ale	ale	664	./usr/share/zoneinfo/right/Etc/GMT+7
f	-rw-r--r--	ale	ale	664	./usr/share/zoneinfo/right/Etc/GMT-7
f	-rw-r--r--	ale	ale	664	./usr/share/zoneinfo/right/Etc/GMT+8
f	-rw-r--r--	ale	ale	664	./usr/share/zoneinfo/right/Etc/GMT-8
f	-rw-r--r--	ale	ale	664	./usr/share/zoneinfo/right/Etc/GMT+9
f	-rw-r--r--	ale	ale	664	./usr/share/zoneinfo/right/Etc/GMT-9
f	-rw-r--r--	ale	ale	664	./usr/share/zoneinfo/right/Etc/Greenwich
f	-rw-r--r--	ale	ale	664	./usr/share/zoneinfo/right/Etc/UCT
f	-rw-r--r--	ale	ale	664	./usr/share/zoneinfo/right/Etc/Universal
f	-rw-r--r--	ale	ale	664	./usr/share/zoneinfo/right/Etc/UTC
f	-rw-r--r--	ale	ale	664	./usr/share/zoneinfo/right/Etc/Zulu
f	-rw-r--r--	ale	ale	664	./usr/share/zoneinfo/right/Factory
f	-rw-r--r--	ale	ale	664	./usr/share/zoneinfo/right/GMT
f	-rw-r--r--	ale	ale	664	./usr/share/zoneinfo/right/GMT+0
f	-rw-r--r--	ale	ale	664	./usr/share/zoneinfo/right/GMT-0
f	-rw-r--r--	ale	ale	664	./usr/share/zoneinfo/right/GMT0
f	-rw-r--r--	ale	ale	664	./usr/share/zoneinfo/right/Greenwich
f	-rw-r--r--	ale	ale	664	./usr/share/zoneinfo/right/HST
f	-rw-r--r--	ale	ale	664	./usr/share/zoneinfo/right/MST
f	-rw-r--r--	ale	ale	664	./usr/share/zoneinfo/right/UCT
f	-rw-r--r--	ale	ale	664	./usr/share/zoneinfo/right/Universal
f	-rw-r--r--	ale	ale	664	./usr/share/zoneinfo/right/UTC
f	-rw-r--r--	ale	ale	664	./usr/share/zoneinfo/right/Zulu
f	-rw-r--r--	ale	ale	665	./usr/share/alsa/ucm2/Intel/bytcr-rt5640/HiFi-LongName.conf
f	-rw-r--r--	ale	ale	668	./usr/share/alsa/ucm2/codecs/rt5651/IN2-HeadsetMic.conf
f	-rw-r--r--	ale	ale	668	./usr/share/alsa/ucm2/codecs/rt5651/IN3-HeadsetMic.conf
f	-rw-r--r--	ale	ale	669	./usr/share/alsa/cards/AACI.conf
f	-rw-r--r--	ale	ale	675	./usr/share/alsa/ucm2/codecs/max98090/HeadsetMic.conf
f	-rw-r--r--	ale	ale	679	./usr/share/zoneinfo/posix/Africa/Juba
f	-rw-r--r--	ale	ale	679	./usr/share/zoneinfo/posix/Africa/Khartoum
f	-rw-r--r--	ale	ale	687	./etc/xdg/weston/weston.ini.d/01-launcher.ini
f	-rw-r--r--	ale	ale	689	./usr/share/zoneinfo/posix/Africa/Tunis
f	-rw-r--r--	ale	ale	692	./usr/share/fontconfig/conf.avail/10-hinting-full.conf
f	-rw-r--r--	ale	ale	692	./usr/share/fontconfig/conf.avail/10-hinting-none.conf
f	-rw-r--r--	ale	ale	695	./usr/share/alsa/ucm/rockchip,rt5616-codec/HiFi
f	-rw-r--r--	ale	ale	696	./usr/share/fontconfig/conf.avail/10-hinting-medium.conf
f	-rw-r--r--	ale	ale	696	./usr/share/fontconfig/conf.avail/10-hinting-slight.conf
f	-rw-r--r--	ale	ale	698	./usr/share/zoneinfo/posix/America/Danmarkshavn
f	-rw-r--r--	ale	ale	698	./usr/share/zoneinfo/right/Africa/Abidjan
f	-rw-r--r--	ale	ale	698	./usr/share/zoneinfo/right/Africa/Bamako
f	-rw-r--r--	ale	ale	698	./usr/share/zoneinfo/right/Africa/Banjul
f	-rw-r--r--	ale	ale	698	./usr/share/zoneinfo/right/Africa/Blantyre
f	-rw-r--r--	ale	ale	698	./usr/share/zoneinfo/right/Africa/Bujumbura
f	-rw-r--r--	ale	ale	698	./usr/share/zoneinfo/right/Africa/Conakry
f	-rw-r--r--	ale	ale	698	./usr/share/zoneinfo/right/Africa/Dakar
f	-rw-r--r--	ale	ale	698	./usr/share/zoneinfo/right/Africa/Freetown
f	-rw-r--r--	ale	ale	698	./usr/share/zoneinfo/right/Africa/Gaborone
f	-rw-r--r--	ale	ale	698	./usr/share/zoneinfo/right/Africa/Harare
f	-rw-r--r--	ale	ale	698	./usr/share/zoneinfo/right/Africa/Kigali
f	-rw-r--r--	ale	ale	698	./usr/share/zoneinfo/right/Africa/Lome
f	-rw-r--r--	ale	ale	698	./usr/share/zoneinfo/right/Africa/Lubumbashi
f	-rw-r--r--	ale	ale	698	./usr/share/zoneinfo/right/Africa/Lusaka
f	-rw-r--r--	ale	ale	698	./usr/share/zoneinfo/right/Africa/Maputo
f	-rw-r--r--	ale	ale	698	./usr/share/zoneinfo/right/Africa/Nouakchott
f	-rw-r--r--	ale	ale	698	./usr/share/zoneinfo/right/Africa/Ouagadougou
f	-rw-r--r--	ale	ale	698	./usr/share/zoneinfo/right/Africa/Timbuktu
f	-rw-r--r--	ale	ale	698	./usr/share/zoneinfo/right/America/Anguilla
f	-rw-r--r--	ale	ale	698	./usr/share/zoneinfo/right/America/Antigua
f	-rw-r--r--	ale	ale	698	./usr/share/zoneinfo/right/America/Dominica
f	-rw-r--r--	ale	ale	698	./usr/share/zoneinfo/right/America/Grenada
f	-rw-r--r--	ale	ale	698	./usr/share/zoneinfo/right/America/Guadeloupe
f	-rw-r--r--	ale	ale	698	./usr/share/zoneinfo/right/America/Marigot
f	-rw-r--r--	ale	ale	698	./usr/share/zoneinfo/right/America/Montserrat
f	-rw-r--r--	ale	ale	698	./usr/share/zoneinfo/right/America/Port_of_Spain
f	-rw-r--r--	ale	ale	698	./usr/share/zoneinfo/right/America/St_Barthelemy
f	-rw-r--r--	ale	ale	698	./usr/share/zoneinfo/right/America/St_Kitts
f	-rw-r--r--	ale	ale	698	./usr/share/zoneinfo/right/America/St_Lucia
f	-rw-r--r--	ale	ale	698	./usr/share/zoneinfo/right/America/St_Thomas
f	-rw-r--r--	ale	ale	698	./usr/share/zoneinfo/right/America/St_Vincent
f	-rw-r--r--	ale	ale	698	./usr/share/zoneinfo/right/America/Tortola
f	-rw-r--r--	ale	ale	698	./usr/share/zoneinfo/right/America/Virgin
f	-rw-r--r--	ale	ale	698	./usr/share/zoneinfo/right/Antarctica/Rothera
f	-rw-r--r--	ale	ale	698	./usr/share/zoneinfo/right/Antarctica/Syowa
f	-rw-r--r--	ale	ale	698	./usr/share/zoneinfo/right/Antarctica/Vostok
f	-rw-r--r--	ale	ale	698	./usr/share/zoneinfo/right/Asia/Aden
f	-rw-r--r--	ale	ale	698	./usr/share/zoneinfo/right/Asia/Dubai
f	-rw-r--r--	ale	ale	698	./usr/share/zoneinfo/right/Asia/Kashgar
f	-rw-r--r--	ale	ale	698	./usr/share/zoneinfo/right/Asia/Kuwait
f	-rw-r--r--	ale	ale	698	./usr/share/zoneinfo/right/Asia/Muscat
f	-rw-r--r--	ale	ale	698	./usr/share/zoneinfo/right/Asia/Riyadh
f	-rw-r--r--	ale	ale	698	./usr/share/zoneinfo/right/Asia/Urumqi
f	-rw-r--r--	ale	ale	698	./usr/share/zoneinfo/right/Atlantic/South_Georgia
f	-rw-r--r--	ale	ale	698	./usr/share/zoneinfo/right/Atlantic/St_Helena
f	-rw-r--r--	ale	ale	698	./usr/share/zoneinfo/right/Indian/Christmas
f	-rw-r--r--	ale	ale	698	./usr/share/zoneinfo/right/Indian/Kerguelen
f	-rw-r--r--	ale	ale	698	./usr/share/zoneinfo/right/Indian/Mahe
f	-rw-r--r--	ale	ale	698	./usr/share/zoneinfo/right/Indian/Reunion
f	-rw-r--r--	ale	ale	698	./usr/share/zoneinfo/right/Pacific/Funafuti
f	-rw-r--r--	ale	ale	698	./usr/share/zoneinfo/right/Pacific/Gambier
f	-rw-r--r--	ale	ale	698	./usr/share/zoneinfo/right/Pacific/Guadalcanal
f	-rw-r--r--	ale	ale	698	./usr/share/zoneinfo/right/Pacific/Tahiti
f	-rw-r--r--	ale	ale	698	./usr/share/zoneinfo/right/Pacific/Tarawa
f	-rw-r--r--	ale	ale	698	./usr/share/zoneinfo/right/Pacific/Wake
f	-rw-r--r--	ale	ale	698	./usr/share/zoneinfo/right/Pacific/Wallis
f	-rw-r--r--	ale	ale	700	./usr/share/alsa/ucm2/codecs/rt715/init.conf
f	-rw-r--r--	ale	ale	700	./usr/share/alsa/ucm2/sof-soundwire/rt1308-2.conf
f	-rw-r--r--	ale	ale	701	./usr/share/fontconfig/conf.avail/10-unhinted.conf
f	-rw-r--r--	ale	ale	7020225	./info/System.map-5.10
f	-rw-r--r--	ale	ale	702	./usr/share/alsa/cards/FireWave.conf
f	-rw-r--r--	ale	ale	702	./usr/share/zoneinfo/right/Indian/Cocos
f	-rw-r--r--	ale	ale	702	./usr/share/zoneinfo/right/Pacific/Marquesas
f	-rw-r--r--	ale	ale	705	./usr/share/alsa/cards/PMacToonie.conf
f	-rw-r--r--	ale	ale	706	./usr/share/fontconfig/conf.avail/10-autohint.conf
f	-rw-r--r--	ale	ale	709	./usr/share/alsa/ucm2/codecs/rt5672/MonoSpeaker.conf
f	-rw-r--r--	ale	ale	713	./usr/share/ca-certificates/mozilla/GlobalSign_ECC_Root_CA_-_R4.crt
f	-rw-r--r--	ale	ale	713	./usr/share/zoneinfo/right/Pacific/Palau
f	-rw-r--r--	ale	ale	716	./usr/share/zoneinfo/posix/America/Fortaleza
f	-rw-r--r--	ale	ale	716	./usr/share/zoneinfo/posix/America/Noronha
f	-rw-r--r--	ale	ale	716	./usr/share/zoneinfo/posix/America/Recife
f	-rw-r--r--	ale	ale	716	./usr/share/zoneinfo/posix/Brazil/DeNoronha
f	-rw-r--r--	ale	ale	718	./usr/share/zoneinfo/right/Pacific/Port_Moresby
f	-rw-r--r--	ale	ale	723	./usr/share/fontconfig/conf.avail/10-no-sub-pixel.conf
f	-rw-r--r--	ale	ale	724	./usr/share/zoneinfo/right/Pacific/Midway
f	-rw-r--r--	ale	ale	724	./usr/share/zoneinfo/right/Pacific/Pago_Pago
f	-rw-r--r--	ale	ale	724	./usr/share/zoneinfo/right/Pacific/Samoa
f	-rw-r--r--	ale	ale	724	./usr/share/zoneinfo/right/US/Samoa
f	-rw-r--r--	ale	ale	7250	./usr/share/xml/fontconfig/fonts.dtd
f	-rw-r--r--	ale	ale	725	./usr/share/alsa/ucm2/platforms/bytcr/PlatformDisableSeq.conf
f	-rw-r--r--	ale	ale	726	./usr/share/zoneinfo/right/Antarctica/DumontDUrville
f	-rw-r--r--	ale	ale	727	./usr/lib/udev/rules.d/60-sensor.rules
f	-rw-r--r--	ale	ale	728	./usr/share/alsa/ucm2/codecs/rt5651/Speaker.conf
f	-rw-r--r--	ale	ale	729	./usr/share/alsa/ucm2/sof-soundwire/rt711.conf
f	-rw-r--r--	ale	ale	73164	./usr/share/vlc/vlc.ico
f	-rw-r--r--	ale	ale	732	./usr/share/zoneinfo/right/America/Cayenne
f	-rw-r--r--	ale	ale	732	./usr/share/zoneinfo/right/America/Cayman
f	-rw-r--r--	ale	ale	732	./usr/share/zoneinfo/right/America/Panama
f	-rw-r--r--	ale	ale	732	./usr/share/zoneinfo/right/Antarctica/Mawson
f	-rw-r--r--	ale	ale	732	./usr/share/zoneinfo/right/Asia/Bahrain
f	-rw-r--r--	ale	ale	732	./usr/share/zoneinfo/right/Asia/Bangkok
f	-rw-r--r--	ale	ale	732	./usr/share/zoneinfo/right/Asia/Phnom_Penh
f	-rw-r--r--	ale	ale	732	./usr/share/zoneinfo/right/Asia/Qatar
f	-rw-r--r--	ale	ale	732	./usr/share/zoneinfo/right/Asia/Vientiane
f	-rw-r--r--	ale	ale	732	./usr/share/zoneinfo/right/Indian/Chagos
f	-rw-r--r--	ale	ale	732	./usr/share/zoneinfo/right/Indian/Maldives
f	-rw-r--r--	ale	ale	732	./usr/share/zoneinfo/right/Pacific/Fakaofo
f	-rw-r--r--	ale	ale	734	./usr/lib/udev/rules.d/70-mouse.rules
f	-rw-r--r--	ale	ale	734	./usr/share/alsa/ucm2/codecs/rt5682/init.conf
f	-rw-r--r--	ale	ale	735	./usr/share/zoneinfo/posix/Africa/Algiers
f	-rw-r--r--	ale	ale	736	./usr/share/zoneinfo/right/America/Aruba
f	-rw-r--r--	ale	ale	736	./usr/share/zoneinfo/right/America/Curacao
f	-rw-r--r--	ale	ale	736	./usr/share/zoneinfo/right/America/Kralendijk
f	-rw-r--r--	ale	ale	736	./usr/share/zoneinfo/right/America/Lower_Princes
f	-rw-r--r--	ale	ale	736	./usr/share/zoneinfo/right/Asia/Brunei
f	-rw-r--r--	ale	ale	736	./usr/share/zoneinfo/right/Asia/Kabul
f	-rw-r--r--	ale	ale	736	./usr/share/zoneinfo/right/Asia/Thimbu
f	-rw-r--r--	ale	ale	736	./usr/share/zoneinfo/right/Asia/Thimphu
f	-rw-r--r--	ale	ale	736	./usr/share/zoneinfo/right/Pacific/Pitcairn
f	-rw-r--r--	ale	ale	737	./usr/share/ca-certificates/mozilla/Amazon_Root_CA_4.crt
f	-rw-r--r--	ale	ale	740	./usr/share/zoneinfo/right/Asia/Kathmandu
f	-rw-r--r--	ale	ale	740	./usr/share/zoneinfo/right/Asia/Katmandu
f	-rw-r--r--	ale	ale	741	./usr/share/alsa/ucm2/Rockchip/es8316/es8316.conf
f	-rw-r--r--	ale	ale	742	./usr/share/alsa/pcm/rear.conf
f	-rw-r--r--	ale	ale	742	./usr/share/alsa/pcm/side.conf
f	-rw-r--r--	ale	ale	744	./usr/share/zoneinfo/posix/America/Maceio
f	-rw-r--r--	ale	ale	744	./usr/share/zoneinfo/right/Africa/Bissau
f	-rw-r--r--	ale	ale	745	./usr/share/alsa/ucm2/codecs/rt5640/init.conf
f	-rw-r--r--	ale	ale	746	./usr/share/alsa/ucm2/Intel/chtmax98090/HiFi.conf
f	-rw-r--r--	ale	ale	748	./usr/share/fontconfig/conf.avail/10-sub-pixel-bgr.conf
f	-rw-r--r--	ale	ale	748	./usr/share/fontconfig/conf.avail/10-sub-pixel-rgb.conf
f	-rw-r--r--	ale	ale	748	./usr/share/zoneinfo/right/Africa/Ndjamena
f	-rw-r--r--	ale	ale	751	./usr/share/alsa/ucm2/sof-soundwire/rt711-sdca.conf
f	-rw-r--r--	ale	ale	753	./usr/share/alsa/ucm2/codecs/rt5651/HeadPhones.conf
f	-rw-r--r--	ale	ale	753	./usr/share/ca-certificates/mozilla/AffirmTrust_Premium_ECC.crt
f	-rw-r--r--	ale	ale	754	./usr/share/icons/icon_simple-egl.png
f	-rw-r--r--	ale	ale	758	./usr/share/alsa/ucm2/codecs/es8316/EnableSeq.conf
f	-rw-r--r--	ale	ale	758	./usr/share/fontconfig/conf.avail/10-sub-pixel-vbgr.conf
f	-rw-r--r--	ale	ale	758	./usr/share/fontconfig/conf.avail/10-sub-pixel-vrgb.conf
f	-rw-r--r--	ale	ale	758	./usr/share/zoneinfo/right/Africa/Monrovia
f	-rw-r--r--	ale	ale	758	./usr/share/zoneinfo/right/America/Creston
f	-rw-r--r--	ale	ale	759	./usr/share/alsa/ucm2/codecs/rt5672/DMIC1.conf
f	-rw-r--r--	ale	ale	759	./usr/share/alsa/ucm2/codecs/rt5672/DMIC2.conf
f	-rw-r--r--	ale	ale	759	./usr/share/alsa/ucm2/Qualcomm/sc7180/rt5682-max98357a/init.conf
f	-rw-r--r--	ale	ale	75	./usr/lib/udev/rules.d/61-usbdevice.rules
f	-rw-r--r--	ale	ale	75	./usr/share/alsa/ucm/rockchip,rt5616-codec/rockchip,rt5616-codec.conf
f	-rw-r--r--	ale	ale	760	./usr/share/alsa/pcm/default.conf
f	-rw-r--r--	ale	ale	760	./usr/share/zoneinfo/right/Asia/Dili
f	-rw-r--r--	ale	ale	761	./usr/share/zoneinfo/posix/Asia/Taipei
f	-rw-r--r--	ale	ale	761	./usr/share/zoneinfo/posix/ROC
f	-rw-r--r--	ale	ale	765	./usr/share/alsa/ucm2/codecs/rt5672/HeadsetMic.conf
f	-rw-r--r--	ale	ale	765	./usr/share/fontconfig/conf.avail/11-lcdfilter-light.conf
f	-rw-r--r--	ale	ale	766	./usr/share/zoneinfo/right/America/La_Paz
f	-rw-r--r--	ale	ale	766	./usr/share/zoneinfo/right/Pacific/Enderbury
f	-rw-r--r--	ale	ale	768	./usr/share/alsa/ucm2/codecs/rt5651/IN12-InternalMic.conf
f	-rw-r--r--	ale	ale	768	./usr/share/fontconfig/conf.avail/11-lcdfilter-legacy.conf
f	-rw-r--r--	ale	ale	769	./usr/lib/udev/rules.d/60-persistent-v4l.rules
f	-rw-r--r--	ale	ale	769	./usr/share/ca-certificates/mozilla/GlobalSign_Root_E46.crt
f	-rw-r--r--	ale	ale	769	./usr/share/ca-certificates/mozilla/GTS_Root_R3.crt
f	-rw-r--r--	ale	ale	769	./usr/share/ca-certificates/mozilla/GTS_Root_R4.crt
f	-rw-r--r--	ale	ale	770	./usr/share/zoneinfo/right/America/Guyana
f	-rw-r--r--	ale	ale	770	./usr/share/zoneinfo/right/Asia/Jayapura
f	-rw-r--r--	ale	ale	770	./usr/share/zoneinfo/right/Pacific/Kiritimati
f	-rw-r--r--	ale	ale	771	./usr/share/fontconfig/conf.avail/11-lcdfilter-default.conf
f	-rw-r--r--	ale	ale	772	./usr/share/zoneinfo/right/Pacific/Galapagos
f	-rw-r--r--	ale	ale	774	./usr/share/zoneinfo/right/America/El_Salvador
f	-rw-r--r--	ale	ale	774	./usr/share/zoneinfo/right/Indian/Mauritius
f	-rw-r--r--	ale	ale	774	./usr/share/zoneinfo/right/Pacific/Niue
f	-rw-r--r--	ale	ale	7807	./usr/share/alsa/cards/Audigy2.conf
f	-rw-r--r--	ale	ale	780	./usr/share/alsa/cards/RME9636.conf
f	-rw-r--r--	ale	ale	780	./usr/share/alsa/cards/RME9652.conf
f	-rw-r--r--	ale	ale	780	./usr/share/zoneinfo/right/America/Bogota
f	-rw-r--r--	ale	ale	780	./usr/share/zoneinfo/right/America/Guayaquil
f	-rw-r--r--	ale	ale	781	./usr/share/alsa/ucm2/Intel/bytcht-es8316/HiFi-LongName.conf
f	-rw-r--r--	ale	ale	782	./usr/share/alsa/ucm2/Intel/broxton-rt298/Hdmi.conf
f	-rw-r--r--	ale	ale	782	./usr/share/zoneinfo/posix/America/Cancun
f	-rw-r--r--	ale	ale	782	./usr/share/zoneinfo/right/America/Martinique
f	-rw-r--r--	ale	ale	784	./usr/share/zoneinfo/right/Africa/Bangui
f	-rw-r--r--	ale	ale	784	./usr/share/zoneinfo/right/Africa/Brazzaville
f	-rw-r--r--	ale	ale	784	./usr/share/zoneinfo/right/Africa/Douala
f	-rw-r--r--	ale	ale	784	./usr/share/zoneinfo/right/Africa/Kinshasa
f	-rw-r--r--	ale	ale	784	./usr/share/zoneinfo/right/Africa/Lagos
f	-rw-r--r--	ale	ale	784	./usr/share/zoneinfo/right/Africa/Libreville
f	-rw-r--r--	ale	ale	784	./usr/share/zoneinfo/right/Africa/Luanda
f	-rw-r--r--	ale	ale	784	./usr/share/zoneinfo/right/Africa/Malabo
f	-rw-r--r--	ale	ale	784	./usr/share/zoneinfo/right/Africa/Niamey
f	-rw-r--r--	ale	ale	784	./usr/share/zoneinfo/right/Africa/Porto-Novo
f	-rw-r--r--	ale	ale	784	./usr/share/zoneinfo/right/Pacific/Nauru
f	-rw-r--r--	ale	ale	786	./usr/share/zoneinfo/right/Asia/Pyongyang
f	-rw-r--r--	ale	ale	793	./usr/share/alsa/ucm2/Intel/bytcht-es8316/HiFi-Components.conf
f	-rw-r--r--	ale	ale	794	./usr/share/ca-certificates/mozilla/GlobalSign_ECC_Root_CA_-_R5.crt
f	-rw-r--r--	ale	ale	794	./usr/share/zoneinfo/right/Africa/Johannesburg
f	-rw-r--r--	ale	ale	794	./usr/share/zoneinfo/right/Africa/Maseru
f	-rw-r--r--	ale	ale	794	./usr/share/zoneinfo/right/Africa/Mbabane
f	-rw-r--r--	ale	ale	796	./usr/share/zoneinfo/right/America/Paramaribo
f	-rw-r--r--	ale	ale	796	./usr/share/zoneinfo/right/America/Puerto_Rico
f	-rw-r--r--	ale	ale	796	./usr/share/zoneinfo/right/Asia/Rangoon
f	-rw-r--r--	ale	ale	796	./usr/share/zoneinfo/right/Asia/Yangon
f	-rw-r--r--	ale	ale	798	./usr/share/zoneinfo/right/America/Caracas
f	-rw-r--r--	ale	ale	799	./usr/share/alsa/ucm2/sof-soundwire/rt1316-1.conf
f	-rw-r--r--	ale	ale	799	./usr/share/fontconfig/conf.avail/49-sansserif.conf
f	-rw-r--r--	ale	ale	800	./usr/share/zoneinfo/right/Pacific/Bougainville
f	-rw-r--r--	ale	ale	801	./usr/share/zoneinfo/right/Pacific/Chuuk
f	-rw-r--r--	ale	ale	801	./usr/share/zoneinfo/right/Pacific/Truk
f	-rw-r--r--	ale	ale	801	./usr/share/zoneinfo/right/Pacific/Yap
f	-rw-r--r--	ale	ale	802	./usr/share/alsa/pcm/front.conf
f	-rw-r--r--	ale	ale	802	./usr/share/zoneinfo/right/America/Tegucigalpa
f	-rw-r--r--	ale	ale	802	./usr/share/zoneinfo/right/Asia/Makassar
f	-rw-r--r--	ale	ale	802	./usr/share/zoneinfo/right/Asia/Ujung_Pandang
f	-rw-r--r--	ale	ale	80353	./usr/share/openal/hrtf/Default HRTF.mhr
f	-rw-r--r--	ale	ale	803	./usr/share/alsa/pcm/center_lfe.conf
f	-rw-r--r--	ale	ale	804	./usr/share/zoneinfo/right/Africa/Sao_Tome
f	-rw-r--r--	ale	ale	804	./usr/share/zoneinfo/right/Atlantic/Cape_Verde
f	-rw-r--r--	ale	ale	8074	./usr/share/alsa/cards/HDA-Intel.conf
f	-rw-r--r--	ale	ale	80	./usr/share/alsa/ucm/realtek,rt5651-codec/realtek,rt5651-codec.conf
f	-rw-r--r--	ale	ale	80	./usr/share/alsa/ucm/rockchip,rk809-codec/rockchip,rk809-codec.conf
f	-rw-r--r--	ale	ale	80	./usr/share/alsa/ucm/rockchip,rt5640-codec/rockchip,rt5640-codec.conf
f	-rw-r--r--	ale	ale	814	./usr/share/ca-certificates/mozilla/emSign_ECC_Root_CA_-_C3.crt
f	-rw-r--r--	ale	ale	814	./usr/share/zoneinfo/right/Africa/Addis_Ababa
f	-rw-r--r--	ale	ale	814	./usr/share/zoneinfo/right/Africa/Asmara
f	-rw-r--r--	ale	ale	814	./usr/share/zoneinfo/right/Africa/Asmera
f	-rw-r--r--	ale	ale	814	./usr/share/zoneinfo/right/Africa/Dar_es_Salaam
f	-rw-r--r--	ale	ale	814	./usr/share/zoneinfo/right/Africa/Djibouti
f	-rw-r--r--	ale	ale	814	./usr/share/zoneinfo/right/Africa/Kampala
f	-rw-r--r--	ale	ale	814	./usr/share/zoneinfo/right/Africa/Mogadishu
f	-rw-r--r--	ale	ale	814	./usr/share/zoneinfo/right/Africa/Nairobi
f	-rw-r--r--	ale	ale	814	./usr/share/zoneinfo/right/Indian/Antananarivo
f	-rw-r--r--	ale	ale	814	./usr/share/zoneinfo/right/Indian/Comoro
f	-rw-r--r--	ale	ale	814	./usr/share/zoneinfo/right/Indian/Mayotte
f	-rw-r--r--	ale	ale	8170	./usr/share/fontconfig/conf.avail/65-nonlatin.conf
f	-rw-r--r--	ale	ale	817	./usr/share/alsa/ucm2/OMAP/abe-twl6040/SDP4430/FMAnalog.conf
f	-rw-r--r--	ale	ale	820	./usr/share/alsa/ucm2/codecs/max98090/EnableSeq.conf
f	-rw-r--r--	ale	ale	830	./usr/share/alsa/cards/VX222.conf
f	-rw-r--r--	ale	ale	830	./usr/share/zoneinfo/right/America/Guatemala
f	-rw-r--r--	ale	ale	830	./usr/share/zoneinfo/right/Antarctica/Davis
f	-rw-r--r--	ale	ale	831	./usr/share/zoneinfo/right/Asia/Calcutta
f	-rw-r--r--	ale	ale	831	./usr/share/zoneinfo/right/Asia/Kolkata
f	-rw-r--r--	ale	ale	835	./usr/share/zoneinfo/right/Pacific/Pohnpei
f	-rw-r--r--	ale	ale	835	./usr/share/zoneinfo/right/Pacific/Ponape
f	-rw-r--r--	ale	ale	836	./usr/share/zoneinfo/right/Pacific/Noumea
f	-rw-r--r--	ale	ale	839	./usr/share/alsa/cards/VXPocket.conf
f	-rw-r--r--	ale	ale	839	./usr/share/ca-certificates/mozilla/DigiCert_Global_Root_G3.crt
f	-rw-r--r--	ale	ale	842	./usr/share/zoneinfo/right/Pacific/Majuro
f	-rw-r--r--	ale	ale	843	./usr/share/ca-certificates/mozilla/e-Szigno_Root_CA_2017.crt
f	-rw-r--r--	ale	ale	847	./usr/share/fontconfig/conf.avail/69-unifont.conf
f	-rw-r--r--	ale	ale	848	./usr/share/zoneinfo/right/America/Blanc-Sablon
f	-rw-r--r--	ale	ale	848	./usr/share/zoneinfo/right/Kwajalein
f	-rw-r--r--	ale	ale	848	./usr/share/zoneinfo/right/Pacific/Kwajalein
f	-rw-r--r--	ale	ale	851	./usr/share/ca-certificates/mozilla/DigiCert_Assured_ID_Root_G3.crt
f	-rw-r--r--	ale	ale	858	./usr/share/zoneinfo/right/Asia/Tokyo
f	-rw-r--r--	ale	ale	858	./usr/share/zoneinfo/right/Japan
f	-rw-r--r--	ale	ale	859	./usr/share/ca-certificates/mozilla/emSign_ECC_Root_CA_-_G3.crt
f	-rw-r--r--	ale	ale	8632	./etc/ld.so.cache
f	-rw-r--r--	ale	ale	864	./usr/share/zoneinfo/right/America/Barbados
f	-rw-r--r--	ale	ale	866	./usr/share/zoneinfo/right/America/Costa_Rica
f	-rw-r--r--	ale	ale	86	./usr/share/alsa/ucm2/codecs/wcd934x/HeadphoneMicEnableSeq.conf
f	-rw-r--r--	ale	ale	870	./usr/share/zoneinfo/right/Asia/Dacca
f	-rw-r--r--	ale	ale	870	./usr/share/zoneinfo/right/Asia/Dhaka
f	-rw-r--r--	ale	ale	870	./usr/share/zoneinfo/right/Australia/Darwin
f	-rw-r--r--	ale	ale	870	./usr/share/zoneinfo/right/Australia/North
f	-rw-r--r--	ale	ale	875	./usr/share/ca-certificates/mozilla/Microsoft_ECC_Root_Certificate_Authority_2017.crt
f	-rw-r--r--	ale	ale	877	./usr/share/zoneinfo/right/Asia/Manila
f	-rw-r--r--	ale	ale	878	./usr/share/zoneinfo/right/America/Phoenix
f	-rw-r--r--	ale	ale	878	./usr/share/zoneinfo/right/Pacific/Honolulu
f	-rw-r--r--	ale	ale	878	./usr/share/zoneinfo/right/Pacific/Johnston
f	-rw-r--r--	ale	ale	878	./usr/share/zoneinfo/right/US/Arizona
f	-rw-r--r--	ale	ale	878	./usr/share/zoneinfo/right/US/Hawaii
f	-rw-r--r--	ale	ale	87	./usr/share/alsa/ucm/rockchip,rk618-hdmi/rockchip,rk618-hdmi.conf
f	-rw-r--r--	ale	ale	880	./usr/share/zoneinfo/posix/Pacific/Norfolk
f	-rw-r--r--	ale	ale	883	./usr/share/alsa/ucm2/OMAP/abe-twl6040/Pandaboard/FMAnalog.conf
f	-rw-r--r--	ale	ale	883	./usr/share/ca-certificates/mozilla/Trustwave_Global_ECC_P256_Certification_Authority.crt
f	-rw-r--r--	ale	ale	883	./usr/share/zoneinfo/right/Pacific/Kosrae
f	-rw-r--r--	ale	ale	884	./usr/share/licenses/SDL2/LICENSE.txt
f	-rw-r--r--	ale	ale	884	./usr/share/zoneinfo/posix/America/Araguaina
f	-rw-r--r--	ale	ale	884	./usr/share/zoneinfo/right/Asia/Ho_Chi_Minh
f	-rw-r--r--	ale	ale	884	./usr/share/zoneinfo/right/Asia/Saigon
f	-rw-r--r--	ale	ale	886	./usr/share/zoneinfo/right/America/Atikokan
f	-rw-r--r--	ale	ale	886	./usr/share/zoneinfo/right/America/Coral_Harbour
f	-rw-r--r--	ale	ale	891	./usr/share/ca-certificates/mozilla/Certum_EC-384_CA.crt
f	-rw-r--r--	ale	ale	891	./usr/share/zoneinfo/posix/Asia/Hovd
f	-rw-r--r--	ale	ale	891	./usr/share/zoneinfo/posix/Asia/Ulaanbaatar
f	-rw-r--r--	ale	ale	891	./usr/share/zoneinfo/posix/Asia/Ulan_Bator
f	-rw-r--r--	ale	ale	895	./usr/share/alsa/ucm2/codecs/rt5640/HeadPhones2.conf
f	-rw-r--r--	ale	ale	895	./usr/share/ca-certificates/mozilla/OISTE_WISeKey_Global_Root_GC_CA.crt
f	-rw-r--r--	ale	ale	899	./usr/share/alsa/ucm2/OMAP/abe-twl6040/SDP4430/Record.conf
f	-rw-r--r--	ale	ale	900	./usr/share/zoneinfo/right/Asia/Colombo
f	-rw-r--r--	ale	ale	901	./usr/share/alsa/pcm/surround40.conf
f	-rw-r--r--	ale	ale	902	./usr/share/zoneinfo/right/Asia/Pontianak
f	-rw-r--r--	ale	ale	904	./usr/share/ca-certificates/mozilla/AC_RAIZ_FNMT-RCM_SERVIDORES_SEGUROS.crt
f	-rw-r--r--	ale	ale	904	./usr/share/zoneinfo/right/Asia/Jakarta
f	-rw-r--r--	ale	ale	904	./usr/share/zoneinfo/right/Pacific/Tongatapu
f	-rw-r--r--	ale	ale	90	./usr/share/alsa/ucm/rockchip,hdmi/rockchip,hdmi.conf
f	-rw-r--r--	ale	ale	911	./usr/share/fontconfig/conf.avail/50-user.conf
f	-rw-r--r--	ale	ale	914	./usr/share/alsa/ucm2/Qualcomm/sdm845/HiFi.conf
f	-rw-r--r--	ale	ale	916	./usr/share/alsa/ucm2/HDA/init.conf
f	-rw-r--r--	ale	ale	916	./usr/share/zoneinfo/right/Antarctica/Casey
f	-rw-r--r--	ale	ale	916	./usr/share/zoneinfo/right/Asia/Kuala_Lumpur
f	-rw-r--r--	ale	ale	916	./usr/share/zoneinfo/right/Asia/Singapore
f	-rw-r--r--	ale	ale	916	./usr/share/zoneinfo/right/Singapore
f	-rw-r--r--	ale	ale	921	./usr/lib/udev/rules.d/99-rockchip-permissions.rules
f	-rw-r--r--	ale	ale	923	./usr/share/alsa/pcm/surround21.conf
f	-rw-r--r--	ale	ale	928	./usr/share/alsa/ucm2/Tegra/alc5632/HiFi.conf
f	-rw-r--r--	ale	ale	928	./usr/share/zoneinfo/right/Asia/Karachi
f	-rw-r--r--	ale	ale	929	./usr/share/alsa/ucm2/sof-soundwire/rt700.conf
f	-rw-r--r--	ale	ale	932	./usr/share/alsa/init/info
f	-rw-r--r--	ale	ale	935	./usr/share/bash-completion/completions/gdbus
f	-rw-r--r--	ale	ale	940	./usr/share/ca-certificates/mozilla/COMODO_ECC_Certification_Authority.crt
f	-rw-r--r--	ale	ale	940	./usr/share/zoneinfo/right/America/Lima
f	-rw-r--r--	ale	ale	941	./usr/share/alsa/ucm2/codecs/rt5640/HeadPhones.conf
f	-rw-r--r--	ale	ale	942	./usr/share/zoneinfo/right/Pacific/Norfolk
f	-rw-r--r--	ale	ale	944	./usr/share/ca-certificates/mozilla/SSL.com_Root_Certification_Authority_ECC.crt
f	-rw-r--r--	ale	ale	948	./usr/share/ca-certificates/mozilla/USERTrust_ECC_Certification_Authority.crt
f	-rw-r--r--	ale	ale	949	./usr/share/zoneinfo/posix/Asia/Choibalsan
f	-rw-r--r--	ale	ale	954	./usr/share/alsa/pcm/surround51.conf
f	-rw-r--r--	ale	ale	955	./usr/share/zoneinfo/posix/Africa/Windhoek
f	-rw-r--r--	ale	ale	956	./usr/share/ca-certificates/mozilla/SSL.com_EV_Root_Certification_Authority_ECC.crt
f	-rw-r--r--	ale	ale	959	./usr/share/alsa/ucm2/OMAP/abe-twl6040/SDP4430/Voice.conf
f	-rw-r--r--	ale	ale	95	./usr/lib/os-release
f	-rw-r--r--	ale	ale	964	./usr/share/alsa/ucm2/codecs/rt5645/AnalogMic.conf
f	-rw-r--r--	ale	ale	966	./usr/share/zoneinfo/right/America/Hermosillo
f	-rw-r--r--	ale	ale	966	./usr/share/zoneinfo/right/Australia/Brisbane
f	-rw-r--r--	ale	ale	966	./usr/share/zoneinfo/right/Australia/Queensland
f	-rw-r--r--	ale	ale	968	./usr/share/alsa/ucm2/Intel/sof-hda-dsp/HiFi.conf
f	-rw-r--r--	ale	ale	969	./usr/share/alsa/ucm2/OMAP/abe-twl6040/SDP4430/HiFiLP.conf
f	-rw-r--r--	ale	ale	969	./usr/share/ca-certificates/mozilla/Trustwave_Global_ECC_P384_Certification_Authority.crt
f	-rw-r--r--	ale	ale	9703	./usr/share/alsa/cards/USB-Audio.conf
f	-rw-r--r--	ale	ale	974	./usr/lib/udev/rules.d/60-evdev.rules
f	-rw-r--r--	ale	ale	980	./usr/share/alsa/ucm2/OMAP/abe-twl6040/Pandaboard/Record.conf
f	-rw-r--r--	ale	ale	980	./usr/share/zoneinfo/posix/America/Regina
f	-rw-r--r--	ale	ale	980	./usr/share/zoneinfo/posix/Canada/Saskatchewan
f	-rw-r--r--	ale	ale	980	./usr/share/zoneinfo/right/America/Managua
f	-rw-r--r--	ale	ale	983	./usr/share/zoneinfo/posix/Asia/Aqtau
f	-rw-r--r--	ale	ale	983	./usr/share/zoneinfo/posix/Asia/Baghdad
f	-rw-r--r--	ale	ale	983	./usr/share/zoneinfo/posix/Asia/Bishkek
f	-rw-r--r--	ale	ale	991	./usr/share/zoneinfo/posix/Asia/Atyrau
f	-rw-r--r--	ale	ale	993	./usr/share/alsa/ucm2/OMAP/abe-twl6040/Pandaboard/Voice.conf
f	-rw-r--r--	ale	ale	994	./usr/share/alsa/ucm2/codecs/rt5640/MonoSpeaker.conf
f	-rw-r--r--	ale	ale	994	./usr/share/zoneinfo/right/Australia/Perth
f	-rw-r--r--	ale	ale	994	./usr/share/zoneinfo/right/Australia/West
f	-rw-r--r--	ale	ale	996	./usr/share/alsa/ucm2/OMAP/abe-twl6040/SDP4430/SDP4430.conf
f	-rw-r--r--	ale	ale	997	./etc/xdg/weston/weston.ini
f	-rw-r--r--	ale	ale	997	./usr/share/zoneinfo/posix/Asia/Almaty
f	-rw-r--r--	ale	ale	998	./usr/share/zoneinfo/right/Australia/Eucla
f	-rw-rw-rw-	ale	ale	101	./etc/dnsmasq.conf
f	-rw-rw-rw-	ale	ale	10873	./etc/services
f	-rw-rw-rw-	ale	ale	10909	./etc/ssl/openssl.cnf
f	-rw-rw-rw-	ale	ale	10909	./etc/ssl/openssl.cnf.dist
f	-rw-rw-rw-	ale	ale	10	./etc/profile.d/umask.sh
f	-rw-rw-rw-	ale	ale	1130	./etc/libnl/classid
f	-rw-rw-rw-	ale	ale	113611	./etc/hostapd.conf
f	-rw-rw-rw-	ale	ale	1180	./etc/inputrc
f	-rw-rw-rw-	ale	ale	125	./etc/wpa_supplicant.conf
f	-rw-rw-rw-	ale	ale	1302	./etc/inittab
f	-rw-rw-rw-	ale	ale	1429	./etc/dhcpcd.conf
f	-rw-rw-rw-	ale	ale	1532	./etc/libnl/pktloc
f	-rw-rw-rw-	ale	ale	17	./etc/hostname
f	-rw-rw-rw-	ale	ale	195453	./etc/ssl/certs/ca-certificates.crt
f	-rw-rw-rw-	ale	ale	215	./etc/input-event-daemon.conf
f	-rw-rw-rw-	ale	ale	230	./etc/nsswitch.conf
f	-rw-rw-rw-	ale	ale	230	./etc/profile.d/usbdevice.sh
f	-rw-rw-rw-	ale	ale	2319	./etc/bash.bashrc
f	-rw-rw-rw-	ale	ale	2351	./etc/alsa/conf.d/20-bluealsa.conf
f	-rw-rw-rw-	ale	ale	24	./etc/profile.d/lang.sh
f	-rw-rw-rw-	ale	ale	2532	./etc/fonts/fonts.conf
f	-rw-rw-rw-	ale	ale	2744	./etc/protocols
f	-rw-rw-rw-	ale	ale	27	./etc/shells
f	-rw-rw-rw-	ale	ale	317	./etc/ntp.conf
f	-rw-rw-rw-	ale	ale	35	./etc/issue
f	-rw-rw-rw-	ale	ale	412	./etc/ssl/ct_log_list.cnf
f	-rw-rw-rw-	ale	ale	412	./etc/ssl/ct_log_list.cnf.dist
f	-rw-rw-rw-	ale	ale	47	./etc/hosts
f	-rw-rw-rw-	ale	ale	4945	./etc/wgetrc
f	-rw-rw-rw-	ale	ale	49	./etc/udev/udev.conf
f	-rw-rw-rw-	ale	ale	52	./etc/profile.d/xdg.sh
f	-rw-rw-rw-	ale	ale	567	./etc/dbus-1/system.d/bluealsa.conf
f	-rw-rw-rw-	ale	ale	589	./etc/fstab
f	-rw-rw-rw-	ale	ale	73	./etc/profile.d/adbd.sh
f	-rw-rw-rw-	ale	ale	77	./etc/network/interfaces
f	-rw-rw-rw-	ale	ale	782	./etc/mke2fs.conf
f	-rw-rw-rw-	ale	ale	802	./etc/dbus-1/system.d/bluetooth-mesh.conf
f	-rw-rw-rw-	ale	ale	833	./etc/dbus-1/system.conf
f	-rw-rw-rw-	ale	ale	838	./etc/dbus-1/session.conf
f	-rw-rw-rw-	ale	ale	978	./etc/fonts/conf.d/README
f	-rwxr--r--	ale	ale	14	./usr/lib/firmware/rtl8733bu_config
f	-rwxr--r--	ale	ale	56676	./usr/lib/firmware/rtl8733bu_fw
f	-rwxrwxrwx	ale	ale	1004	./etc/init.d/S02klogd
f	-rwxrwxrwx	ale	ale	1012	./etc/init.d/S01syslogd
f	-rwxrwxrwx	ale	ale	133	./etc/input-event-daemon.conf.d/power-key.conf
f	-rwxrwxrwx	ale	ale	1354	./etc/init.d/S50dropbear
f	-rwxrwxrwx	ale	ale	1594	./etc/init.d/S10udev
f	-rwxrwxrwx	ale	ale	1619	./etc/init.d/S30dbus
f	-rwxrwxrwx	ale	ale	1684	./etc/init.d/S20urandom
f	-rwxrwxrwx	ale	ale	2804	./etc/init.d/S02sysctl
f	-rwxrwxrwx	ale	ale	357	./etc/init.d/S50usbdevice
f	-rwxrwxrwx	ale	ale	408	./etc/init.d/rcS
f	-rwxrwxrwx	ale	ale	423	./etc/init.d/rcK
f	-rwxrwxrwx	ale	ale	427	./etc/init.d/S80dnsmasq
f	-rwxrwxrwx	ale	ale	438	./etc/init.d/S40network
f	-rwxrwxrwx	ale	ale	449	./etc/init.d/S99input-event-daemon
f	-rwxrwxrwx	ale	ale	576	./etc/network/if-pre-up.d/wait_iface
f	-rwxrwxrwx	ale	ale	617	./etc/init.d/S41dhcpcd
f	-rwxrwxrwx	ale	ale	6575	./etc/ssl/misc/tsget.pl
f	-rwxrwxrwx	ale	ale	823	./etc/init.d/S36load_wifi_modules
f	-rwxrwxrwx	ale	ale	846	./etc/network/nfs_check
f	-rwxrwxrwx	ale	ale	917	./etc/init.d/S49ntp
f	-rwxr-x---	ale	ale	55168	./usr/libexec/dbus-daemon-launch-helper
f	-rwxr-xr-x	ale	ale	100056	./usr/lib/vlc/plugins/codec/libwebvtt_plugin.so
f	-rwxr-xr-x	ale	ale	10016	./usr/bin/dbus-cleanup-sockets
f	-rwxr-xr-x	ale	ale	10016	./usr/bin/dbus-uuidgen
f	-rwxr-xr-x	ale	ale	10016	./usr/bin/dhd_priv
f	-rwxr-xr-x	ale	ale	10016	./usr/bin/sbcinfo
f	-rwxr-xr-x	ale	ale	10016	./usr/bin/vlc-wrapper
f	-rwxr-xr-x	ale	ale	10016	./usr/lib/pm-utils/bin/pm-pmu
f	-rwxr-xr-x	ale	ale	10016	./usr/lib/pm-utils/bin/pm-reset-swap
f	-rwxr-xr-x	ale	ale	10016	./usr/lib/udev/mtd_probe
f	-rwxr-xr-x	ale	ale	10016	./usr/miyoo/apps/usb_mass_storage/usb_storage
f	-rwxr-xr-x	ale	ale	10016	./usr/sbin/mklost+found
f	-rwxr-xr-x	ale	ale	100208	./usr/lib/libSDL2_image-2.0.so.0.2.3
f	-rwxr-xr-x	ale	ale	10024	./usr/bin/chattr
f	-rwxr-xr-x	ale	ale	10024	./usr/bin/lsattr
f	-rwxr-xr-x	ale	ale	10024	./usr/sbin/logsave
f	-rwxr-xr-x	ale	ale	100376	./usr/sbin/tune2fs
f	-rwxr-xr-x	ale	ale	100560	./usr/lib/libgcc_s.so.1
f	-rwxr-xr-x	ale	ale	1005904	./usr/lib/libasound.so.2.0.0
f	-rwxr-xr-x	ale	ale	1007	./usr/miyoo/bin/skin/icon-volume-06.png
f	-rwxr-xr-x	ale	ale	100888	./usr/lib/udev/scsi_id
f	-rwxr-xr-x	ale	ale	1008	./usr/miyoo/bin/skin/icon-joystick-calibrate.png
f	-rwxr-xr-x	ale	ale	1008	./usr/miyoo/bin/skin/icon-volume-14.png
f	-rwxr-xr-x	ale	ale	10096	./usr/bin/fc-conflist
f	-rwxr-xr-x	ale	ale	10096	./usr/bin/fc-list
f	-rwxr-xr-x	ale	ale	10096	./usr/bin/fc-pattern
f	-rwxr-xr-x	ale	ale	10096	./usr/bin/fc-query
f	-rwxr-xr-x	ale	ale	10096	./usr/bin/fc-scan
f	-rwxr-xr-x	ale	ale	10096	./usr/bin/fc-validate
f	-rwxr-xr-x	ale	ale	10096	./usr/lib/vlc/vlc-cache-gen
f	-rwxr-xr-x	ale	ale	10096	./usr/sbin/flash_lock
f	-rwxr-xr-x	ale	ale	10096	./usr/sbin/flash_unlock
f	-rwxr-xr-x	ale	ale	10096	./usr/sbin/partprobe
f	-rwxr-xr-x	ale	ale	10096	./usr/sbin/ubicrc32
f	-rwxr-xr-x	ale	ale	10098	./usr/miyoo/bin/skin/bg-ra-list-item.png
f	-rwxr-xr-x	ale	ale	10113	./usr/miyoo/bin/skin_1080p/bg-list-s.png
f	-rwxr-xr-x	ale	ale	10113	./usr/miyoo/bin/skin_1080p/bg-title.png
f	-rwxr-xr-x	ale	ale	1013	./usr/miyoo/bin/skin/icon-bluetooth-default.png
f	-rwxr-xr-x	ale	ale	1013	./usr/miyoo/bin/skin/icon-font-size.png
f	-rwxr-xr-x	ale	ale	1016	./usr/miyoo/bin/skin_1080p/icon-R2.png
f	-rwxr-xr-x	ale	ale	101760	./userdata/piano2-CoolEdit.mp3
f	-rwxr-xr-x	ale	ale	101	./userdata/bin/dnsmasq.conf
f	-rwxr-xr-x	ale	ale	1021	./usr/miyoo/bin/skin/icon-volume-05.png
f	-rwxr-xr-x	ale	ale	1022	./usr/miyoo/bin/skin_1080p/icon-joystick-calibrate.png
f	-rwxr-xr-x	ale	ale	1023	./usr/miyoo/bin/skin_1080p/bg-btn-02-n.png
f	-rwxr-xr-x	ale	ale	1024	./usr/miyoo/bin/skin/icon-wifi-signal-03.png
f	-rwxr-xr-x	ale	ale	1025	./usr/miyoo/bin/skin_1080p/ic-power-charge-75%.png
f	-rwxr-xr-x	ale	ale	1026	./usr/miyoo/bin/skin_1080p/ic-power-charge-50%.png
f	-rwxr-xr-x	ale	ale	1028	./usr/miyoo/bin/skin/color.png
f	-rwxr-xr-x	ale	ale	1029	./usr/miyoo/bin/skin/icon-volume-09.png
f	-rwxr-xr-x	ale	ale	1031	./etc/init.d/S40bluetooth
f	-rwxr-xr-x	ale	ale	104240	./usr/lib/vlc/plugins/stream_out/libstream_out_rtp_plugin.so
f	-rwxr-xr-x	ale	ale	1042	./usr/miyoo/bin/skin/icon-volume-02.png
f	-rwxr-xr-x	ale	ale	104464	./usr/lib/udev/cdrom_id
f	-rwxr-xr-x	ale	ale	104880	./usr/lib/libSDL2_mixer-2.0.so.0.2.2
f	-rwxr-xr-x	ale	ale	1051000	./usr/lib/libvlccore.so.9.0.0
f	-rwxr-xr-x	ale	ale	105960	./usr/lib/libatopology.so.2.0.0
f	-rwxr-xr-x	ale	ale	1064	./usr/miyoo/bin/skin/icon-wifi-signal-02.png
f	-rwxr-xr-x	ale	ale	10667	./usr/miyoo/bin/skin_1080p/mask.png
f	-rwxr-xr-x	ale	ale	1067	./usr/miyoo/bin/skin/icon-setting-wifi.png
f	-rwxr-xr-x	ale	ale	1067	./usr/miyoo/bin/skin/icon-volume-03.png
f	-rwxr-xr-x	ale	ale	106928	./usr/miyoo/bin/skin/icon-wait-tf-card.png
f	-rwxr-xr-x	ale	ale	1077	./usr/miyoo/bin/skin/icon-wifi-signal-01.png
f	-rwxr-xr-x	ale	ale	1078	./usr/miyoo/bin/skin/status-icon-gamepad.png
f	-rwxr-xr-x	ale	ale	1097	./usr/miyoo/bin/skin_1080p/icon-abc.png
f	-rwxr-xr-x	ale	ale	1098	./usr/miyoo/bin/skin/icon-volume-15.png
f	-rwxr-xr-x	ale	ale	11016	./usr/miyoo/bin/skin_1080p/search-keyboard-bg.png
f	-rwxr-xr-x	ale	ale	1102	./usr/bin/mk_cmds
f	-rwxr-xr-x	ale	ale	1110	./usr/miyoo/bin/skin/icon-volume-12.png
f	-rwxr-xr-x	ale	ale	1114	./usr/miyoo/bin/skin/icon-vibrate-48.png
f	-rwxr-xr-x	ale	ale	1115	./usr/miyoo/bin/skin_1080p/icon-device-info-48.png
f	-rwxr-xr-x	ale	ale	1123	./usr/miyoo/bin/skin/icon-volume-16.png
f	-rwxr-xr-x	ale	ale	1127	./usr/miyoo/bin/skin/icon-joystick-test.png
f	-rwxr-xr-x	ale	ale	1129	./usr/lib/pm-utils/power.d/sata_alpm
f	-rwxr-xr-x	ale	ale	1133904	./usr/lib/libglib-2.0.so.0.6800.4
f	-rwxr-xr-x	ale	ale	1133	./usr/miyoo/apps/usb_mass_storage/launch.sh
f	-rwxr-xr-x	ale	ale	1133	./usr/miyoo/bin/skin/icon-bluetooth-headphone.png
f	-rwxr-xr-x	ale	ale	1134	./usr/miyoo/bin/skin/icon-volume-08.png
f	-rwxr-xr-x	ale	ale	1135	./usr/miyoo/bin/skin/icon-factory-reset-48.png
f	-rwxr-xr-x	ale	ale	113736	./usr/sbin/alsactl
f	-rwxr-xr-x	ale	ale	1140	./usr/miyoo/bin/skin/icon-bluetooth-gamepad.png
f	-rwxr-xr-x	ale	ale	114512	./usr/miyoo/bin/keymon
f	-rwxr-xr-x	ale	ale	1147	./usr/miyoo/bin/skin/icon-trigger.png
f	-rwxr-xr-x	ale	ale	1149	./usr/miyoo/bin/skin/input.png
f	-rwxr-xr-x	ale	ale	115216	./usr/bin/mpg123
f	-rwxr-xr-x	ale	ale	1163	./usr/miyoo/bin/skin/icon-volume-19.png
f	-rwxr-xr-x	ale	ale	11649	./usr/miyoo/bin/skin_1080p/bg-pop-menu.png
f	-rwxr-xr-x	ale	ale	1167	./usr/miyoo/bin/skin/icon-language-48.png
f	-rwxr-xr-x	ale	ale	116	./usr/miyoo/apps/usb_mass_storage/config.json
f	-rwxr-xr-x	ale	ale	1173	./usr/miyoo/bin/skin/icon-volume-13.png
f	-rwxr-xr-x	ale	ale	1176	./usr/miyoo/bin/skin_1080p/icon-wifi-signal-01.png
f	-rwxr-xr-x	ale	ale	1189	./usr/bin/sdl2-config
f	-rwxr-xr-x	ale	ale	1194560	./usr/miyoo/bin/factory_test
f	-rwxr-xr-x	ale	ale	120912	./usr/sbin/mke2fs
f	-rwxr-xr-x	ale	ale	120	./usr/lib/pm-utils/module.d/kernel
f	-rwxr-xr-x	ale	ale	1211	./usr/miyoo/bin/skin/icon-Shutdown.png
f	-rwxr-xr-x	ale	ale	1215432	./usr/lib/libSDL2-2.0.so.0.22.0
f	-rwxr-xr-x	ale	ale	1216232	./usr/libexec/bluetooth/bluetoothd
f	-rwxr-xr-x	ale	ale	1222	./usr/lib/pm-utils/power.d/readahead
f	-rwxr-xr-x	ale	ale	1224	./usr/miyoo/bin/skin_1080p/icon-theme.png
f	-rwxr-xr-x	ale	ale	1233	./usr/miyoo/bin/skin/icon-volume-18.png
f	-rwxr-xr-x	ale	ale	1237	./usr/miyoo/bin/skin_1080p/icon-wifi-signal-02.png
f	-rwxr-xr-x	ale	ale	1248	./usr/miyoo/bin/skin/icon-START.png
f	-rwxr-xr-x	ale	ale	1249	./usr/bin/power-key.sh
f	-rwxr-xr-x	ale	ale	1253	./usr/miyoo/bin/skin/icon-volume-20.png
f	-rwxr-xr-x	ale	ale	12781	./usr/miyoo/bin/skin/bg-game-item-f.png
f	-rwxr-xr-x	ale	ale	12803	./usr/miyoo/bin/skin/bg-title.png
f	-rwxr-xr-x	ale	ale	1284	./usr/miyoo/bin/skin/ra-edit-hide-nor.png
f	-rwxr-xr-x	ale	ale	128640	./usr/lib/vlc/plugins/packetizer/libpacketizer_h264_plugin.so
f	-rwxr-xr-x	ale	ale	128720	./usr/lib/libmad.so.0.2.1
f	-rwxr-xr-x	ale	ale	12903	./usr/miyoo/bin/skin/bg-button-nor.png
f	-rwxr-xr-x	ale	ale	1290	./usr/lib/pm-utils/power.d/journal-commit
f	-rwxr-xr-x	ale	ale	130944	./usr/sbin/wpa_cli
f	-rwxr-xr-x	ale	ale	1313	./usr/miyoo/bin/skin_1080p/icon-wifi-signal-03.png
f	-rwxr-xr-x	ale	ale	13156	./usr/miyoo/bin/skin_1080p/bg-game-item-f.png
f	-rwxr-xr-x	ale	ale	1316	./usr/lib/pm-utils/power.d/hal-cd-polling
f	-rwxr-xr-x	ale	ale	1325	./usr/miyoo/bin/skin/ra-edit-hide-sel.png
f	-rwxr-xr-x	ale	ale	1326	./usr/miyoo/bin/skin/icon-emulationstation.png
f	-rwxr-xr-x	ale	ale	13278	./usr/miyoo/bin/skin/bg-button-f.png
f	-rwxr-xr-x	ale	ale	132976	./usr/lib/libwavpack.so.1.2.3
f	-rwxr-xr-x	ale	ale	132992	./usr/lib/libnl-3.so.200.26.0
f	-rwxr-xr-x	ale	ale	132	./usr/lib/libgcc_s.so
f	-rwxr-xr-x	ale	ale	133136	./usr/lib/libevent_extra-2.1.so.7.0.1
f	-rwxr-xr-x	ale	ale	1331	./usr/miyoo/bin/skin_1080p/icon-game.png
f	-rwxr-xr-x	ale	ale	133832	./usr/bin/adbd
f	-rwxr-xr-x	ale	ale	1342	./usr/bin/compile_et
f	-rwxr-xr-x	ale	ale	1344080	./usr/lib/libSDL2-2.0.so.0.2800.5
f	-rwxr-xr-x	ale	ale	1353	./usr/miyoo/bin/skin/icon-game.png
f	-rwxr-xr-x	ale	ale	13609	./usr/bin/usbdevice
f	-rwxr-xr-x	ale	ale	136832	./usr/lib/vlc/plugins/packetizer/libpacketizer_hevc_plugin.so
f	-rwxr-xr-x	ale	ale	136912	./usr/lib/libexpat.so.1.8.1
f	-rwxr-xr-x	ale	ale	1383	./usr/miyoo/bin/skin/ra-edit-show-nor.png
f	-rwxr-xr-x	ale	ale	1386648	./usr/lib/libSDL2-2.0.so.0.3000.8
f	-rwxr-xr-x	ale	ale	13880	./usr/lib/libpanel.so.6.1
f	-rwxr-xr-x	ale	ale	138864	./usr/bin/l2ping
f	-rwxr-xr-x	ale	ale	138952	./usr/bin/bluealsa
f	-rwxr-xr-x	ale	ale	13952	./usr/lib/vlc/plugins/access/libaccess_concat_plugin.so
f	-rwxr-xr-x	ale	ale	13952	./usr/lib/vlc/plugins/audio_filter/libheadphone_channel_mixer_plugin.so
f	-rwxr-xr-x	ale	ale	13952	./usr/lib/vlc/plugins/audio_filter/libparam_eq_plugin.so
f	-rwxr-xr-x	ale	ale	13952	./usr/lib/vlc/plugins/audio_filter/libscaletempo_plugin.so
f	-rwxr-xr-x	ale	ale	13952	./usr/lib/vlc/plugins/audio_filter/libsimple_channel_mixer_plugin.so
f	-rwxr-xr-x	ale	ale	13952	./usr/lib/vlc/plugins/codec/libadpcm_plugin.so
f	-rwxr-xr-x	ale	ale	13952	./usr/lib/vlc/plugins/codec/libcdg_plugin.so
f	-rwxr-xr-x	ale	ale	13952	./usr/lib/vlc/plugins/codec/libcvdsub_plugin.so
f	-rwxr-xr-x	ale	ale	13952	./usr/lib/vlc/plugins/codec/libmpg123_plugin.so
f	-rwxr-xr-x	ale	ale	13952	./usr/lib/vlc/plugins/codec/libpng_plugin.so
f	-rwxr-xr-x	ale	ale	13952	./usr/lib/vlc/plugins/codec/libscte18_plugin.so
f	-rwxr-xr-x	ale	ale	13952	./usr/lib/vlc/plugins/codec/libsubstx3g_plugin.so
f	-rwxr-xr-x	ale	ale	13952	./usr/lib/vlc/plugins/codec/libsvcdsub_plugin.so
f	-rwxr-xr-x	ale	ale	13952	./usr/lib/vlc/plugins/codec/libtextst_plugin.so
f	-rwxr-xr-x	ale	ale	13952	./usr/lib/vlc/plugins/demux/libdemux_stl_plugin.so
f	-rwxr-xr-x	ale	ale	13952	./usr/lib/vlc/plugins/demux/libnsv_plugin.so
f	-rwxr-xr-x	ale	ale	13952	./usr/lib/vlc/plugins/demux/libpva_plugin.so
f	-rwxr-xr-x	ale	ale	13952	./usr/lib/vlc/plugins/demux/librawaud_plugin.so
f	-rwxr-xr-x	ale	ale	13952	./usr/lib/vlc/plugins/demux/librawdv_plugin.so
f	-rwxr-xr-x	ale	ale	13952	./usr/lib/vlc/plugins/demux/libvoc_plugin.so
f	-rwxr-xr-x	ale	ale	13952	./usr/lib/vlc/plugins/packetizer/libpacketizer_mpegaudio_plugin.so
f	-rwxr-xr-x	ale	ale	13952	./usr/lib/vlc/plugins/services_discovery/libmediadirs_plugin.so
f	-rwxr-xr-x	ale	ale	13952	./usr/lib/vlc/plugins/stream_filter/libcache_block_plugin.so
f	-rwxr-xr-x	ale	ale	13952	./usr/lib/vlc/plugins/stream_filter/libcache_read_plugin.so
f	-rwxr-xr-x	ale	ale	13952	./usr/lib/vlc/plugins/stream_filter/libdecomp_plugin.so
f	-rwxr-xr-x	ale	ale	13952	./usr/lib/vlc/plugins/stream_filter/libprefetch_plugin.so
f	-rwxr-xr-x	ale	ale	13952	./usr/lib/vlc/plugins/stream_out/libstream_out_duplicate_plugin.so
f	-rwxr-xr-x	ale	ale	13952	./usr/lib/vlc/plugins/video_chroma/libchain_plugin.so
f	-rwxr-xr-x	ale	ale	13952	./usr/lib/vlc/plugins/video_filter/libantiflicker_plugin.so
f	-rwxr-xr-x	ale	ale	13952	./usr/lib/vlc/plugins/video_filter/libfreeze_plugin.so
f	-rwxr-xr-x	ale	ale	13952	./usr/lib/vlc/plugins/video_filter/libmagnify_plugin.so
f	-rwxr-xr-x	ale	ale	13952	./usr/lib/vlc/plugins/video_filter/libvhs_plugin.so
f	-rwxr-xr-x	ale	ale	13952	./usr/lib/vlc/plugins/video_output/libyuv_plugin.so
f	-rwxr-xr-x	ale	ale	13976	./usr/lib/vlc/plugins/access/libfilesystem_plugin.so
f	-rwxr-xr-x	ale	ale	13980	./usr/miyoo/bin/skin/ic-favorite-n.png
f	-rwxr-xr-x	ale	ale	13984	./usr/lib/vlc/plugins/stream_out/libstream_out_stats_plugin.so
f	-rwxr-xr-x	ale	ale	1398	./usr/miyoo/bin/skin_1080p/icon-wifi-signal-04.png
f	-rwxr-xr-x	ale	ale	14000	./usr/lib/mpg123/output_alsa.so
f	-rwxr-xr-x	ale	ale	14016	./usr/lib/libgmodule-2.0.so.0.6800.4
f	-rwxr-xr-x	ale	ale	14032	./usr/lib/alsa-lib/libasound_module_pcm_oss.so
f	-rwxr-xr-x	ale	ale	14032	./usr/lib/libcom_err.so.2.1
f	-rwxr-xr-x	ale	ale	14032	./usr/lib/vlc/plugins/access/libshm_plugin.so
f	-rwxr-xr-x	ale	ale	14032	./usr/lib/vlc/plugins/access_output/libaccess_output_udp_plugin.so
f	-rwxr-xr-x	ale	ale	14032	./usr/lib/vlc/plugins/audio_filter/libaudiobargraph_a_plugin.so
f	-rwxr-xr-x	ale	ale	14032	./usr/lib/vlc/plugins/audio_output/libafile_plugin.so
f	-rwxr-xr-x	ale	ale	14032	./usr/lib/vlc/plugins/codec/libstl_plugin.so
f	-rwxr-xr-x	ale	ale	14032	./usr/lib/vlc/plugins/codec/libvpx_plugin.so
f	-rwxr-xr-x	ale	ale	14032	./usr/lib/vlc/plugins/control/libgestures_plugin.so
f	-rwxr-xr-x	ale	ale	14032	./usr/lib/vlc/plugins/demux/librawvid_plugin.so
f	-rwxr-xr-x	ale	ale	14032	./usr/lib/vlc/plugins/keystore/libfile_keystore_plugin.so
f	-rwxr-xr-x	ale	ale	14032	./usr/lib/vlc/plugins/logger/libfile_logger_plugin.so
f	-rwxr-xr-x	ale	ale	14032	./usr/lib/vlc/plugins/mux/libmux_wav_plugin.so
f	-rwxr-xr-x	ale	ale	14032	./usr/lib/vlc/plugins/stream_out/libstream_out_es_plugin.so
f	-rwxr-xr-x	ale	ale	14032	./usr/lib/vlc/plugins/stream_out/libstream_out_smem_plugin.so
f	-rwxr-xr-x	ale	ale	14032	./usr/lib/vlc/plugins/video_filter/libanaglyph_plugin.so
f	-rwxr-xr-x	ale	ale	14032	./usr/lib/vlc/plugins/video_filter/libblendbench_plugin.so
f	-rwxr-xr-x	ale	ale	14032	./usr/lib/vlc/plugins/video_filter/libbluescreen_plugin.so
f	-rwxr-xr-x	ale	ale	14032	./usr/lib/vlc/plugins/video_filter/libcanvas_plugin.so
f	-rwxr-xr-x	ale	ale	14032	./usr/lib/vlc/plugins/video_filter/libcolorthres_plugin.so
f	-rwxr-xr-x	ale	ale	14032	./usr/lib/vlc/plugins/video_filter/libcroppadd_plugin.so
f	-rwxr-xr-x	ale	ale	14032	./usr/lib/vlc/plugins/video_filter/liberase_plugin.so
f	-rwxr-xr-x	ale	ale	14032	./usr/lib/vlc/plugins/video_filter/libextract_plugin.so
f	-rwxr-xr-x	ale	ale	14032	./usr/lib/vlc/plugins/video_filter/libgaussianblur_plugin.so
f	-rwxr-xr-x	ale	ale	14032	./usr/lib/vlc/plugins/video_filter/libposterize_plugin.so
f	-rwxr-xr-x	ale	ale	14032	./usr/lib/vlc/plugins/video_filter/librotate_plugin.so
f	-rwxr-xr-x	ale	ale	14032	./usr/lib/vlc/plugins/video_filter/libscene_plugin.so
f	-rwxr-xr-x	ale	ale	14032	./usr/lib/vlc/plugins/video_filter/libsepia_plugin.so
f	-rwxr-xr-x	ale	ale	14032	./usr/lib/vlc/plugins/video_splitter/libwall_plugin.so
f	-rwxr-xr-x	ale	ale	1404	./usr/miyoo/bin/skin_1080p/color.png
f	-rwxr-xr-x	ale	ale	14056	./usr/lib/vlc/plugins/access_output/libaccess_output_file_plugin.so
f	-rwxr-xr-x	ale	ale	14056	./usr/lib/vlc/plugins/access_output/libaccess_output_http_plugin.so
f	-rwxr-xr-x	ale	ale	1409	./usr/miyoo/bin/skin_1080p/icon-joystick-test.png
f	-rwxr-xr-x	ale	ale	14112	./usr/bin/dbus-run-session
f	-rwxr-xr-x	ale	ale	14112	./usr/bin/dbus-update-activation-environment
f	-rwxr-xr-x	ale	ale	14112	./usr/bin/gio-querymodules
f	-rwxr-xr-x	ale	ale	14112	./usr/bin/gresource
f	-rwxr-xr-x	ale	ale	14112	./usr/bin/vlc
f	-rwxr-xr-x	ale	ale	14112	./usr/sbin/e2freefrag
f	-rwxr-xr-x	ale	ale	14112	./usr/sbin/e2undo
f	-rwxr-xr-x	ale	ale	1412	./usr/miyoo/bin/skin/menu-5line-bg.png
f	-rwxr-xr-x	ale	ale	1412	./usr/miyoo/bin/skin/menu-sub-bg.png
f	-rwxr-xr-x	ale	ale	14136	./usr/sbin/filefrag
f	-rwxr-xr-x	ale	ale	14192	./usr/bin/fc-cache
f	-rwxr-xr-x	ale	ale	14192	./usr/bin/fc-cat
f	-rwxr-xr-x	ale	ale	14192	./usr/bin/fc-match
f	-rwxr-xr-x	ale	ale	14192	./usr/bin/hex2hcd
f	-rwxr-xr-x	ale	ale	14192	./usr/sbin/mtd_debug
f	-rwxr-xr-x	ale	ale	14192	./usr/sbin/nandtest
f	-rwxr-xr-x	ale	ale	14200	./usr/sbin/flashcp
f	-rwxr-xr-x	ale	ale	1423240	./usr/lib/libvpx.so.7.0.0
f	-rwxr-xr-x	ale	ale	14232	./usr/lib/alsa-lib/libasound_module_ctl_oss.so
f	-rwxr-xr-x	ale	ale	14288	./usr/lib/alsa-lib/libasound_module_pcm_upmix.so
f	-rwxr-xr-x	ale	ale	14303	./usr/miyoo/bin/skin_1080p/bg-ra-list-item.png
f	-rwxr-xr-x	ale	ale	1431	./usr/miyoo/bin/skin/ra-edit-show-sel.png
f	-rwxr-xr-x	ale	ale	14352	./usr/bin/lockfile-check
f	-rwxr-xr-x	ale	ale	14352	./usr/bin/lockfile-create
f	-rwxr-xr-x	ale	ale	14352	./usr/bin/lockfile-remove
f	-rwxr-xr-x	ale	ale	14352	./usr/bin/lockfile-touch
f	-rwxr-xr-x	ale	ale	14352	./usr/bin/mail-lock
f	-rwxr-xr-x	ale	ale	14352	./usr/bin/mail-touchlock
f	-rwxr-xr-x	ale	ale	14352	./usr/bin/mail-unlock
f	-rwxr-xr-x	ale	ale	14384	./usr/bin/mpg123-strip
f	-rwxr-xr-x	ale	ale	1447	./etc/usbmount/mount.d/00_create_model_symlink
f	-rwxr-xr-x	ale	ale	147752	./usr/bin/rfcomm
f	-rwxr-xr-x	ale	ale	148752	./usr/miyoo/apps/fw_update/miyoo_fw_update
f	-rwxr-xr-x	ale	ale	14884	./usr/miyoo/bin/skin/joystick-test-bg.png
f	-rwxr-xr-x	ale	ale	149248	./usr/lib/libvlc.so.5.6.0
f	-rwxr-xr-x	ale	ale	15038	./usr/miyoo/bin/skin/joystick-test-bg2.png
f	-rwxr-xr-x	ale	ale	1506	./usr/bin/on_ac_power
f	-rwxr-xr-x	ale	ale	152720	./usr/lib/libSDL_mixer-1.2.so.0.12.1
f	-rwxr-xr-x	ale	ale	152	./usr/miyoo/bin/skin/div-line-h.png
f	-rwxr-xr-x	ale	ale	153296	./usr/lib/libvorbis.so.0.4.9
f	-rwxr-xr-x	ale	ale	1538	./usr/miyoo/bin/skin/mask-joystick.png
f	-rwxr-xr-x	ale	ale	1554880	./usr/bin/wl
f	-rwxr-xr-x	ale	ale	155576	./usr/bin/l2test
f	-rwxr-xr-x	ale	ale	1564	./usr/lib/pm-utils/module.d/tuxonice
f	-rwxr-xr-x	ale	ale	1570	./usr/miyoo/bin/skin/icon-hotspot-wifi.png
f	-rwxr-xr-x	ale	ale	1571	./usr/miyoo/bin/skin_1080p/icon-setting-wifi.png
f	-rwxr-xr-x	ale	ale	1573	./usr/miyoo/bin/skin_1080p/icon-hibernate.png
f	-rwxr-xr-x	ale	ale	157632	./usr/bin/curl
f	-rwxr-xr-x	ale	ale	1580	./usr/miyoo/bin/skin_1080p/fixit.png
f	-rwxr-xr-x	ale	ale	1588	./usr/miyoo/bin/skin/grid-edit-hide-nor.png
f	-rwxr-xr-x	ale	ale	159032	./usr/lib/libudev.so.1.6.3
f	-rwxr-xr-x	ale	ale	1609968	./usr/lib/libc.so.6
f	-rwxr-xr-x	ale	ale	1609	./usr/miyoo/bin/skin/grid-edit-show-nor.png
f	-rwxr-xr-x	ale	ale	160	./usr/miyoo/bin/skin/div-line-v-01.png
f	-rwxr-xr-x	ale	ale	1612	./usr/miyoo/bin/skin_1080p/icon-hardware-test.png
f	-rwxr-xr-x	ale	ale	161592	./usr/lib/libpugixml.so.1.11
f	-rwxr-xr-x	ale	ale	1626144	./usr/lib/librockchip_mpp.so.0
f	-rwxr-xr-x	ale	ale	1639	./usr/miyoo/bin/skin/bg-pop-menu-4.png
f	-rwxr-xr-x	ale	ale	163	./usr/miyoo/bin/skin/div-line-v-02.png
f	-rwxr-xr-x	ale	ale	1641	./usr/miyoo/bin/skin_1080p/icon-font-size.png
f	-rwxr-xr-x	ale	ale	1642	./usr/lib/pm-utils/power.d/xfs_buffer
f	-rwxr-xr-x	ale	ale	1652	./usr/miyoo/bin/skin/bg-list-s2.png
f	-rwxr-xr-x	ale	ale	1658	./usr/miyoo/bin/skin/background.1.png
f	-rwxr-xr-x	ale	ale	1663176	./usr/sbin/wpa_supplicant
f	-rwxr-xr-x	ale	ale	1678	./usr/miyoo/bin/skin_1080p/headphone-icon.png
f	-rwxr-xr-x	ale	ale	1687	./usr/miyoo/bin/skin/grid-edit-hide-sel.png
f	-rwxr-xr-x	ale	ale	1687	./usr/miyoo/bin/skin/joystick-test-dot2.png
f	-rwxr-xr-x	ale	ale	16889	./usr/miyoo/bin/skin_1080p/bg-list-l.png
f	-rwxr-xr-x	ale	ale	170200	./usr/lib/librga.so.2.1.0
f	-rwxr-xr-x	ale	ale	172040	./usr/bin/hciconfig
f	-rwxr-xr-x	ale	ale	1725	./usr/miyoo/bin/skin_1080p/icon-emulationstation.png
f	-rwxr-xr-x	ale	ale	1726	./usr/miyoo/bin/skin/grid-edit-show-sel.png
f	-rwxr-xr-x	ale	ale	1730	./usr/miyoo/bin/skin/charging-01.png
f	-rwxr-xr-x	ale	ale	173137	./usr/miyoo/bin/skin_1080p/preview-bg.png
f	-rwxr-xr-x	ale	ale	177848	./usr/bin/hciattach
f	-rwxr-xr-x	ale	ale	1785080	./usr/lib/libgio-2.0.so.0.6800.4
f	-rwxr-xr-x	ale	ale	179400	./usr/lib/libmpg123.so.0.44.12
f	-rwxr-xr-x	ale	ale	18048	./usr/lib/vlc/plugins/audio_filter/libchorus_flanger_plugin.so
f	-rwxr-xr-x	ale	ale	18048	./usr/lib/vlc/plugins/audio_filter/libcompressor_plugin.so
f	-rwxr-xr-x	ale	ale	18048	./usr/lib/vlc/plugins/audio_filter/libscaletempo_pitch_plugin.so
f	-rwxr-xr-x	ale	ale	18048	./usr/lib/vlc/plugins/codec/libspudec_plugin.so
f	-rwxr-xr-x	ale	ale	18048	./usr/lib/vlc/plugins/demux/libcaf_plugin.so
f	-rwxr-xr-x	ale	ale	18048	./usr/lib/vlc/plugins/demux/libmjpeg_plugin.so
f	-rwxr-xr-x	ale	ale	18048	./usr/lib/vlc/plugins/demux/libnuv_plugin.so
f	-rwxr-xr-x	ale	ale	18048	./usr/lib/vlc/plugins/demux/libsmf_plugin.so
f	-rwxr-xr-x	ale	ale	18048	./usr/lib/vlc/plugins/demux/libvobsub_plugin.so
f	-rwxr-xr-x	ale	ale	18048	./usr/lib/vlc/plugins/packetizer/libpacketizer_a52_plugin.so
f	-rwxr-xr-x	ale	ale	18048	./usr/lib/vlc/plugins/packetizer/libpacketizer_dts_plugin.so
f	-rwxr-xr-x	ale	ale	18048	./usr/lib/vlc/plugins/packetizer/libpacketizer_flac_plugin.so
f	-rwxr-xr-x	ale	ale	18048	./usr/lib/vlc/plugins/packetizer/libpacketizer_mlp_plugin.so
f	-rwxr-xr-x	ale	ale	18048	./usr/lib/vlc/plugins/services_discovery/libpodcast_plugin.so
f	-rwxr-xr-x	ale	ale	18048	./usr/lib/vlc/plugins/video_chroma/libi420_yuy2_plugin.so
f	-rwxr-xr-x	ale	ale	18048	./usr/lib/vlc/plugins/video_chroma/libi422_yuy2_plugin.so
f	-rwxr-xr-x	ale	ale	18048	./usr/lib/vlc/plugins/video_chroma/libyuy2_i422_plugin.so
f	-rwxr-xr-x	ale	ale	18048	./usr/lib/vlc/plugins/video_filter/libgradfun_plugin.so
f	-rwxr-xr-x	ale	ale	18048	./usr/lib/vlc/plugins/video_filter/libgrain_plugin.so
f	-rwxr-xr-x	ale	ale	18048	./usr/lib/vlc/plugins/video_filter/libmotiondetect_plugin.so
f	-rwxr-xr-x	ale	ale	18048	./usr/lib/vlc/plugins/video_filter/liboldmovie_plugin.so
f	-rwxr-xr-x	ale	ale	18048	./usr/lib/vlc/plugins/video_output/libfb_plugin.so
f	-rwxr-xr-x	ale	ale	1809	./usr/miyoo/bin/skin_1080p/icon-factory-reset-48.png
f	-rwxr-xr-x	ale	ale	18128	./usr/lib/vlc/plugins/audio_filter/libmono_plugin.so
f	-rwxr-xr-x	ale	ale	18128	./usr/lib/vlc/plugins/spu/libaudiobargraph_v_plugin.so
f	-rwxr-xr-x	ale	ale	18128	./usr/lib/vlc/plugins/spu/liblogo_plugin.so
f	-rwxr-xr-x	ale	ale	18128	./usr/lib/vlc/plugins/spu/libmarq_plugin.so
f	-rwxr-xr-x	ale	ale	18128	./usr/lib/vlc/plugins/stream_out/libstream_out_bridge_plugin.so
f	-rwxr-xr-x	ale	ale	18128	./usr/lib/vlc/plugins/stream_out/libstream_out_mosaic_bridge_plugin.so
f	-rwxr-xr-x	ale	ale	18128	./usr/lib/vlc/plugins/video_filter/libhqdn3d_plugin.so
f	-rwxr-xr-x	ale	ale	181584	./usr/bin/ciptool
f	-rwxr-xr-x	ale	ale	18176	./usr/lib/vlc/plugins/access/libaccess_imem_plugin.so
f	-rwxr-xr-x	ale	ale	18208	./usr/bin/dotlockfile
f	-rwxr-xr-x	ale	ale	18216	./usr/bin/dbus-launch
f	-rwxr-xr-x	ale	ale	18216	./usr/bin/fbdisplay
f	-rwxr-xr-x	ale	ale	18216	./usr/lib/vlc/plugins/audio_filter/libspatializer_plugin.so
f	-rwxr-xr-x	ale	ale	18288	./usr/bin/dbus-test-tool
f	-rwxr-xr-x	ale	ale	18288	./usr/bin/gapplication
f	-rwxr-xr-x	ale	ale	18288	./usr/sbin/fatresize
f	-rwxr-xr-x	ale	ale	18336	./usr/lib/bluetooth/plugins/sixaxis.so
f	-rwxr-xr-x	ale	ale	184644	./usr/lib/ld-linux-armhf.so.3
f	-rwxr-xr-x	ale	ale	185544	./usr/bin/rctest
f	-rwxr-xr-x	ale	ale	186064	./usr/lib/libpng16.so.16.37.0
f	-rwxr-xr-x	ale	ale	1871	./usr/miyoo/bin/skin_1080p/icon-sound.png
f	-rwxr-xr-x	ale	ale	187760	./usr/bin/hcitool
f	-rwxr-xr-x	ale	ale	1880	./usr/miyoo/bin/skin/charging-02.png
f	-rwxr-xr-x	ale	ale	189440	./usr/lib/libbluetooth.so.3.19.6
f	-rwxr-xr-x	ale	ale	189472	./usr/lib/libbluetooth.so.3.19.12
f	-rwxr-xr-x	ale	ale	19008	./usr/lib/vlc/plugins/stream_out/libstream_out_standard_plugin.so
f	-rwxr-xr-x	ale	ale	190160	./usr/lib/libbluetooth.so.3.19.15
f	-rwxr-xr-x	ale	ale	1904	./usr/miyoo/bin/skin/charging-03.png
f	-rwxr-xr-x	ale	ale	1907	./usr/miyoo/bin/skin/charging-04.png
f	-rwxr-xr-x	ale	ale	191	./userdata/cfg/wpa_supplicant.conf
f	-rwxr-xr-x	ale	ale	1920	./usr/miyoo/apps/usb_mass_storage/usb_icon_80.png
f	-rwxr-xr-x	ale	ale	1923	./usr/miyoo/bin/skin_1080p/icon-Shutdown.png
f	-rwxr-xr-x	ale	ale	1933	./usr/miyoo/bin/skin/ic-favorite-mark.png
f	-rwxr-xr-x	ale	ale	1938	./usr/miyoo/bin/skin_1080p/icon-START.png
f	-rwxr-xr-x	ale	ale	193	./usr/miyoo/bin/skin/mask-power.png
f	-rwxr-xr-x	ale	ale	194352	./usr/lib/ld-linux-aarch64.so.1
f	-rwxr-xr-x	ale	ale	1953	./usr/miyoo/bin/skin_1080p/bg-btn-01-f.png
f	-rwxr-xr-x	ale	ale	1953	./usr/miyoo/bin/skin_1080p/icon-language-48.png
f	-rwxr-xr-x	ale	ale	1963	./usr/miyoo/bin/skin/joystick-test-dot.png
f	-rwxr-xr-x	ale	ale	1968	./usr/miyoo/bin/skin_1080p/input.png
f	-rwxr-xr-x	ale	ale	19704	./usr/lib/alsa-lib/libasound_module_rate_speexrate.so
f	-rwxr-xr-x	ale	ale	1979	./usr/miyoo/bin/skin_1080p/icon-vibrate-48.png
f	-rwxr-xr-x	ale	ale	198464	./usr/lib/libevent_core-2.1.so.7.0.1
f	-rwxr-xr-x	ale	ale	198	./usr/miyoo/bin/lcd_frequencies.json
f	-rwxr-xr-x	ale	ale	199880	./usr/bin/gmu.bin
f	-rwxr-xr-x	ale	ale	200	./usr/miyoo/bin/skin/div-02.png
f	-rwxr-xr-x	ale	ale	201	./usr/lib/pm-utils/power.d/pcie_aspm
f	-rwxr-xr-x	ale	ale	2022	./usr/miyoo/bin/skin/charging-05.png
f	-rwxr-xr-x	ale	ale	20232	./usr/miyoo/bin/skin/ic-game-n.png
f	-rwxr-xr-x	ale	ale	203008	./usr/bin/dbus-daemon
f	-rwxr-xr-x	ale	ale	2036	./usr/miyoo/bin/skin_1080p/ic-favorite-mark.png
f	-rwxr-xr-x	ale	ale	204008	./usr/lib/libgomp.so.1.0.0
f	-rwxr-xr-x	ale	ale	204	./usr/miyoo/bin/skin/power-full-icon.png
f	-rwxr-xr-x	ale	ale	2064	./usr/bin/mount-helper
f	-rwxr-xr-x	ale	ale	2093	./usr/miyoo/bin/skin/icon-B-54.png
f	-rwxr-xr-x	ale	ale	2094	./usr/miyoo/bin/skin_1080p/icon-B-54.png
f	-rwxr-xr-x	ale	ale	20962	./usr/miyoo/bin/skin/ic-recent-n.png
f	-rwxr-xr-x	ale	ale	21036	./usr/miyoo/bin/skin_1080p/bg-game-item-n.png
f	-rwxr-xr-x	ale	ale	21080	./usr/miyoo/bin/skin/bg-game-item-n.png
f	-rwxr-xr-x	ale	ale	2138	./usr/sbin/pm-powersave
f	-rwxr-xr-x	ale	ale	21548	./usr/miyoo/bin/skin/ic-app-n.png
f	-rwxr-xr-x	ale	ale	22144	./usr/lib/vlc/plugins/access/libsatip_plugin.so
f	-rwxr-xr-x	ale	ale	22144	./usr/lib/vlc/plugins/access/libvdr_plugin.so
f	-rwxr-xr-x	ale	ale	22144	./usr/lib/vlc/plugins/audio_filter/libtospdif_plugin.so
f	-rwxr-xr-x	ale	ale	22144	./usr/lib/vlc/plugins/codec/libg711_plugin.so
f	-rwxr-xr-x	ale	ale	22144	./usr/lib/vlc/plugins/codec/liblpcm_plugin.so
f	-rwxr-xr-x	ale	ale	22144	./usr/lib/vlc/plugins/codec/libscte27_plugin.so
f	-rwxr-xr-x	ale	ale	22144	./usr/lib/vlc/plugins/codec/libsubsusf_plugin.so
f	-rwxr-xr-x	ale	ale	22144	./usr/lib/vlc/plugins/misc/libaudioscrobbler_plugin.so
f	-rwxr-xr-x	ale	ale	22144	./usr/lib/vlc/plugins/misc/libexport_plugin.so
f	-rwxr-xr-x	ale	ale	22144	./usr/lib/vlc/plugins/packetizer/libpacketizer_dirac_plugin.so
f	-rwxr-xr-x	ale	ale	22144	./usr/lib/vlc/plugins/packetizer/libpacketizer_mpegvideo_plugin.so
f	-rwxr-xr-x	ale	ale	22144	./usr/lib/vlc/plugins/video_chroma/libyuy2_i420_plugin.so
f	-rwxr-xr-x	ale	ale	22176	./usr/lib/vlc/plugins/access/libhttp_plugin.so
f	-rwxr-xr-x	ale	ale	22224	./usr/lib/vlc/plugins/access/libaccess_alsa_plugin.so
f	-rwxr-xr-x	ale	ale	22224	./usr/lib/vlc/plugins/audio_filter/libequalizer_plugin.so
f	-rwxr-xr-x	ale	ale	22224	./usr/lib/vlc/plugins/audio_filter/libremap_plugin.so
f	-rwxr-xr-x	ale	ale	22224	./usr/lib/vlc/plugins/demux/libimage_plugin.so
f	-rwxr-xr-x	ale	ale	22224	./usr/lib/vlc/plugins/demux/libwav_plugin.so
f	-rwxr-xr-x	ale	ale	22224	./usr/lib/vlc/plugins/services_discovery/libudev_plugin.so
f	-rwxr-xr-x	ale	ale	22224	./usr/lib/vlc/plugins/spu/librss_plugin.so
f	-rwxr-xr-x	ale	ale	22224	./usr/lib/vlc/plugins/spu/libsubsdelay_plugin.so
f	-rwxr-xr-x	ale	ale	22224	./usr/lib/vlc/plugins/stream_out/libstream_out_record_plugin.so
f	-rwxr-xr-x	ale	ale	22224	./usr/lib/vlc/plugins/video_filter/libgradient_plugin.so
f	-rwxr-xr-x	ale	ale	22224	./usr/lib/vlc/plugins/video_filter/libmirror_plugin.so
f	-rwxr-xr-x	ale	ale	222960	./usr/lib/libpcre.so.1.2.13
f	-rwxr-xr-x	ale	ale	22304	./usr/bin/dbus-send
f	-rwxr-xr-x	ale	ale	22312	./usr/bin/dbus-monitor
f	-rwxr-xr-x	ale	ale	22370	./usr/miyoo/bin/skin/ic-retroarch-n.png
f	-rwxr-xr-x	ale	ale	22384	./usr/sbin/e4crypt
f	-rwxr-xr-x	ale	ale	223	./usr/miyoo/bin/skin/power-50%-icon.png
f	-rwxr-xr-x	ale	ale	223	./usr/miyoo/bin/skin/power-80%-icon.png
f	-rwxr-xr-x	ale	ale	22400	./usr/bin/tinymix
f	-rwxr-xr-x	ale	ale	22512	./usr/bin/a2dpconf
f	-rwxr-xr-x	ale	ale	22688	./usr/bin/mpg123-id3dump
f	-rwxr-xr-x	ale	ale	22804	./usr/miyoo/bin/skin/ic-setting-n.png
f	-rwxr-xr-x	ale	ale	22834	./usr/miyoo/bin/skin/ic-search-n.png
f	-rwxr-xr-x	ale	ale	2284	./usr/miyoo/bin/skin/menu-6line-bg.png
f	-rwxr-xr-x	ale	ale	2288	./usr/miyoo/bin/skin_1080p/icon-A-54.png
f	-rwxr-xr-x	ale	ale	2288	./usr/miyoo/bin/skin/icon-A-54.png
f	-rwxr-xr-x	ale	ale	228952	./usr/bin/rtlbtmp
f	-rwxr-xr-x	ale	ale	228	./usr/bin/async-commit
f	-rwxr-xr-x	ale	ale	228	./usr/miyoo/bin/skin/power-0%-icon.png
f	-rwxr-xr-x	ale	ale	23056	./usr/bin/brcm_patchram_plus1
f	-rwxr-xr-x	ale	ale	232352	./usr/bin/dhd
f	-rwxr-xr-x	ale	ale	2347	./usr/miyoo/bin/skin/bg-pop-menu-1.png
f	-rwxr-xr-x	ale	ale	234	./usr/miyoo/bin/skin_1080p/icon-space.png
f	-rwxr-xr-x	ale	ale	234	./usr/miyoo/bin/skin/power-20%-icon.png
f	-rwxr-xr-x	ale	ale	2366480	./usr/lib/libstdc++.so.6.0.29
f	-rwxr-xr-x	ale	ale	237168	./usr/bin/mesh-cfgclient
f	-rwxr-xr-x	ale	ale	2417	./usr/miyoo/bin/skin/background.png
f	-rwxr-xr-x	ale	ale	242312	./usr/bin/sdptool
f	-rwxr-xr-x	ale	ale	2449008	./usr/lib/libcrypto.so.1.1
f	-rwxr-xr-x	ale	ale	244	./usr/miyoo/bin/skin/loading-progress-mid.png
f	-rwxr-xr-x	ale	ale	2462	./usr/miyoo/bin/skin_1080p/icon-hotspot-wifi.png
f	-rwxr-xr-x	ale	ale	2465	./usr/miyoo/bin/skin_1080p/bg-btn-02-f.png
f	-rwxr-xr-x	ale	ale	246	./usr/miyoo/bin/skin/icon-space.png
f	-rwxr-xr-x	ale	ale	247568	./usr/lib/vlc/plugins/demux/libmp4_plugin.so
f	-rwxr-xr-x	ale	ale	2495	./usr/lib/pm-utils/power.d/wireless
f	-rwxr-xr-x	ale	ale	2498	./usr/lib/libstdc++.so.6.0.29-gdb.py
f	-rwxr-xr-x	ale	ale	251608	./usr/lib/libfontconfig.so.1.12.0
f	-rwxr-xr-x	ale	ale	253104	./usr/sbin/dropbear
f	-rwxr-xr-x	ale	ale	255720	./usr/lib/vlc/plugins/mux/libmux_mp4_plugin.so
f	-rwxr-xr-x	ale	ale	2569	./usr/miyoo/bin/skin/bg-btn-01-f.png
f	-rwxr-xr-x	ale	ale	259	./usr/miyoo/bin/skin/dot-a.png
f	-rwxr-xr-x	ale	ale	260240	./usr/lib/libSDL-1.2.so.0.11.4
f	-rwxr-xr-x	ale	ale	2622568	./usr/bin/rtwpriv
f	-rwxr-xr-x	ale	ale	26240	./usr/lib/libSDL_ttf-2.0.so.0.10.2
f	-rwxr-xr-x	ale	ale	26240	./usr/lib/vlc/plugins/access/libcdda_plugin.so
f	-rwxr-xr-x	ale	ale	26240	./usr/lib/vlc/plugins/access/libvcd_plugin.so
f	-rwxr-xr-x	ale	ale	26240	./usr/lib/vlc/plugins/mux/libmux_avi_plugin.so
f	-rwxr-xr-x	ale	ale	26240	./usr/lib/vlc/plugins/packetizer/libpacketizer_mpeg4video_plugin.so
f	-rwxr-xr-x	ale	ale	26240	./usr/lib/vlc/plugins/video_chroma/libi420_10_p010_plugin.so
f	-rwxr-xr-x	ale	ale	26240	./usr/lib/vlc/plugins/video_chroma/libi420_nv12_plugin.so
f	-rwxr-xr-x	ale	ale	26240	./usr/lib/vlc/plugins/video_chroma/libi420_rgb_plugin.so
f	-rwxr-xr-x	ale	ale	26320	./usr/lib/libevent_openssl-2.1.so.7.0.1
f	-rwxr-xr-x	ale	ale	26320	./usr/lib/libSDL_image-1.2.so.0.8.5
f	-rwxr-xr-x	ale	ale	26320	./usr/lib/vlc/plugins/access_output/libaccess_output_rist_plugin.so
f	-rwxr-xr-x	ale	ale	26320	./usr/lib/vlc/plugins/audio_filter/libaudio_format_plugin.so
f	-rwxr-xr-x	ale	ale	26320	./usr/lib/vlc/plugins/audio_output/libalsa_plugin.so
f	-rwxr-xr-x	ale	ale	26320	./usr/lib/vlc/plugins/codec/libsubsdec_plugin.so
f	-rwxr-xr-x	ale	ale	26320	./usr/lib/vlc/plugins/codec/libvorbis_plugin.so
f	-rwxr-xr-x	ale	ale	26320	./usr/lib/vlc/plugins/spu/libmosaic_plugin.so
f	-rwxr-xr-x	ale	ale	26320	./usr/lib/vlc/plugins/video_filter/libball_plugin.so
f	-rwxr-xr-x	ale	ale	26328	./usr/lib/libss.so.2.0
f	-rwxr-xr-x	ale	ale	26400	./usr/bin/gsettings
f	-rwxr-xr-x	ale	ale	26400	./usr/sbin/ubirename
f	-rwxr-xr-x	ale	ale	26408	./usr/bin/iconv
f	-rwxr-xr-x	ale	ale	26408	./usr/sbin/dumpe2fs
f	-rwxr-xr-x	ale	ale	26416	./usr/sbin/badblocks
f	-rwxr-xr-x	ale	ale	2645	./usr/miyoo/bin/skin/miyoo-topbar.png
f	-rwxr-xr-x	ale	ale	26480	./usr/sbin/ubiblock
f	-rwxr-xr-x	ale	ale	26496	./usr/sbin/ubihealthd
f	-rwxr-xr-x	ale	ale	26504	./usr/sbin/ubidetach
f	-rwxr-xr-x	ale	ale	26504	./usr/sbin/ubirmvol
f	-rwxr-xr-x	ale	ale	26520	./usr/lib/alsa-lib/libasound_module_ctl_arcam_av.so
f	-rwxr-xr-x	ale	ale	26592	./usr/sbin/fsck
f	-rwxr-xr-x	ale	ale	26648	./usr/bin/tinycap
f	-rwxr-xr-x	ale	ale	26720	./usr/bin/tinypcminfo
f	-rwxr-xr-x	ale	ale	2677	./usr/miyoo/bin/skin/bg-pop-menu-2.png
f	-rwxr-xr-x	ale	ale	26896	./usr/miyoo/bin/miyoo_inputd
f	-rwxr-xr-x	ale	ale	26904	./usr/lib/libuuid.so.1.3.0
f	-rwxr-xr-x	ale	ale	27072	./usr/lib/libnl-genl-3.so.200.26.0
f	-rwxr-xr-x	ale	ale	2722	./usr/lib/pm-utils/power.d/laptop-mode
f	-rwxr-xr-x	ale	ale	272624	./usr/bin/meshctl
f	-rwxr-xr-x	ale	ale	272656	./usr/bin/bluetoothctl
f	-rwxr-xr-x	ale	ale	2727	./usr/miyoo/bin/skin/mask.png
f	-rwxr-xr-x	ale	ale	274	./usr/lib/pm-utils/sleep.d/00logging
f	-rwxr-xr-x	ale	ale	275	./usr/miyoo/bin/skin_1080p/icon-character.png
f	-rwxr-xr-x	ale	ale	2760	./usr/miyoo/bin/skin/menu-sub-title-bg.png
f	-rwxr-xr-x	ale	ale	2781	./usr/miyoo/bin/skin/app_loading_bg.png
f	-rwxr-xr-x	ale	ale	282	./usr/miyoo/bin/kill_apps.sh
f	-rwxr-xr-x	ale	ale	2852	./usr/miyoo/bin/skin/app_loading_02.png
f	-rwxr-xr-x	ale	ale	2862	./usr/miyoo/bin/skin/app_loading_01.png
f	-rwxr-xr-x	ale	ale	287	./usr/miyoo/bin/skin/mask-cross-key.png
f	-rwxr-xr-x	ale	ale	287	./usr/miyoo/bin/skin/mask-L2R2.png
f	-rwxr-xr-x	ale	ale	2888	./usr/miyoo/bin/skin/bg-pop-menu-3.png
f	-rwxr-xr-x	ale	ale	289680	./usr/lib/libncurses.so.6.1
f	-rwxr-xr-x	ale	ale	2903	./usr/lib/pm-utils/bin/pm-action
f	-rwxr-xr-x	ale	ale	291	./usr/miyoo/bin/skin_1080p/dot-a.png
f	-rwxr-xr-x	ale	ale	293	./usr/bin/wifi_start.sh
f	-rwxr-xr-x	ale	ale	29528	./usr/miyoo/bin/skin_1080p/ic-game-n.png
f	-rwxr-xr-x	ale	ale	295	./usr/miyoo/bin/skin/loading-progress-left.png
f	-rwxr-xr-x	ale	ale	297104	./usr/sbin/udevd
f	-rwxr-xr-x	ale	ale	29864	./usr/bin/rk_wifibt_init
f	-rwxr-xr-x	ale	ale	298	./usr/miyoo/bin/skin/loading-progress-right.png
f	-rwxr-xr-x	ale	ale	299	./usr/bin/bt_init.sh
f	-rwxr-xr-x	ale	ale	299	./usr/bin/bt_load_rtk_firmware
f	-rwxr-xr-x	ale	ale	299	./usr/bin/bt_pcba_test
f	-rwxr-xr-x	ale	ale	30031	./usr/miyoo/bin/skin/ic-recent-f.png
f	-rwxr-xr-x	ale	ale	3014	./usr/miyoo/bin/skin/app_loading_03.png
f	-rwxr-xr-x	ale	ale	3021	./usr/miyoo/bin/skin_1080p/icon-trigger.png
f	-rwxr-xr-x	ale	ale	3026	./usr/lib/pm-utils/power.d/harddrive
f	-rwxr-xr-x	ale	ale	30299	./usr/miyoo/bin/skin/ic-game-f.png
f	-rwxr-xr-x	ale	ale	303192	./usr/sbin/dnsmasq
f	-rwxr-xr-x	ale	ale	30336	./usr/lib/libogg.so.0.8.5
f	-rwxr-xr-x	ale	ale	30336	./usr/lib/vlc/plugins/demux/libreal_plugin.so
f	-rwxr-xr-x	ale	ale	30336	./usr/lib/vlc/plugins/misc/libfingerprinter_plugin.so
f	-rwxr-xr-x	ale	ale	30336	./usr/lib/vlc/plugins/packetizer/libpacketizer_av1_plugin.so
f	-rwxr-xr-x	ale	ale	30336	./usr/lib/vlc/plugins/packetizer/libpacketizer_vc1_plugin.so
f	-rwxr-xr-x	ale	ale	30360	./usr/lib/vlc/plugins/stream_filter/libhds_plugin.so
f	-rwxr-xr-x	ale	ale	30362	./usr/miyoo/bin/skin/ic-app-f.png
f	-rwxr-xr-x	ale	ale	30368	./usr/lib/libvorbisfile.so.3.3.8
f	-rwxr-xr-x	ale	ale	30416	./usr/lib/libsbc.so.1.3.0
f	-rwxr-xr-x	ale	ale	30416	./usr/lib/vlc/plugins/access/librist_plugin.so
f	-rwxr-xr-x	ale	ale	30416	./usr/lib/vlc/plugins/demux/libflacsys_plugin.so
f	-rwxr-xr-x	ale	ale	30416	./usr/lib/vlc/plugins/demux/libty_plugin.so
f	-rwxr-xr-x	ale	ale	30416	./usr/lib/vlc/plugins/spu/libdynamicoverlay_plugin.so
f	-rwxr-xr-x	ale	ale	30496	./usr/bin/xmlwf
f	-rwxr-xr-x	ale	ale	30576	./usr/bin/umount
f	-rwxr-xr-x	ale	ale	30576	./usr/sbin/ubiupdatevol
f	-rwxr-xr-x	ale	ale	30610	./usr/miyoo/bin/skin/ic-favorite-f.png
f	-rwxr-xr-x	ale	ale	30616	./usr/sbin/ubiattach
f	-rwxr-xr-x	ale	ale	30616	./usr/sbin/ubirsvol
f	-rwxr-xr-x	ale	ale	30624	./usr/lib/libmenu.so.6.1
f	-rwxr-xr-x	ale	ale	30624	./usr/sbin/ubimkvol
f	-rwxr-xr-x	ale	ale	306376	./usr/sbin/e2fsck
f	-rwxr-xr-x	ale	ale	30640	./usr/bin/isotest
f	-rwxr-xr-x	ale	ale	30656	./usr/bin/aserver
f	-rwxr-xr-x	ale	ale	30736	./usr/bin/tinyplay
f	-rwxr-xr-x	ale	ale	307	./usr/miyoo/bin/skin_1080p/div-line-v-01.png
f	-rwxr-xr-x	ale	ale	308	./usr/miyoo/bin/skin_1080p/power-full-icon.png
f	-rwxr-xr-x	ale	ale	309168	./usr/lib/libdbus-1.so.3.19.13
f	-rwxr-xr-x	ale	ale	31040	./usr/bin/wvgain
f	-rwxr-xr-x	ale	ale	3133	./usr/share/udhcpc/default.script
f	-rwxr-xr-x	ale	ale	313432	./usr/bin/udevadm
f	-rwxr-xr-x	ale	ale	31386	./usr/miyoo/bin/skin/ic-retroarch-f.png
f	-rwxr-xr-x	ale	ale	3145	./usr/lib/pm-utils/module.d/uswsusp
f	-rwxr-xr-x	ale	ale	314	./usr/miyoo/bin/skin/mask-LR.png
f	-rwxr-xr-x	ale	ale	3172	./usr/miyoo/bin/skin/bg-list-s.png
f	-rwxr-xr-x	ale	ale	317568	./usr/lib/libevent-2.1.so.7.0.1
f	-rwxr-xr-x	ale	ale	318112	./usr/lib/libreadline.so.8.1
f	-rwxr-xr-x	ale	ale	3202	./usr/miyoo/bin/skin/app_loading_04.png
f	-rwxr-xr-x	ale	ale	3263	./usr/miyoo/bin/skin/app_loading_05.png
f	-rwxr-xr-x	ale	ale	327224	./usr/lib/libgobject-2.0.so.0.6800.4
f	-rwxr-xr-x	ale	ale	328088	./usr/bin/hcidump
f	-rwxr-xr-x	ale	ale	328	./usr/miyoo/bin/skin/icon-core.png
f	-rwxr-xr-x	ale	ale	334272	./usr/bin/gatttool
f	-rwxr-xr-x	ale	ale	335	./usr/miyoo/bin/skin_1080p/icon-folder.png
f	-rwxr-xr-x	ale	ale	3384	./usr/miyoo/bin/skin_1080p/num-bg.png
f	-rwxr-xr-x	ale	ale	339816	./usr/lib/libparted.so.2.0.2
f	-rwxr-xr-x	ale	ale	341	./usr/miyoo/bin/skin_1080p/dot-n.png
f	-rwxr-xr-x	ale	ale	34432	./usr/lib/vlc/plugins/control/libhotkeys_plugin.so
f	-rwxr-xr-x	ale	ale	34432	./usr/lib/vlc/plugins/demux/libps_plugin.so
f	-rwxr-xr-x	ale	ale	34432	./usr/lib/vlc/plugins/packetizer/libpacketizer_mpeg4audio_plugin.so
f	-rwxr-xr-x	ale	ale	34512	./usr/lib/vlc/plugins/mux/libmux_asf_plugin.so
f	-rwxr-xr-x	ale	ale	34512	./usr/lib/vlc/plugins/mux/libmux_ogg_plugin.so
f	-rwxr-xr-x	ale	ale	34512	./usr/lib/vlc/plugins/video_filter/libtransform_plugin.so
f	-rwxr-xr-x	ale	ale	34544	./usr/lib/vlc/plugins/access/librtp_plugin.so
f	-rwxr-xr-x	ale	ale	34616	./usr/miyoo/bin/jsonval
f	-rwxr-xr-x	ale	ale	34672	./usr/bin/wvtag
f	-rwxr-xr-x	ale	ale	34672	./usr/sbin/flash_erase
f	-rwxr-xr-x	ale	ale	346	./usr/miyoo/bin/skin/icon-character.png
f	-rwxr-xr-x	ale	ale	34704	./usr/sbin/ubinfo
f	-rwxr-xr-x	ale	ale	34736	./usr/sbin/ubinize
f	-rwxr-xr-x	ale	ale	34784	./usr/bin/sbcdec
f	-rwxr-xr-x	ale	ale	34864	./usr/lib/libcrypt.so.1
f	-rwxr-xr-x	ale	ale	34912	./usr/bin/sbcenc
f	-rwxr-xr-x	ale	ale	35040	./usr/miyoo/bin/skin/ic-setting-f.png
f	-rwxr-xr-x	ale	ale	35049	./usr/miyoo/bin/skin/ic-search-f.png
f	-rwxr-xr-x	ale	ale	352	./usr/miyoo/bin/skin_1080p/power-20%-icon.png
f	-rwxr-xr-x	ale	ale	352	./usr/miyoo/bin/skin_1080p/power-50%-icon.png
f	-rwxr-xr-x	ale	ale	35376	./usr/lib/libnl-idiag-3.so.200.26.0
f	-rwxr-xr-x	ale	ale	35385	./usr/miyoo/bin/skin_1080p/ic-favorite-n.png
f	-rwxr-xr-x	ale	ale	353	./usr/miyoo/bin/skin_1080p/power-0%-icon.png
f	-rwxr-xr-x	ale	ale	35453	./usr/sbin/alsaconf
f	-rwxr-xr-x	ale	ale	354	./usr/miyoo/bin/skin_1080p/power-80%-icon.png
f	-rwxr-xr-x	ale	ale	36296	./usr/lib/libe2p.so.2.3
f	-rwxr-xr-x	ale	ale	36560	./usr/bin/out123
f	-rwxr-xr-x	ale	ale	36568	./usr/bin/pcregrep
f	-rwxr-xr-x	ale	ale	3663	./usr/miyoo/bin/skin_1080p/tips-bar-bg.png
f	-rwxr-xr-x	ale	ale	367584	./usr/miyoo/bin/btmanager
f	-rwxr-xr-x	ale	ale	367736	./usr/libexec/bluetooth/bluetooth-meshd
f	-rwxr-xr-x	ale	ale	368	./etc/init.d/S05async-commit.sh
f	-rwxr-xr-x	ale	ale	373392	./usr/lib/libblkid.so.1.1.0
f	-rwxr-xr-x	ale	ale	3738	./usr/miyoo/bin/skin_1080p/menu-nline-bg.png
f	-rwxr-xr-x	ale	ale	373	./usr/miyoo/bin/skin_1080p/progress-dot.png
f	-rwxr-xr-x	ale	ale	373	./usr/miyoo/bin/skin/progress-dot.png
f	-rwxr-xr-x	ale	ale	374824	./usr/lib/libical.so.1.0.1
f	-rwxr-xr-x	ale	ale	37806	./usr/miyoo/bin/skin/thumb-default.png
f	-rwxr-xr-x	ale	ale	3787680	./usr/miyoo/lib/libgamename.so
f	-rwxr-xr-x	ale	ale	379	./etc/group
f	-rwxr-xr-x	ale	ale	383	./usr/miyoo/bin/skin_1080p/div-line-h.png
f	-rwxr-xr-x	ale	ale	38528	./usr/lib/libSDL2_ttf-2.0.so.0.18.0
f	-rwxr-xr-x	ale	ale	38528	./usr/lib/vlc/plugins/codec/libcc_plugin.so
f	-rwxr-xr-x	ale	ale	38528	./usr/lib/vlc/plugins/misc/libvod_rtsp_plugin.so
f	-rwxr-xr-x	ale	ale	38528	./usr/lib/vlc/plugins/services_discovery/libsap_plugin.so
f	-rwxr-xr-x	ale	ale	38552	./usr/lib/vlc/plugins/access/libftp_plugin.so
f	-rwxr-xr-x	ale	ale	38560	./usr/lib/libhistory.so.8.1
f	-rwxr-xr-x	ale	ale	385	./usr/miyoo/bin/skin/dot-n.png
f	-rwxr-xr-x	ale	ale	38608	./usr/lib/vlc/plugins/video_filter/libadjust_plugin.so
f	-rwxr-xr-x	ale	ale	38640	./usr/lib/vlc/plugins/codec/libttml_plugin.so
f	-rwxr-xr-x	ale	ale	38669	./usr/miyoo/bin/skin_1080p/background.png
f	-rwxr-xr-x	ale	ale	38696	./usr/lib/libpcrecpp.so.0.0.2
f	-rwxr-xr-x	ale	ale	38720	./usr/lib/vlc/plugins/demux/libes_plugin.so
f	-rwxr-xr-x	ale	ale	38752	./usr/lib/libffi.so.8.1.0
f	-rwxr-xr-x	ale	ale	38768	./usr/lib/libtinyalsa.so.1.1.1
f	-rwxr-xr-x	ale	ale	38768	./usr/sbin/nanddump
f	-rwxr-xr-x	ale	ale	38768	./usr/sbin/nandwrite
f	-rwxr-xr-x	ale	ale	38816	./usr/lib/libatomic.so.1.2.0
f	-rwxr-xr-x	ale	ale	388	./usr/miyoo/bin/skin/icon-left-arrow-24.png
f	-rwxr-xr-x	ale	ale	391984	./usr/lib/libsndfile.so.1.0.31
f	-rwxr-xr-x	ale	ale	391	./usr/miyoo/bin/skin/icon-right-arrow-24.png
f	-rwxr-xr-x	ale	ale	393	./usr/miyoo/bin/skin/icon-TF.png
f	-rwxr-xr-x	ale	ale	39432	./usr/bin/mesh-cfgtest
f	-rwxr-xr-x	ale	ale	396640	./usr/lib/libext2fs.so.2.4
f	-rwxr-xr-x	ale	ale	3989	./usr/miyoo/bin/skin_1080p/list-num.png
f	-rwxr-xr-x	ale	ale	402	./usr/bin/wifi_ap6xxx_rftest.sh
f	-rwxr-xr-x	ale	ale	40488	./usr/miyoo/bin/skin_1080p/ic-recent-f.png
f	-rwxr-xr-x	ale	ale	40549	./usr/miyoo/bin/skin_1080p/ic-app-f.png
f	-rwxr-xr-x	ale	ale	40642	./usr/miyoo/bin/skin_1080p/ic-game-f.png
f	-rwxr-xr-x	ale	ale	40775	./usr/miyoo/bin/skin_1080p/ic-favorite-f.png
f	-rwxr-xr-x	ale	ale	4085160	./usr/miyoo/bin/MainUI
f	-rwxr-xr-x	ale	ale	41133	./usr/miyoo/bin/skin_1080p/ic-retroarch-f.png
f	-rwxr-xr-x	ale	ale	414472	./usr/lib/libell.so.0.0.2
f	-rwxr-xr-x	ale	ale	415	./usr/miyoo/bin/skin_1080p/icon-right-arrow-24.png
f	-rwxr-xr-x	ale	ale	42624	./usr/lib/vlc/plugins/codec/libaraw_plugin.so
f	-rwxr-xr-x	ale	ale	42704	./usr/lib/vlc/plugins/control/liboldrc_plugin.so
f	-rwxr-xr-x	ale	ale	42704	./usr/lib/vlc/plugins/demux/libsubtitle_plugin.so
f	-rwxr-xr-x	ale	ale	42704	./usr/lib/vlc/plugins/stream_out/libstream_out_transcode_plugin.so
f	-rwxr-xr-x	ale	ale	42704	./usr/lib/vlc/plugins/visualization/libvisual_plugin.so
f	-rwxr-xr-x	ale	ale	42720	./usr/lib/alsa-lib/libasound_module_ctl_bluealsa.so
f	-rwxr-xr-x	ale	ale	42741	./usr/miyoo/bin/skin_1080p/ic-setting-f.png
f	-rwxr-xr-x	ale	ale	427	./etc/init.d/S00mountall.sh
f	-rwxr-xr-x	ale	ale	42864	./usr/bin/gdbus
f	-rwxr-xr-x	ale	ale	42864	./usr/bin/input-event-daemon
f	-rwxr-xr-x	ale	ale	42864	./usr/sbin/mtdinfo
f	-rwxr-xr-x	ale	ale	429	./usr/miyoo/bin/skin_1080p/icon-left-arrow-24.png
f	-rwxr-xr-x	ale	ale	42	./usr/bin/rvlc
f	-rwxr-xr-x	ale	ale	431808	./usr/lib/libmount.so.1.1.0
f	-rwxr-xr-x	ale	ale	431	./usr/miyoo/bin/skin/icon-key-setting-48.png
f	-rwxr-xr-x	ale	ale	4323	./usr/miyoo/bin/skin/mask-power-f.png
f	-rwxr-xr-x	ale	ale	4378	./usr/miyoo/bin/skin/mask-L2R2-f.png
f	-rwxr-xr-x	ale	ale	4379	./usr/miyoo/bin/skin/mask-cross-key-f.png
f	-rwxr-xr-x	ale	ale	4389	./usr/miyoo/bin/skin/mask-LR-f.png
f	-rwxr-xr-x	ale	ale	4433	./usr/miyoo/bin/skin/Empty.png
f	-rwxr-xr-x	ale	ale	4441	./usr/miyoo/bin/skin_1080p/Empty.png
f	-rwxr-xr-x	ale	ale	449	./userdata/cfg/wpa_supplicant_temp.conf
f	-rwxr-xr-x	ale	ale	45461904	./usr/lib/libmali.so.1.9.0
f	-rwxr-xr-x	ale	ale	457	./usr/miyoo/bin/skin_1080p/icon-menu-right-arrow-24.png
f	-rwxr-xr-x	ale	ale	4583	./usr/miyoo/bin/skin/mask-menu-f.png
f	-rwxr-xr-x	ale	ale	45	./usr/bin/cvlc
f	-rwxr-xr-x	ale	ale	46808	./usr/lib/libout123.so.0.2.2
f	-rwxr-xr-x	ale	ale	46816	./usr/lib/alsa-lib/libasound_module_pcm_bluealsa.so
f	-rwxr-xr-x	ale	ale	46960	./usr/sbin/fatlabel
f	-rwxr-xr-x	ale	ale	469968	./usr/bin/wget
f	-rwxr-xr-x	ale	ale	469	./usr/miyoo/bin/skin_1080p/icon-menu-left-arrow-24.png
f	-rwxr-xr-x	ale	ale	4712	./usr/miyoo/bin/skin_1080p/menu-sub-title-bg.png
f	-rwxr-xr-x	ale	ale	4718	./usr/miyoo/bin/skin_1080p/miyoo-topbar.png
f	-rwxr-xr-x	ale	ale	474	./usr/miyoo/bin/skin/icon-shift-active.png
f	-rwxr-xr-x	ale	ale	4756	./usr/miyoo/bin/skin/mask-ABXY-f.png
f	-rwxr-xr-x	ale	ale	47645	./usr/miyoo/bin/skin_1080p/app_loading_bg.png
f	-rwxr-xr-x	ale	ale	480	./userdata/system.json
f	-rwxr-xr-x	ale	ale	483	./usr/miyoo/bin/skin_1080p/icon-key-setting-48.png
f	-rwxr-xr-x	ale	ale	484480	./usr/lib/libcurl.so.4.7.0
f	-rwxr-xr-x	ale	ale	4889	./usr/miyoo/bin/skin_1080p/bg-list-s2.png
f	-rwxr-xr-x	ale	ale	4889	./usr/miyoo/bin/skin_1080p/list-item-select-bg-short.png
f	-rwxr-xr-x	ale	ale	496	./etc/passwd
f	-rwxr-xr-x	ale	ale	497	./usr/miyoo/bin/skin/bg-btn-01-n.png
f	-rwxr-xr-x	ale	ale	499	./usr/miyoo/bin/skin/nav-file-n.png
f	-rwxr-xr-x	ale	ale	503768	./usr/lib/libnl-route-3.so.200.26.0
f	-rwxr-xr-x	ale	ale	51016	./usr/miyoo/bin/hardwareservice
f	-rwxr-xr-x	ale	ale	51120	./usr/bin/amixer
f	-rwxr-xr-x	ale	ale	5131	./usr/miyoo/bin/skin/num-bg.png
f	-rwxr-xr-x	ale	ale	51656	./usr/bin/bluealsa-aplay
f	-rwxr-xr-x	ale	ale	51671	./usr/miyoo/bin/skin_1080p/ic-app-n.png
f	-rwxr-xr-x	ale	ale	517	./usr/miyoo/bin/skin/mask-menu.png
f	-rwxr-xr-x	ale	ale	5188	./usr/miyoo/bin/skin_1080p/ic-MENU.png
f	-rwxr-xr-x	ale	ale	519416	./usr/libexec/bluetooth/obexd
f	-rwxr-xr-x	ale	ale	5207	./usr/miyoo/bin/skin/ic-MENU.png
f	-rwxr-xr-x	ale	ale	52261	./usr/miyoo/bin/skin/bg-io-testing.png
f	-rwxr-xr-x	ale	ale	523856	./usr/lib/libssl.so.1.1
f	-rwxr-xr-x	ale	ale	52440	./usr/bin/rtk_hciattach
f	-rwxr-xr-x	ale	ale	5299	./usr/lib/pm-utils/functions
f	-rwxr-xr-x	ale	ale	531	./userdata/romwinidx.json
f	-rwxr-xr-x	ale	ale	53499	./usr/miyoo/bin/skin_1080p/ic-recent-n.png
f	-rwxr-xr-x	ale	ale	5379	./usr/miyoo/bin/skin/mask-joystick-f.png
f	-rwxr-xr-x	ale	ale	538560	./usr/lib/libm.so.6
f	-rwxr-xr-x	ale	ale	5403	./usr/miyoo/bin/skin/list-num.png
f	-rwxr-xr-x	ale	ale	54136	./usr/miyoo/apps/usb_mass_storage/bg.png
f	-rwxr-xr-x	ale	ale	54428	./usr/miyoo/bin/skin_1080p/ic-setting-n.png
f	-rwxr-xr-x	ale	ale	54570	./usr/miyoo/bin/skin_1080p/ic-retroarch-n.png
f	-rwxr-xr-x	ale	ale	54912	./usr/lib/vlc/plugins/video_output/libgles2_plugin.so
f	-rwxr-xr-x	ale	ale	54944	./usr/lib/vlc/plugins/access/libaccess_mms_plugin.so
f	-rwxr-xr-x	ale	ale	54992	./usr/lib/vlc/plugins/video_filter/libdeinterlace_plugin.so
f	-rwxr-xr-x	ale	ale	55016	./usr/lib/vlc/plugins/mux/libmux_ps_plugin.so
f	-rwxr-xr-x	ale	ale	55072	./usr/sbin/resize2fs
f	-rwxr-xr-x	ale	ale	550	./usr/miyoo/bin/skin_1080p/bg-btn-01-n.png
f	-rwxr-xr-x	ale	ale	55152	./usr/bin/mount
f	-rwxr-xr-x	ale	ale	553257	./usr/miyoo/bin/gamecontrollerdb.txt
f	-rwxr-xr-x	ale	ale	55664	./usr/sbin/mkfs.fat
f	-rwxr-xr-x	ale	ale	5574	./usr/miyoo/bin/skin/bg-btn-02-f.png
f	-rwxr-xr-x	ale	ale	5608	./usr/lib/libgthread-2.0.so.0.6800.4
f	-rwxr-xr-x	ale	ale	562	./usr/lib/pm-utils/power.d/disable_wol
f	-rwxr-xr-x	ale	ale	5688	./usr/lib/libEGL.so.1
f	-rwxr-xr-x	ale	ale	5688	./usr/lib/libgbm.so.1
f	-rwxr-xr-x	ale	ale	5688	./usr/lib/libGLESv1_CM.so.1
f	-rwxr-xr-x	ale	ale	5688	./usr/lib/libGLESv2.so.2
f	-rwxr-xr-x	ale	ale	57120	./usr/bin/getevent
f	-rwxr-xr-x	ale	ale	571	./usr/miyoo/bin/umount_sdcards.sh
f	-rwxr-xr-x	ale	ale	575	./usr/miyoo/bin/skin/ic-power-charge-0%.png
f	-rwxr-xr-x	ale	ale	5760	./usr/lib/vlc/plugins/access_output/libaccess_output_dummy_plugin.so
f	-rwxr-xr-x	ale	ale	5760	./usr/lib/vlc/plugins/audio_output/libadummy_plugin.so
f	-rwxr-xr-x	ale	ale	5760	./usr/lib/vlc/plugins/codec/libedummy_plugin.so
f	-rwxr-xr-x	ale	ale	5760	./usr/lib/vlc/plugins/codec/libspdif_plugin.so
f	-rwxr-xr-x	ale	ale	5760	./usr/lib/vlc/plugins/control/libdummy_plugin.so
f	-rwxr-xr-x	ale	ale	5760	./usr/lib/vlc/plugins/stream_out/libstream_out_dummy_plugin.so
f	-rwxr-xr-x	ale	ale	5760	./usr/lib/vlc/plugins/text_renderer/libtdummy_plugin.so
f	-rwxr-xr-x	ale	ale	5808	./usr/lib/mpg123/output_dummy.so
f	-rwxr-xr-x	ale	ale	5899	./usr/miyoo/bin/skin/save-default.png
f	-rwxr-xr-x	ale	ale	59248	./usr/bin/wvunpack
f	-rwxr-xr-x	ale	ale	5936	./usr/lib/libanl.so.1
f	-rwxr-xr-x	ale	ale	5936	./usr/lib/libdl.so.2
f	-rwxr-xr-x	ale	ale	5936	./usr/lib/libnss_dns.so.2
f	-rwxr-xr-x	ale	ale	5936	./usr/lib/libnss_files.so.2
f	-rwxr-xr-x	ale	ale	5936	./usr/lib/libutil.so.1
f	-rwxr-xr-x	ale	ale	595	./usr/miyoo/bin/skin/icon-brightness-48.png
f	-rwxr-xr-x	ale	ale	597	./etc/profile
f	-rwxr-xr-x	ale	ale	59888	./usr/lib/libresolv.so.2
f	-rwxr-xr-x	ale	ale	598	./usr/miyoo/bin/skin_1080p/icon-shift-active.png
f	-rwxr-xr-x	ale	ale	59	./userdata/cfg/wpa_supplicant.conf.tmp
f	-rwxr-xr-x	ale	ale	59	./userdata/joypad.config
f	-rwxr-xr-x	ale	ale	60235	./usr/miyoo/bin/skin/bg-keysetting.png
f	-rwxr-xr-x	ale	ale	6024	./usr/lib/librt.so.1
f	-rwxr-xr-x	ale	ale	602	./usr/miyoo/bin/skin/ic-power-charge-25%.png
f	-rwxr-xr-x	ale	ale	607952	./usr/lib/libfreetype.so.6.17.4
f	-rwxr-xr-x	ale	ale	60	./userdata/joypad_right.config
f	-rwxr-xr-x	ale	ale	610	./usr/miyoo/bin/skin/icon-shift.png
f	-rwxr-xr-x	ale	ale	611	./usr/miyoo/bin/skin/nav-file-f.png
f	-rwxr-xr-x	ale	ale	616384	./usr/bin/modetest
f	-rwxr-xr-x	ale	ale	620	./usr/share/vlc/utils/audio-vlc-default.sh
f	-rwxr-xr-x	ale	ale	620	./usr/share/vlc/utils/video-vlc-default.sh
f	-rwxr-xr-x	ale	ale	6295	./usr/miyoo/bin/skin_1080p/pop-bg.png
f	-rwxr-xr-x	ale	ale	63184	./usr/lib/vlc/plugins/demux/libasf_plugin.so
f	-rwxr-xr-x	ale	ale	63192	./usr/lib/librockchip_vpu.so.0
f	-rwxr-xr-x	ale	ale	63280	./usr/sbin/wpa_passphrase
f	-rwxr-xr-x	ale	ale	63344	./usr/bin/pcretest
f	-rwxr-xr-x	ale	ale	6337	./usr/miyoo/bin/skin/list-item-select-bg-short.png
f	-rwxr-xr-x	ale	ale	63488	./usr/lib/libjson-c.so.5.1.0
f	-rwxr-xr-x	ale	ale	63504	./usr/lib/udev/v4l_id
f	-rwxr-xr-x	ale	ale	6361	./usr/share/usbmount/usbmount
f	-rwxr-xr-x	ale	ale	64192	./usr/lib/libform.so.6.1
f	-rwxr-xr-x	ale	ale	6486	./usr/miyoo/bin/skin_1080p/ic-MENU+A.png
f	-rwxr-xr-x	ale	ale	6486	./usr/miyoo/bin/skin/ic-MENU+A.png
f	-rwxr-xr-x	ale	ale	648968	./usr/lib/libvorbisenc.so.2.0.12
f	-rwxr-xr-x	ale	ale	64	./userdata/bluetooth_devices
f	-rwxr-xr-x	ale	ale	652	./usr/lib/pm-utils/power.d/sched-powersave
f	-rwxr-xr-x	ale	ale	653544	./usr/lib/libopenal.so.1.21.1
f	-rwxr-xr-x	ale	ale	654	./usr/miyoo/bin/skin/sound-icon.png
f	-rwxr-xr-x	ale	ale	6628	./usr/miyoo/bin/skin/pop-bg.png
f	-rwxr-xr-x	ale	ale	665	./usr/miyoo/bin/skin/icon-wifi-locked.png
f	-rwxr-xr-x	ale	ale	671	./usr/miyoo/bin/skin/icon-delete.png
f	-rwxr-xr-x	ale	ale	671	./usr/miyoo/bin/skin/ic-power-charge-100%.png
f	-rwxr-xr-x	ale	ale	67280	./usr/lib/vlc/plugins/text_renderer/libfreetype_plugin.so
f	-rwxr-xr-x	ale	ale	67488	./usr/bin/aplay
f	-rwxr-xr-x	ale	ale	67488	./usr/bin/arecord
f	-rwxr-xr-x	ale	ale	67512	./usr/sbin/ubiformat
f	-rwxr-xr-x	ale	ale	675	./etc/init.d/S60mainui
f	-rwxr-xr-x	ale	ale	67910	./usr/miyoo/bin/skin/preview-bg.png
f	-rwxr-xr-x	ale	ale	684	./usr/miyoo/bin/skin/ic-power-charge-50%.png
f	-rwxr-xr-x	ale	ale	684	./usr/miyoo/bin/skin/ic-power-charge-75%.png
f	-rwxr-xr-x	ale	ale	686	./usr/miyoo/bin/skin/icon-folder.png
f	-rwxr-xr-x	ale	ale	695	./usr/miyoo/bin/skin/nav-favorite-n.png
f	-rwxr-xr-x	ale	ale	702	./usr/miyoo/bin/skin/bg-btn-02-n.png
f	-rwxr-xr-x	ale	ale	7036	./usr/miyoo/bin/skin_1080p/app_loading_01.png
f	-rwxr-xr-x	ale	ale	703	./usr/miyoo/bin/skin/icon-volume-01.png
f	-rwxr-xr-x	ale	ale	710	./etc/usbmount/umount.d/00_remove_model_symlink
f	-rwxr-xr-x	ale	ale	71376	./usr/lib/vlc/plugins/video_filter/libblend_plugin.so
f	-rwxr-xr-x	ale	ale	71560	./usr/libexec/gesftpserver
f	-rwxr-xr-x	ale	ale	71736	./usr/sbin/parted
f	-rwxr-xr-x	ale	ale	717	./usr/miyoo/bin/skin/icon-remove-sdcard.png
f	-rwxr-xr-x	ale	ale	737464	./usr/sbin/hostapd
f	-rwxr-xr-x	ale	ale	73776	./usr/bin/alsamixer
f	-rwxr-xr-x	ale	ale	741	./usr/miyoo/bin/skin_1080p/icon-delete.png
f	-rwxr-xr-x	ale	ale	744	./usr/miyoo/bin/skin/icon-volume-11.png
f	-rwxr-xr-x	ale	ale	745	./usr/miyoo/bin/skin/icon-y.png
f	-rwxr-xr-x	ale	ale	752	./usr/miyoo/bin/skin/mask-ABXY.png
f	-rwxr-xr-x	ale	ale	75472	./usr/lib/vlc/plugins/codec/libdvbsub_plugin.so
f	-rwxr-xr-x	ale	ale	75640	./usr/sbin/fsck.fat
f	-rwxr-xr-x	ale	ale	75704	./usr/bin/hostapd_cli
f	-rwxr-xr-x	ale	ale	757832	./usr/sbin/ntpd
f	-rwxr-xr-x	ale	ale	758	./usr/miyoo/bin/skin_1080p/icon-TF.png
f	-rwxr-xr-x	ale	ale	7666	./usr/miyoo/bin/skin/icon-remove-sd-card.png
f	-rwxr-xr-x	ale	ale	766	./usr/miyoo/bin/skin/icon-connected.png
f	-rwxr-xr-x	ale	ale	767	./usr/miyoo/bin/skin_1080p/icon-L2.png
f	-rwxr-xr-x	ale	ale	775	./usr/miyoo/bin/skin/sound-mute-icon.png
f	-rwxr-xr-x	ale	ale	7772	./usr/miyoo/bin/runmiyoo-original.sh
f	-rwxr-xr-x	ale	ale	788	./usr/miyoo/bin/skin_1080p/icon-shift.png
f	-rwxr-xr-x	ale	ale	794	./usr/miyoo/bin/skin/bg-keysetting-f.png
f	-rwxr-xr-x	ale	ale	794	./usr/miyoo/bin/skin/icon-device-info-48.png
f	-rwxr-xr-x	ale	ale	79568	./usr/lib/libparted-fs-resize.so.0.0.2
f	-rwxr-xr-x	ale	ale	79640	./usr/lib/vlc/plugins/access/libhttps_plugin.so
f	-rwxr-xr-x	ale	ale	79648	./usr/lib/libz.so.1.2.11
f	-rwxr-xr-x	ale	ale	79904	./usr/lib/vlc/plugins/video_filter/libpuzzle_plugin.so
f	-rwxr-xr-x	ale	ale	79960	./usr/lib/libbsd.so.0.10.0
f	-rwxr-xr-x	ale	ale	799	./usr/miyoo/bin/skin_1080p/icon-y.png
f	-rwxr-xr-x	ale	ale	799	./usr/miyoo/bin/skin/icon-L2.png
f	-rwxr-xr-x	ale	ale	80216	./usr/lib/libicalvcal.so.1.0.1
f	-rwxr-xr-x	ale	ale	802	./usr/miyoo/bin/skin/icon-theme.png
f	-rwxr-xr-x	ale	ale	8057	./usr/miyoo/bin/skin_1080p/app_loading_02.png
f	-rwxr-xr-x	ale	ale	8070	./usr/miyoo/bin/skin_1080p/app_loading_04.png
f	-rwxr-xr-x	ale	ale	808	./usr/miyoo/bin/skin/tips-bar-bg.png
f	-rwxr-xr-x	ale	ale	81112	./usr/lib/libnl-xfrm-3.so.200.26.0
f	-rwxr-xr-x	ale	ale	814856	./usr/bin/btmon
f	-rwxr-xr-x	ale	ale	81582	./userdata/belle-nuit-testchart-1080p.png
f	-rwxr-xr-x	ale	ale	8187	./usr/miyoo/bin/skin_1080p/app_loading_03.png
f	-rwxr-xr-x	ale	ale	823	./usr/miyoo/bin/skin/icon-volume-00.png
f	-rwxr-xr-x	ale	ale	823	./usr/miyoo/bin/skin/icon-x.png
f	-rwxr-xr-x	ale	ale	8270	./usr/miyoo/bin/skin_1080p/app_loading_05.png
f	-rwxr-xr-x	ale	ale	8282	./usr/miyoo/bin/skin_1080p/save-default.png
f	-rwxr-xr-x	ale	ale	828360	./usr/bin/bash
f	-rwxr-xr-x	ale	ale	834	./usr/miyoo/bin/skin/loading-bg.png
f	-rwxr-xr-x	ale	ale	83664	./usr/lib/vlc/plugins/demux/libavi_plugin.so
f	-rwxr-xr-x	ale	ale	83760	./usr/lib/libdrm.so.2.4.0
f	-rwxr-xr-x	ale	ale	83784	./usr/lib/libkmod.so.2.3.7
f	-rwxr-xr-x	ale	ale	83792	./usr/lib/vlc/plugins/access/libdtv_plugin.so
f	-rwxr-xr-x	ale	ale	83824	./usr/bin/wavpack
f	-rwxr-xr-x	ale	ale	83872	./usr/bin/gio
f	-rwxr-xr-x	ale	ale	841	./usr/lib/pm-utils/bin/service
f	-rwxr-xr-x	ale	ale	8424	./usr/lib/libpthread.so.0
f	-rwxr-xr-x	ale	ale	846280	./usr/bin/busybox
f	-rwxr-xr-x	ale	ale	854096	./usr/lib/vlc/plugins/demux/libadaptive_plugin.so
f	-rwxr-xr-x	ale	ale	858	./usr/miyoo/bin/skin/status-icon-default.png
f	-rwxr-xr-x	ale	ale	864	./usr/miyoo/bin/skin_1080p/icon-OK.png
f	-rwxr-xr-x	ale	ale	864	./usr/miyoo/bin/skin_1080p/ic-power-charge-0%.png
f	-rwxr-xr-x	ale	ale	873	./usr/share/vlc/utils/gnome-vlc-default.sh
f	-rwxr-xr-x	ale	ale	87402	./userdata/200frames_count.h264
f	-rwxr-xr-x	ale	ale	87760	./usr/lib/vlc/plugins/demux/libogg_plugin.so
f	-rwxr-xr-x	ale	ale	87800	./usr/lib/libicalss.so.1.0.1
f	-rwxr-xr-x	ale	ale	87848	./usr/lib/vlc/plugins/demux/libh26x_plugin.so
f	-rwxr-xr-x	ale	ale	87920	./usr/bin/btattach
f	-rwxr-xr-x	ale	ale	8814	./usr/miyoo/bin/skin_1080p/menu-sub-bg.png
f	-rwxr-xr-x	ale	ale	88368	./usr/lib/vlc/plugins/demux/libplaylist_plugin.so
f	-rwxr-xr-x	ale	ale	890	./usr/lib/pm-utils/power.d/intel-audio-powersave
f	-rwxr-xr-x	ale	ale	8927	./usr/miyoo/bin/skin/icon-menu-left-arrow-24.png
f	-rwxr-xr-x	ale	ale	894	./usr/miyoo/bin/skin/icon-abc.png
f	-rwxr-xr-x	ale	ale	8976	./usr/miyoo/bin/skin/bg-list-l.png
f	-rwxr-xr-x	ale	ale	902	./usr/miyoo/bin/skin/icon-wifi-connected.png
f	-rwxr-xr-x	ale	ale	913	./usr/miyoo/bin/skin_1080p/ic-power-charge-25%.png
f	-rwxr-xr-x	ale	ale	914	./usr/miyoo/bin/skin/icon-R2.png
f	-rwxr-xr-x	ale	ale	918	./usr/miyoo/bin/skin/icon-volume-04.png
f	-rwxr-xr-x	ale	ale	919256	./usr/lib/libiconv.so.2.6.0
f	-rwxr-xr-x	ale	ale	92176	./usr/lib/udev/ata_id
f	-rwxr-xr-x	ale	ale	92184	./usr/lib/udev/collect
f	-rwxr-xr-x	ale	ale	92216	./usr/bin/mpris-proxy
f	-rwxr-xr-x	ale	ale	922	./usr/miyoo/bin/runmiyoo.sh
f	-rwxr-xr-x	ale	ale	922	./usr/miyoo/bin/skin_1080p/icon-brightness-48.png
f	-rwxr-xr-x	ale	ale	922	./usr/miyoo/bin/skin/icon-menu-right-arrow-24.png
f	-rwxr-xr-x	ale	ale	927	./usr/miyoo/bin/skin/icon-volume-07.png
f	-rwxr-xr-x	ale	ale	9295	./usr/lib/pm-utils/pm-functions
f	-rwxr-xr-x	ale	ale	929	./usr/miyoo/bin/skin/icon-OK.png
f	-rwxr-xr-x	ale	ale	9364	./usr/bin/disk-helper
f	-rwxr-xr-x	ale	ale	955	./usr/miyoo/bin/skin/icon-wifi-signal-04.png
f	-rwxr-xr-x	ale	ale	96112	./usr/bin/bluemoon
f	-rwxr-xr-x	ale	ale	964	./usr/miyoo/bin/skin/nav-favorite-f.png
f	-rwxr-xr-x	ale	ale	970	./usr/miyoo/bin/skin/icon-volume-10.png
f	-rwxr-xr-x	ale	ale	97704	./usr/miyoo/lib/libtmenu.so
f	-rwxr-xr-x	ale	ale	979	./usr/miyoo/bin/skin/icon-lcd-frequency.png
f	-rwxr-xr-x	ale	ale	981	./usr/bin/pm-is-supported
f	-rwxr-xr-x	ale	ale	983	./usr/miyoo/bin/skin/status-icon-headphone.png
f	-rwxr-xr-x	ale	ale	984	./usr/miyoo/bin/skin/fixit.png
f	-rwxr-xr-x	ale	ale	9856	./usr/lib/libcharset.so.1.0.0
f	-rwxr-xr-x	ale	ale	9856	./usr/lib/liblockfile.so.1.0
f	-rwxr-xr-x	ale	ale	9856	./usr/lib/vlc/plugins/access/libattachment_plugin.so
f	-rwxr-xr-x	ale	ale	9856	./usr/lib/vlc/plugins/access/libidummy_plugin.so
f	-rwxr-xr-x	ale	ale	9856	./usr/lib/vlc/plugins/access/libimem_plugin.so
f	-rwxr-xr-x	ale	ale	9856	./usr/lib/vlc/plugins/access/libsdp_plugin.so
f	-rwxr-xr-x	ale	ale	9856	./usr/lib/vlc/plugins/access/libtcp_plugin.so
f	-rwxr-xr-x	ale	ale	9856	./usr/lib/vlc/plugins/audio_filter/libdolby_surround_decoder_plugin.so
f	-rwxr-xr-x	ale	ale	9856	./usr/lib/vlc/plugins/audio_filter/libgain_plugin.so
f	-rwxr-xr-x	ale	ale	9856	./usr/lib/vlc/plugins/audio_filter/libkaraoke_plugin.so
f	-rwxr-xr-x	ale	ale	9856	./usr/lib/vlc/plugins/audio_filter/libmad_plugin.so
f	-rwxr-xr-x	ale	ale	9856	./usr/lib/vlc/plugins/audio_filter/libnormvol_plugin.so
f	-rwxr-xr-x	ale	ale	9856	./usr/lib/vlc/plugins/audio_filter/libstereo_widen_plugin.so
f	-rwxr-xr-x	ale	ale	9856	./usr/lib/vlc/plugins/audio_filter/libtrivial_channel_mixer_plugin.so
f	-rwxr-xr-x	ale	ale	9856	./usr/lib/vlc/plugins/audio_filter/libugly_resampler_plugin.so
f	-rwxr-xr-x	ale	ale	9856	./usr/lib/vlc/plugins/audio_mixer/libfloat_mixer_plugin.so
f	-rwxr-xr-x	ale	ale	9856	./usr/lib/vlc/plugins/audio_mixer/libinteger_mixer_plugin.so
f	-rwxr-xr-x	ale	ale	9856	./usr/lib/vlc/plugins/audio_output/libamem_plugin.so
f	-rwxr-xr-x	ale	ale	9856	./usr/lib/vlc/plugins/codec/libaes3_plugin.so
f	-rwxr-xr-x	ale	ale	9856	./usr/lib/vlc/plugins/codec/libddummy_plugin.so
f	-rwxr-xr-x	ale	ale	9856	./usr/lib/vlc/plugins/codec/liboggspots_plugin.so
f	-rwxr-xr-x	ale	ale	9856	./usr/lib/vlc/plugins/codec/librawvideo_plugin.so
f	-rwxr-xr-x	ale	ale	9856	./usr/lib/vlc/plugins/codec/librtpvideo_plugin.so
f	-rwxr-xr-x	ale	ale	9856	./usr/lib/vlc/plugins/codec/libt140_plugin.so
f	-rwxr-xr-x	ale	ale	9856	./usr/lib/vlc/plugins/codec/libuleaddvaudio_plugin.so
f	-rwxr-xr-x	ale	ale	9856	./usr/lib/vlc/plugins/control/libmotion_plugin.so
f	-rwxr-xr-x	ale	ale	9856	./usr/lib/vlc/plugins/control/libnetsync_plugin.so
f	-rwxr-xr-x	ale	ale	9856	./usr/lib/vlc/plugins/demux/libaiff_plugin.so
f	-rwxr-xr-x	ale	ale	9856	./usr/lib/vlc/plugins/demux/libau_plugin.so
f	-rwxr-xr-x	ale	ale	9856	./usr/lib/vlc/plugins/demux/libdemux_cdg_plugin.so
f	-rwxr-xr-x	ale	ale	9856	./usr/lib/vlc/plugins/demux/libdemuxdump_plugin.so
f	-rwxr-xr-x	ale	ale	9856	./usr/lib/vlc/plugins/demux/libdiracsys_plugin.so
f	-rwxr-xr-x	ale	ale	9856	./usr/lib/vlc/plugins/demux/libdirectory_demux_plugin.so
f	-rwxr-xr-x	ale	ale	9856	./usr/lib/vlc/plugins/demux/libmpgv_plugin.so
f	-rwxr-xr-x	ale	ale	9856	./usr/lib/vlc/plugins/demux/libnoseek_plugin.so
f	-rwxr-xr-x	ale	ale	9856	./usr/lib/vlc/plugins/demux/libnsc_plugin.so
f	-rwxr-xr-x	ale	ale	9856	./usr/lib/vlc/plugins/demux/libtta_plugin.so
f	-rwxr-xr-x	ale	ale	9856	./usr/lib/vlc/plugins/demux/libvc1_plugin.so
f	-rwxr-xr-x	ale	ale	9856	./usr/lib/vlc/plugins/demux/libxa_plugin.so
f	-rwxr-xr-x	ale	ale	9856	./usr/lib/vlc/plugins/keystore/libmemory_keystore_plugin.so
f	-rwxr-xr-x	ale	ale	9856	./usr/lib/vlc/plugins/logger/libconsole_logger_plugin.so
f	-rwxr-xr-x	ale	ale	9856	./usr/lib/vlc/plugins/misc/liblogger_plugin.so
f	-rwxr-xr-x	ale	ale	9856	./usr/lib/vlc/plugins/misc/libstats_plugin.so
f	-rwxr-xr-x	ale	ale	9856	./usr/lib/vlc/plugins/mux/libmux_mpjpeg_plugin.so
f	-rwxr-xr-x	ale	ale	9856	./usr/lib/vlc/plugins/packetizer/libpacketizer_copy_plugin.so
f	-rwxr-xr-x	ale	ale	9856	./usr/lib/vlc/plugins/stream_filter/libadf_plugin.so
f	-rwxr-xr-x	ale	ale	9856	./usr/lib/vlc/plugins/stream_filter/libinflate_plugin.so
f	-rwxr-xr-x	ale	ale	9856	./usr/lib/vlc/plugins/stream_filter/librecord_plugin.so
f	-rwxr-xr-x	ale	ale	9856	./usr/lib/vlc/plugins/stream_filter/libskiptags_plugin.so
f	-rwxr-xr-x	ale	ale	9856	./usr/lib/vlc/plugins/stream_out/libstream_out_autodel_plugin.so
f	-rwxr-xr-x	ale	ale	9856	./usr/lib/vlc/plugins/stream_out/libstream_out_cycle_plugin.so
f	-rwxr-xr-x	ale	ale	9856	./usr/lib/vlc/plugins/stream_out/libstream_out_description_plugin.so
f	-rwxr-xr-x	ale	ale	9856	./usr/lib/vlc/plugins/stream_out/libstream_out_gather_plugin.so
f	-rwxr-xr-x	ale	ale	9856	./usr/lib/vlc/plugins/video_chroma/libgrey_yuv_plugin.so
f	-rwxr-xr-x	ale	ale	9856	./usr/lib/vlc/plugins/video_chroma/libi422_i420_plugin.so
f	-rwxr-xr-x	ale	ale	9856	./usr/lib/vlc/plugins/video_chroma/librv32_plugin.so
f	-rwxr-xr-x	ale	ale	9856	./usr/lib/vlc/plugins/video_chroma/libyuvp_plugin.so
f	-rwxr-xr-x	ale	ale	9856	./usr/lib/vlc/plugins/video_filter/libedgedetection_plugin.so
f	-rwxr-xr-x	ale	ale	9856	./usr/lib/vlc/plugins/video_filter/libinvert_plugin.so
f	-rwxr-xr-x	ale	ale	9856	./usr/lib/vlc/plugins/video_filter/libpsychedelic_plugin.so
f	-rwxr-xr-x	ale	ale	9856	./usr/lib/vlc/plugins/video_filter/libripple_plugin.so
f	-rwxr-xr-x	ale	ale	9856	./usr/lib/vlc/plugins/video_filter/libscale_plugin.so
f	-rwxr-xr-x	ale	ale	9856	./usr/lib/vlc/plugins/video_filter/libwave_plugin.so
f	-rwxr-xr-x	ale	ale	9856	./usr/lib/vlc/plugins/video_output/libflaschen_plugin.so
f	-rwxr-xr-x	ale	ale	9856	./usr/lib/vlc/plugins/video_output/libvdummy_plugin.so
f	-rwxr-xr-x	ale	ale	9856	./usr/lib/vlc/plugins/video_output/libvmem_plugin.so
f	-rwxr-xr-x	ale	ale	9856	./usr/miyoo/lib/libshmvar.so
f	-rwxr-xr-x	ale	ale	9864	./usr/lib/libevent_pthreads-2.1.so.7.0.1
f	-rwxr-xr-x	ale	ale	9880	./usr/lib/vlc/plugins/mux/libmux_dummy_plugin.so
f	-rwxr-xr-x	ale	ale	98840	./usr/lib/libnl-nf-3.so.200.26.0
f	-rwxr-xr-x	ale	ale	9888	./usr/lib/vlc/plugins/access/libudp_plugin.so
f	-rwxr-xr-x	ale	ale	9888	./usr/lib/vlc/plugins/stream_out/libstream_out_delay_plugin.so
f	-rwxr-xr-x	ale	ale	988	./usr/miyoo/bin/skin/icon-volume-17.png
f	-rwxr-xr-x	ale	ale	9904	./usr/lib/mpg123/output_oss.so
f	-rwxr-xr-x	ale	ale	9904	./usr/lib/mpg123/output_sdl.so
f	-rwxr-xr-x	ale	ale	9920	./usr/lib/vlc/plugins/stream_out/libstream_out_setid_plugin.so
f	-rwxr-xr-x	ale	ale	9936	./usr/lib/libmali_hook.so.1.9.0
f	-rwxr-xr-x	ale	ale	9936	./usr/lib/libpcreposix.so.0.0.7
f	-rwxr-xr-x	ale	ale	9936	./usr/lib/vlc/plugins/access/libtimecode_plugin.so
f	-rwxr-xr-x	ale	ale	9936	./usr/lib/vlc/plugins/codec/libsdl_image_plugin.so
f	-rwxr-xr-x	ale	ale	9936	./usr/lib/vlc/plugins/logger/libsyslog_plugin.so
f	-rwxr-xr-x	ale	ale	9936	./usr/lib/vlc/plugins/meta_engine/libfolder_plugin.so
f	-rwxr-xr-x	ale	ale	9936	./usr/lib/vlc/plugins/stream_out/libstream_out_display_plugin.so
f	-rwxr-xr-x	ale	ale	9936	./usr/lib/vlc/plugins/video_filter/libalphamask_plugin.so
f	-rwxr-xr-x	ale	ale	9936	./usr/lib/vlc/plugins/video_filter/libfps_plugin.so
f	-rwxr-xr-x	ale	ale	9936	./usr/lib/vlc/plugins/video_filter/libmotionblur_plugin.so
f	-rwxr-xr-x	ale	ale	9936	./usr/lib/vlc/plugins/video_filter/libsharpen_plugin.so
f	-rwxr-xr-x	ale	ale	9936	./usr/lib/vlc/plugins/video_splitter/libclone_plugin.so
f	-rwxr-xr-x	ale	ale	994	./usr/miyoo/bin/skin_1080p/ic-power-charge-100%.png
f	-rwxr-xr-x	ale	ale	995	./usr/miyoo/bin/skin/headphone-icon.png
f	-rwxr-xr-x	ale	ale	9960	./usr/lib/alsa-lib/libasound_module_pcm_vdownmix.so
f	-r-xr-xr-x	ale	ale	12312	./usr/lib/dhcpcd/dev/udev.so
f	-r-xr-xr-x	ale	ale	376840	./usr/sbin/dhcpcd
f	-r-xr-xr-x	ale	ale	8136	./usr/lib/dhcpcd/dhcpcd-run-hooks
l	lrwxrwxrwx	ale	ale	102	./etc/ssl/certs/Hellenic_Academic_and_Research_Institutions_RootCA_2011.pem
l	lrwxrwxrwx	ale	ale	102	./etc/ssl/certs/Hellenic_Academic_and_Research_Institutions_RootCA_2015.pem
l	lrwxrwxrwx	ale	ale	104	./etc/ssl/certs/Autoridad_de_Certificacion_Firmaprofesional_CIF_A62634068.pem
l	lrwxrwxrwx	ale	ale	106	./etc/ssl/certs/Hellenic_Academic_and_Research_Institutions_ECC_RootCA_2015.pem
l	lrwxrwxrwx	ale	ale	10	./etc/ssl/certs/349f2832.0
l	lrwxrwxrwx	ale	ale	10	./info/fstab
l	lrwxrwxrwx	ale	ale	10	./sdcard
l	lrwxrwxrwx	ale	ale	10	./usr/lib/libss.so
l	lrwxrwxrwx	ale	ale	10	./usr/share/zoneinfo/Asia
l	lrwxrwxrwx	ale	ale	10	./usr/share/zoneinfo/Cuba
l	lrwxrwxrwx	ale	ale	10	./usr/share/zoneinfo/Eire
l	lrwxrwxrwx	ale	ale	10	./usr/share/zoneinfo/GMT0
l	lrwxrwxrwx	ale	ale	10	./usr/share/zoneinfo/Iran
l	lrwxrwxrwx	ale	ale	10	./usr/share/zoneinfo/W-SU
l	lrwxrwxrwx	ale	ale	10	./usr/share/zoneinfo/Zulu
l	lrwxrwxrwx	ale	ale	11	./info/iomem
l	lrwxrwxrwx	ale	ale	11	./linuxrc
l	lrwxrwxrwx	ale	ale	11	./usr/lib/libdrm.so
l	lrwxrwxrwx	ale	ale	11	./usr/lib/libe2p.so
l	lrwxrwxrwx	ale	ale	11	./usr/lib/libEGL.so
l	lrwxrwxrwx	ale	ale	11	./usr/lib/libgbm.so
l	lrwxrwxrwx	ale	ale	11	./usr/lib/libpng.so
l	lrwxrwxrwx	ale	ale	11	./usr/lib/librga.so
l	lrwxrwxrwx	ale	ale	11	./usr/share/alsa/ucm2/conf.d/sof-skl_hda_card
l	lrwxrwxrwx	ale	ale	11	./usr/share/zoneinfo/Chile
l	lrwxrwxrwx	ale	ale	11	./usr/share/zoneinfo/Egypt
l	lrwxrwxrwx	ale	ale	11	./usr/share/zoneinfo/GMT+0
l	lrwxrwxrwx	ale	ale	11	./usr/share/zoneinfo/GMT-0
l	lrwxrwxrwx	ale	ale	11	./usr/share/zoneinfo/Japan
l	lrwxrwxrwx	ale	ale	11	./usr/share/zoneinfo/Libya
l	lrwxrwxrwx	ale	ale	12	./etc/ssl/certs/e113c810.0
l	lrwxrwxrwx	ale	ale	12	./usr/libexec/sftp-server
l	lrwxrwxrwx	ale	ale	12	./usr/lib/libform.so
l	lrwxrwxrwx	ale	ale	12	./usr/lib/libical.so
l	lrwxrwxrwx	ale	ale	12	./usr/lib/libmali-bifrost-g52-g13p0-without-cl-dummy-gbm.so
l	lrwxrwxrwx	ale	ale	12	./usr/lib/libmali.so
l	lrwxrwxrwx	ale	ale	12	./usr/lib/libmenu.so
l	lrwxrwxrwx	ale	ale	12	./usr/lib/libss.so.2
l	lrwxrwxrwx	ale	ale	12	./usr/share/zoneinfo/Africa
l	lrwxrwxrwx	ale	ale	12	./usr/share/zoneinfo/Arctic
l	lrwxrwxrwx	ale	ale	12	./usr/share/zoneinfo/Brazil
l	lrwxrwxrwx	ale	ale	12	./usr/share/zoneinfo/Canada
l	lrwxrwxrwx	ale	ale	12	./usr/share/zoneinfo/Europe
l	lrwxrwxrwx	ale	ale	12	./usr/share/zoneinfo/Indian
l	lrwxrwxrwx	ale	ale	12	./usr/share/zoneinfo/Israel
l	lrwxrwxrwx	ale	ale	12	./usr/share/zoneinfo/Mexico
l	lrwxrwxrwx	ale	ale	12	./usr/share/zoneinfo/Navajo
l	lrwxrwxrwx	ale	ale	12	./usr/share/zoneinfo/Poland
l	lrwxrwxrwx	ale	ale	12	./usr/share/zoneinfo/Turkey
l	lrwxrwxrwx	ale	ale	13	./etc/ssl/certs/a94d09e5.0
l	lrwxrwxrwx	ale	ale	13	./info/cmdline
l	lrwxrwxrwx	ale	ale	13	./info/cpuinfo
l	lrwxrwxrwx	ale	ale	13	./info/meminfo
l	lrwxrwxrwx	ale	ale	13	./info/version
l	lrwxrwxrwx	ale	ale	13	./usr/lib/libe2p.so.2
l	lrwxrwxrwx	ale	ale	13	./usr/lib/libpanel.so
l	lrwxrwxrwx	ale	ale	13	./usr/lib/libssl.so
l	lrwxrwxrwx	ale	ale	13	./usr/share/zoneinfo/America
l	lrwxrwxrwx	ale	ale	13	./usr/share/zoneinfo/CST6CDT
l	lrwxrwxrwx	ale	ale	13	./usr/share/zoneinfo/EST5EDT
l	lrwxrwxrwx	ale	ale	13	./usr/share/zoneinfo/Factory
l	lrwxrwxrwx	ale	ale	13	./usr/share/zoneinfo/GB-Eire
l	lrwxrwxrwx	ale	ale	13	./usr/share/zoneinfo/Iceland
l	lrwxrwxrwx	ale	ale	13	./usr/share/zoneinfo/Jamaica
l	lrwxrwxrwx	ale	ale	13	./usr/share/zoneinfo/MST7MDT
l	lrwxrwxrwx	ale	ale	13	./usr/share/zoneinfo/NZ-CHAT
l	lrwxrwxrwx	ale	ale	13	./usr/share/zoneinfo/Pacific
l	lrwxrwxrwx	ale	ale	13	./usr/share/zoneinfo/PST8PDT
l	lrwxrwxrwx	ale	ale	14	./etc/ssl/certs/cc450945.0
l	lrwxrwxrwx	ale	ale	14	./info/kallsyms
l	lrwxrwxrwx	ale	ale	14	./info/slabinfo
l	lrwxrwxrwx	ale	ale	14	./info/softirqs
l	lrwxrwxrwx	ale	ale	14	./usr/lib/libext2fs.so
l	lrwxrwxrwx	ale	ale	14	./usr/lib/libform.so.6
l	lrwxrwxrwx	ale	ale	14	./usr/lib/libGLESv2.so
l	lrwxrwxrwx	ale	ale	14	./usr/lib/libicalss.so
l	lrwxrwxrwx	ale	ale	14	./usr/lib/libjson-c.so
l	lrwxrwxrwx	ale	ale	14	./usr/lib/libmenu.so.6
l	lrwxrwxrwx	ale	ale	14	./usr/lib/libopenal.so
l	lrwxrwxrwx	ale	ale	14	./usr/lib/libSDL2.so
l	lrwxrwxrwx	ale	ale	14	./usr/lib/libz.so
l	lrwxrwxrwx	ale	ale	14	./usr/lib/libz.so.1
l	lrwxrwxrwx	ale	ale	14	./usr/sbin/arp
l	lrwxrwxrwx	ale	ale	14	./usr/sbin/blkid
l	lrwxrwxrwx	ale	ale	14	./usr/sbin/devmem
l	lrwxrwxrwx	ale	ale	14	./usr/sbin/fdisk
l	lrwxrwxrwx	ale	ale	14	./usr/sbin/freeramdisk
l	lrwxrwxrwx	ale	ale	14	./usr/sbin/fstrim
l	lrwxrwxrwx	ale	ale	14	./usr/sbin/getty
l	lrwxrwxrwx	ale	ale	14	./usr/sbin/halt
l	lrwxrwxrwx	ale	ale	14	./usr/sbin/hdparm
l	lrwxrwxrwx	ale	ale	14	./usr/sbin/hwclock
l	lrwxrwxrwx	ale	ale	14	./usr/sbin/ifconfig
l	lrwxrwxrwx	ale	ale	14	./usr/sbin/ifdown
l	lrwxrwxrwx	ale	ale	14	./usr/sbin/ifup
l	lrwxrwxrwx	ale	ale	14	./usr/sbin/init
l	lrwxrwxrwx	ale	ale	14	./usr/sbin/insmod
l	lrwxrwxrwx	ale	ale	14	./usr/sbin/ip
l	lrwxrwxrwx	ale	ale	14	./usr/sbin/ipaddr
l	lrwxrwxrwx	ale	ale	14	./usr/sbin/iplink
l	lrwxrwxrwx	ale	ale	14	./usr/sbin/ipneigh
l	lrwxrwxrwx	ale	ale	14	./usr/sbin/iproute
l	lrwxrwxrwx	ale	ale	14	./usr/sbin/iprule
l	lrwxrwxrwx	ale	ale	14	./usr/sbin/iptunnel
l	lrwxrwxrwx	ale	ale	14	./usr/sbin/klogd
l	lrwxrwxrwx	ale	ale	14	./usr/sbin/loadkmap
l	lrwxrwxrwx	ale	ale	14	./usr/sbin/losetup
l	lrwxrwxrwx	ale	ale	14	./usr/sbin/lsmod
l	lrwxrwxrwx	ale	ale	14	./usr/sbin/makedevs
l	lrwxrwxrwx	ale	ale	14	./usr/sbin/mdev
l	lrwxrwxrwx	ale	ale	14	./usr/sbin/mkswap
l	lrwxrwxrwx	ale	ale	14	./usr/sbin/modprobe
l	lrwxrwxrwx	ale	ale	14	./usr/sbin/nameif
l	lrwxrwxrwx	ale	ale	14	./usr/sbin/pivot_root
l	lrwxrwxrwx	ale	ale	14	./usr/sbin/poweroff
l	lrwxrwxrwx	ale	ale	14	./usr/sbin/reboot
l	lrwxrwxrwx	ale	ale	14	./usr/sbin/rmmod
l	lrwxrwxrwx	ale	ale	14	./usr/sbin/route
l	lrwxrwxrwx	ale	ale	14	./usr/sbin/run-init
l	lrwxrwxrwx	ale	ale	14	./usr/sbin/runlevel
l	lrwxrwxrwx	ale	ale	14	./usr/sbin/setconsole
l	lrwxrwxrwx	ale	ale	14	./usr/sbin/start-stop-daemon
l	lrwxrwxrwx	ale	ale	14	./usr/sbin/sulogin
l	lrwxrwxrwx	ale	ale	14	./usr/sbin/swapoff
l	lrwxrwxrwx	ale	ale	14	./usr/sbin/swapon
l	lrwxrwxrwx	ale	ale	14	./usr/sbin/switch_root
l	lrwxrwxrwx	ale	ale	14	./usr/sbin/sysctl
l	lrwxrwxrwx	ale	ale	14	./usr/sbin/syslogd
l	lrwxrwxrwx	ale	ale	14	./usr/sbin/tc
l	lrwxrwxrwx	ale	ale	14	./usr/sbin/udhcpc
l	lrwxrwxrwx	ale	ale	14	./usr/sbin/uevent
l	lrwxrwxrwx	ale	ale	14	./usr/sbin/vconfig
l	lrwxrwxrwx	ale	ale	14	./usr/sbin/watchdog
l	lrwxrwxrwx	ale	ale	14	./usr/share/zoneinfo/Atlantic
l	lrwxrwxrwx	ale	ale	14	./usr/share/zoneinfo/Hongkong
l	lrwxrwxrwx	ale	ale	14	./usr/share/zoneinfo/Portugal
l	lrwxrwxrwx	ale	ale	15	./etc/ssl/certs/0a775a30.0
l	lrwxrwxrwx	ale	ale	15	./etc/ssl/certs/1001acf7.0
l	lrwxrwxrwx	ale	ale	15	./etc/ssl/certs/626dceaf.0
l	lrwxrwxrwx	ale	ale	15	./etc/ssl/certs/a3418fda.0
l	lrwxrwxrwx	ale	ale	15	./info/diskstats
l	lrwxrwxrwx	ale	ale	15	./info/os-release
l	lrwxrwxrwx	ale	ale	15	./info/rk_dmabuf
l	lrwxrwxrwx	ale	ale	15	./usr/lib/libcom_err.so
l	lrwxrwxrwx	ale	ale	15	./usr/lib/libdrm.so.2
l	lrwxrwxrwx	ale	ale	15	./usr/lib/libell.so
l	lrwxrwxrwx	ale	ale	15	./usr/lib/libell.so.0
l	lrwxrwxrwx	ale	ale	15	./usr/lib/libffi.so
l	lrwxrwxrwx	ale	ale	15	./usr/lib/libffi.so.8
l	lrwxrwxrwx	ale	ale	15	./usr/lib/libgio-2.0.so
l	lrwxrwxrwx	ale	ale	15	./usr/lib/libhistory.so
l	lrwxrwxrwx	ale	ale	15	./usr/lib/libmad.so
l	lrwxrwxrwx	ale	ale	15	./usr/lib/libmad.so.0
l	lrwxrwxrwx	ale	ale	15	./usr/lib/libncurses.so
l	lrwxrwxrwx	ale	ale	15	./usr/lib/libogg.so
l	lrwxrwxrwx	ale	ale	15	./usr/lib/libogg.so.0
l	lrwxrwxrwx	ale	ale	15	./usr/lib/libpanel.so.6
l	lrwxrwxrwx	ale	ale	15	./usr/lib/libpugixml.so
l	lrwxrwxrwx	ale	ale	15	./usr/lib/librga.so.2
l	lrwxrwxrwx	ale	ale	15	./usr/lib/libsbc.so
l	lrwxrwxrwx	ale	ale	15	./usr/lib/libsbc.so.1
l	lrwxrwxrwx	ale	ale	15	./usr/lib/libvlc.so
l	lrwxrwxrwx	ale	ale	15	./usr/lib/libvlc.so.5
l	lrwxrwxrwx	ale	ale	15	./usr/lib/libvpx.so
l	lrwxrwxrwx	ale	ale	15	./usr/lib/libvpx.so.7
l	lrwxrwxrwx	ale	ale	15	./usr/lib/libvpx.so.7.0
l	lrwxrwxrwx	ale	ale	15	./usr/share/zoneinfo/Australia
l	lrwxrwxrwx	ale	ale	15	./usr/share/zoneinfo/Greenwich
l	lrwxrwxrwx	ale	ale	15	./usr/share/zoneinfo/Kwajalein
l	lrwxrwxrwx	ale	ale	15	./usr/share/zoneinfo/Singapore
l	lrwxrwxrwx	ale	ale	15	./usr/share/zoneinfo/Universal
l	lrwxrwxrwx	ale	ale	16	./etc/ssl/certs/0b1b94ef.0
l	lrwxrwxrwx	ale	ale	16	./etc/ssl/certs/4042bcee.0
l	lrwxrwxrwx	ale	ale	16	./info/interrupts
l	lrwxrwxrwx	ale	ale	16	./info/partitions
l	lrwxrwxrwx	ale	ale	16	./usr/bin/dropbearconvert
l	lrwxrwxrwx	ale	ale	16	./usr/bin/dropbearkey
l	lrwxrwxrwx	ale	ale	16	./usr/bin/scp
l	lrwxrwxrwx	ale	ale	16	./usr/lib/libbsd.so
l	lrwxrwxrwx	ale	ale	16	./usr/lib/libbsd.so.0
l	lrwxrwxrwx	ale	ale	16	./usr/lib/libcrypto.so
l	lrwxrwxrwx	ale	ale	16	./usr/lib/libcurl.so
l	lrwxrwxrwx	ale	ale	16	./usr/lib/libcurl.so.4
l	lrwxrwxrwx	ale	ale	16	./usr/lib/libext2fs.so.2
l	lrwxrwxrwx	ale	ale	16	./usr/lib/libglib-2.0.so
l	lrwxrwxrwx	ale	ale	16	./usr/lib/libgomp.so
l	lrwxrwxrwx	ale	ale	16	./usr/lib/libgomp.so.1
l	lrwxrwxrwx	ale	ale	16	./usr/lib/libical.so.1
l	lrwxrwxrwx	ale	ale	16	./usr/lib/libicalvcal.so
l	lrwxrwxrwx	ale	ale	16	./usr/lib/libkmod.so
l	lrwxrwxrwx	ale	ale	16	./usr/lib/libkmod.so.2
l	lrwxrwxrwx	ale	ale	16	./usr/lib/libmali.so.1
l	lrwxrwxrwx	ale	ale	16	./usr/lib/libreadline.so
l	lrwxrwxrwx	ale	ale	16	./usr/lib/libSDL2-2.0.so
l	lrwxrwxrwx	ale	ale	16	./usr/lib/libtinyalsa.so
l	lrwxrwxrwx	ale	ale	16	./usr/lib/libudev.so
l	lrwxrwxrwx	ale	ale	16	./usr/lib/libudev.so.1
l	lrwxrwxrwx	ale	ale	16	./usr/lib/libuuid.so
l	lrwxrwxrwx	ale	ale	16	./usr/lib/libuuid.so.1
l	lrwxrwxrwx	ale	ale	16	./usr/sbin/udevadm
l	lrwxrwxrwx	ale	ale	16	./usr/share/zoneinfo/Antarctica
l	lrwxrwxrwx	ale	ale	17	./etc/dropbear
l	lrwxrwxrwx	ale	ale	17	./info/bootanim.log
l	lrwxrwxrwx	ale	ale	17	./info/device-tree
l	lrwxrwxrwx	ale	ale	17	./info/rkisp0-vir0
l	lrwxrwxrwx	ale	ale	17	./usr/bin/[
l	lrwxrwxrwx	ale	ale	17	./usr/bin/[[
l	lrwxrwxrwx	ale	ale	17	./usr/bin/ar
l	lrwxrwxrwx	ale	ale	17	./usr/bin/ascii
l	lrwxrwxrwx	ale	ale	17	./usr/bin/awk
l	lrwxrwxrwx	ale	ale	17	./usr/bin/basename
l	lrwxrwxrwx	ale	ale	17	./usr/bin/bc
l	lrwxrwxrwx	ale	ale	17	./usr/bin/bunzip2
l	lrwxrwxrwx	ale	ale	17	./usr/bin/bzcat
l	lrwxrwxrwx	ale	ale	17	./usr/bin/chrt
l	lrwxrwxrwx	ale	ale	17	./usr/bin/chvt
l	lrwxrwxrwx	ale	ale	17	./usr/bin/cksum
l	lrwxrwxrwx	ale	ale	17	./usr/bin/clear
l	lrwxrwxrwx	ale	ale	17	./usr/bin/cmp
l	lrwxrwxrwx	ale	ale	17	./usr/bin/crc32
l	lrwxrwxrwx	ale	ale	17	./usr/bin/crontab
l	lrwxrwxrwx	ale	ale	17	./usr/bin/cut
l	lrwxrwxrwx	ale	ale	17	./usr/bin/dc
l	lrwxrwxrwx	ale	ale	17	./usr/bin/deallocvt
l	lrwxrwxrwx	ale	ale	17	./usr/bin/diff
l	lrwxrwxrwx	ale	ale	17	./usr/bin/dirname
l	lrwxrwxrwx	ale	ale	17	./usr/bin/dos2unix
l	lrwxrwxrwx	ale	ale	17	./usr/bin/du
l	lrwxrwxrwx	ale	ale	17	./usr/bin/eject
l	lrwxrwxrwx	ale	ale	17	./usr/bin/env
l	lrwxrwxrwx	ale	ale	17	./usr/bin/expr
l	lrwxrwxrwx	ale	ale	17	./usr/bin/factor
l	lrwxrwxrwx	ale	ale	17	./usr/bin/fallocate
l	lrwxrwxrwx	ale	ale	17	./usr/bin/find
l	lrwxrwxrwx	ale	ale	17	./usr/bin/flock
l	lrwxrwxrwx	ale	ale	17	./usr/bin/fold
l	lrwxrwxrwx	ale	ale	17	./usr/bin/free
l	lrwxrwxrwx	ale	ale	17	./usr/bin/fuser
l	lrwxrwxrwx	ale	ale	17	./usr/bin/groups
l	lrwxrwxrwx	ale	ale	17	./usr/bin/head
l	lrwxrwxrwx	ale	ale	17	./usr/bin/hexdump
l	lrwxrwxrwx	ale	ale	17	./usr/bin/hexedit
l	lrwxrwxrwx	ale	ale	17	./usr/bin/hostid
l	lrwxrwxrwx	ale	ale	17	./usr/bin/id
l	lrwxrwxrwx	ale	ale	17	./usr/bin/install
l	lrwxrwxrwx	ale	ale	17	./usr/bin/ipcrm
l	lrwxrwxrwx	ale	ale	17	./usr/bin/ipcs
l	lrwxrwxrwx	ale	ale	17	./usr/bin/killall
l	lrwxrwxrwx	ale	ale	17	./usr/bin/last
l	lrwxrwxrwx	ale	ale	17	./usr/bin/less
l	lrwxrwxrwx	ale	ale	17	./usr/bin/logger
l	lrwxrwxrwx	ale	ale	17	./usr/bin/logname
l	lrwxrwxrwx	ale	ale	17	./usr/bin/lsof
l	lrwxrwxrwx	ale	ale	17	./usr/bin/lspci
l	lrwxrwxrwx	ale	ale	17	./usr/bin/lsscsi
l	lrwxrwxrwx	ale	ale	17	./usr/bin/lsusb
l	lrwxrwxrwx	ale	ale	17	./usr/bin/lzcat
l	lrwxrwxrwx	ale	ale	17	./usr/bin/lzma
l	lrwxrwxrwx	ale	ale	17	./usr/bin/lzopcat
l	lrwxrwxrwx	ale	ale	17	./usr/bin/md5sum
l	lrwxrwxrwx	ale	ale	17	./usr/bin/mesg
l	lrwxrwxrwx	ale	ale	17	./usr/bin/microcom
l	lrwxrwxrwx	ale	ale	17	./usr/bin/mkfifo
l	lrwxrwxrwx	ale	ale	17	./usr/bin/mkpasswd
l	lrwxrwxrwx	ale	ale	17	./usr/bin/nl
l	lrwxrwxrwx	ale	ale	17	./usr/bin/nohup
l	lrwxrwxrwx	ale	ale	17	./usr/bin/nproc
l	lrwxrwxrwx	ale	ale	17	./usr/bin/nslookup
l	lrwxrwxrwx	ale	ale	17	./usr/bin/od
l	lrwxrwxrwx	ale	ale	17	./usr/bin/openvt
l	lrwxrwxrwx	ale	ale	17	./usr/bin/passwd
l	lrwxrwxrwx	ale	ale	17	./usr/bin/paste
l	lrwxrwxrwx	ale	ale	17	./usr/bin/patch
l	lrwxrwxrwx	ale	ale	17	./usr/bin/pgrep
l	lrwxrwxrwx	ale	ale	17	./usr/bin/pmap
l	lrwxrwxrwx	ale	ale	17	./usr/bin/printf
l	lrwxrwxrwx	ale	ale	17	./usr/bin/readlink
l	lrwxrwxrwx	ale	ale	17	./usr/bin/realpath
l	lrwxrwxrwx	ale	ale	17	./usr/bin/renice
l	lrwxrwxrwx	ale	ale	17	./usr/bin/reset
l	lrwxrwxrwx	ale	ale	17	./usr/bin/resize
l	lrwxrwxrwx	ale	ale	17	./usr/bin/script
l	lrwxrwxrwx	ale	ale	17	./usr/bin/seq
l	lrwxrwxrwx	ale	ale	17	./usr/bin/setfattr
l	lrwxrwxrwx	ale	ale	17	./usr/bin/setkeycodes
l	lrwxrwxrwx	ale	ale	17	./usr/bin/setsid
l	lrwxrwxrwx	ale	ale	17	./usr/bin/sha1sum
l	lrwxrwxrwx	ale	ale	17	./usr/bin/sha256sum
l	lrwxrwxrwx	ale	ale	17	./usr/bin/sha3sum
l	lrwxrwxrwx	ale	ale	17	./usr/bin/sha512sum
l	lrwxrwxrwx	ale	ale	17	./usr/bin/shred
l	lrwxrwxrwx	ale	ale	17	./usr/bin/sort
l	lrwxrwxrwx	ale	ale	17	./usr/bin/strings
l	lrwxrwxrwx	ale	ale	17	./usr/bin/svc
l	lrwxrwxrwx	ale	ale	17	./usr/bin/svok
l	lrwxrwxrwx	ale	ale	17	./usr/bin/tail
l	lrwxrwxrwx	ale	ale	17	./usr/bin/taskset
l	lrwxrwxrwx	ale	ale	17	./usr/bin/tee
l	lrwxrwxrwx	ale	ale	17	./usr/bin/telnet
l	lrwxrwxrwx	ale	ale	17	./usr/bin/test
l	lrwxrwxrwx	ale	ale	17	./usr/bin/tftp
l	lrwxrwxrwx	ale	ale	17	./usr/bin/time
l	lrwxrwxrwx	ale	ale	17	./usr/bin/timeout
l	lrwxrwxrwx	ale	ale	17	./usr/bin/top
l	lrwxrwxrwx	ale	ale	17	./usr/bin/tr
l	lrwxrwxrwx	ale	ale	17	./usr/bin/traceroute
l	lrwxrwxrwx	ale	ale	17	./usr/bin/tree
l	lrwxrwxrwx	ale	ale	17	./usr/bin/truncate
l	lrwxrwxrwx	ale	ale	17	./usr/bin/ts
l	lrwxrwxrwx	ale	ale	17	./usr/bin/tsort
l	lrwxrwxrwx	ale	ale	17	./usr/bin/tty
l	lrwxrwxrwx	ale	ale	17	./usr/bin/uniq
l	lrwxrwxrwx	ale	ale	17	./usr/bin/unix2dos
l	lrwxrwxrwx	ale	ale	17	./usr/bin/unlink
l	lrwxrwxrwx	ale	ale	17	./usr/bin/unlzma
l	lrwxrwxrwx	ale	ale	17	./usr/bin/unlzop
l	lrwxrwxrwx	ale	ale	17	./usr/bin/unxz
l	lrwxrwxrwx	ale	ale	17	./usr/bin/unzip
l	lrwxrwxrwx	ale	ale	17	./usr/bin/uptime
l	lrwxrwxrwx	ale	ale	17	./usr/bin/uudecode
l	lrwxrwxrwx	ale	ale	17	./usr/bin/uuencode
l	lrwxrwxrwx	ale	ale	17	./usr/bin/vlock
l	lrwxrwxrwx	ale	ale	17	./usr/bin/w
l	lrwxrwxrwx	ale	ale	17	./usr/bin/wc
l	lrwxrwxrwx	ale	ale	17	./usr/bin/which
l	lrwxrwxrwx	ale	ale	17	./usr/bin/who
l	lrwxrwxrwx	ale	ale	17	./usr/bin/whoami
l	lrwxrwxrwx	ale	ale	17	./usr/bin/xargs
l	lrwxrwxrwx	ale	ale	17	./usr/bin/xxd
l	lrwxrwxrwx	ale	ale	17	./usr/bin/xz
l	lrwxrwxrwx	ale	ale	17	./usr/bin/xzcat
l	lrwxrwxrwx	ale	ale	17	./usr/bin/yes
l	lrwxrwxrwx	ale	ale	17	./usr/lib/libblkid.so
l	lrwxrwxrwx	ale	ale	17	./usr/lib/libblkid.so.1
l	lrwxrwxrwx	ale	ale	17	./usr/lib/libcom_err.so.2
l	lrwxrwxrwx	ale	ale	17	./usr/lib/libcurses.so
l	lrwxrwxrwx	ale	ale	17	./usr/lib/libexpat.so
l	lrwxrwxrwx	ale	ale	17	./usr/lib/libexpat.so.1
l	lrwxrwxrwx	ale	ale	17	./usr/lib/libfreeimage.so
l	lrwxrwxrwx	ale	ale	17	./usr/lib/libGLESv1_CM.so
l	lrwxrwxrwx	ale	ale	17	./usr/lib/libhistory.so.8
l	lrwxrwxrwx	ale	ale	17	./usr/lib/libiconv.so
l	lrwxrwxrwx	ale	ale	17	./usr/lib/libiconv.so.2
l	lrwxrwxrwx	ale	ale	17	./usr/lib/libmali_hook.so
l	lrwxrwxrwx	ale	ale	17	./usr/lib/libmount.so
l	lrwxrwxrwx	ale	ale	17	./usr/lib/libmount.so.1
l	lrwxrwxrwx	ale	ale	17	./usr/lib/libncurses.so.6
l	lrwxrwxrwx	ale	ale	17	./usr/lib/libpcre.so
l	lrwxrwxrwx	ale	ale	17	./usr/lib/libpcre.so.1
l	lrwxrwxrwx	ale	ale	17	./usr/lib/terminfo
l	lrwxrwxrwx	ale	ale	17	./usr/sbin/addgroup
l	lrwxrwxrwx	ale	ale	17	./usr/sbin/adduser
l	lrwxrwxrwx	ale	ale	17	./usr/sbin/arping
l	lrwxrwxrwx	ale	ale	17	./usr/sbin/chroot
l	lrwxrwxrwx	ale	ale	17	./usr/sbin/crond
l	lrwxrwxrwx	ale	ale	17	./usr/sbin/delgroup
l	lrwxrwxrwx	ale	ale	17	./usr/sbin/deluser
l	lrwxrwxrwx	ale	ale	17	./usr/sbin/dnsd
l	lrwxrwxrwx	ale	ale	17	./usr/sbin/ether-wake
l	lrwxrwxrwx	ale	ale	17	./usr/sbin/fbset
l	lrwxrwxrwx	ale	ale	17	./usr/sbin/fdformat
l	lrwxrwxrwx	ale	ale	17	./usr/sbin/fsfreeze
l	lrwxrwxrwx	ale	ale	17	./usr/sbin/i2cdetect
l	lrwxrwxrwx	ale	ale	17	./usr/sbin/i2cdump
l	lrwxrwxrwx	ale	ale	17	./usr/sbin/i2cget
l	lrwxrwxrwx	ale	ale	17	./usr/sbin/i2cset
l	lrwxrwxrwx	ale	ale	17	./usr/sbin/i2ctransfer
l	lrwxrwxrwx	ale	ale	17	./usr/sbin/inetd
l	lrwxrwxrwx	ale	ale	17	./usr/sbin/killall5
l	lrwxrwxrwx	ale	ale	17	./usr/sbin/loadfont
l	lrwxrwxrwx	ale	ale	17	./usr/sbin/mim
l	lrwxrwxrwx	ale	ale	17	./usr/sbin/nologin
l	lrwxrwxrwx	ale	ale	17	./usr/sbin/rdate
l	lrwxrwxrwx	ale	ale	17	./usr/sbin/readprofile
l	lrwxrwxrwx	ale	ale	17	./usr/sbin/seedrng
l	lrwxrwxrwx	ale	ale	17	./usr/sbin/setlogcons
l	lrwxrwxrwx	ale	ale	17	./usr/sbin/udhcpd
l	lrwxrwxrwx	ale	ale	18	./etc/resolv.conf
l	lrwxrwxrwx	ale	ale	18	./etc/ssl/certs/7aaf71c0.0
l	lrwxrwxrwx	ale	ale	18	./etc/ssl/certs/f39fc864.0
l	lrwxrwxrwx	ale	ale	18	./etc/timezone
l	lrwxrwxrwx	ale	ale	18	./info/mount-all.log
l	lrwxrwxrwx	ale	ale	18	./info/usbdevice.log
l	lrwxrwxrwx	ale	ale	18	./usr/lib/libasound.so
l	lrwxrwxrwx	ale	ale	18	./usr/lib/libasound.so.2
l	lrwxrwxrwx	ale	ale	18	./usr/lib/libatomic.so
l	lrwxrwxrwx	ale	ale	18	./usr/lib/libatomic.so.1
l	lrwxrwxrwx	ale	ale	18	./usr/lib/libicalss.so.1
l	lrwxrwxrwx	ale	ale	18	./usr/lib/libjson-c.so.5
l	lrwxrwxrwx	ale	ale	18	./usr/lib/liblockfile.so
l	lrwxrwxrwx	ale	ale	18	./usr/lib/liblockfile.so.1
l	lrwxrwxrwx	ale	ale	18	./usr/lib/libout123.so
l	lrwxrwxrwx	ale	ale	18	./usr/lib/libout123.so.0
l	lrwxrwxrwx	ale	ale	18	./usr/lib/libparted.so
l	lrwxrwxrwx	ale	ale	18	./usr/lib/libparted.so.2
l	lrwxrwxrwx	ale	ale	18	./usr/lib/libpugixml.so.1
l	lrwxrwxrwx	ale	ale	18	./usr/lib/libreadline.so.8
l	lrwxrwxrwx	ale	ale	18	./usr/lib/libvorbis.so
l	lrwxrwxrwx	ale	ale	18	./usr/lib/libvorbis.so.0
l	lrwxrwxrwx	ale	ale	18	./usr/share/alsa/ucm2/conf.d/HDA-Intel/HDA-Intel.conf
l	lrwxrwxrwx	ale	ale	19	./etc/localtime
l	lrwxrwxrwx	ale	ale	19	./etc/mtab
l	lrwxrwxrwx	ale	ale	19	./etc/ssl/certs/fe8a2cd8.0
l	lrwxrwxrwx	ale	ale	19	./info/resize-all.log
l	lrwxrwxrwx	ale	ale	19	./usr/lib/libcharset.so
l	lrwxrwxrwx	ale	ale	19	./usr/lib/libcharset.so.1
l	lrwxrwxrwx	ale	ale	19	./usr/lib/libgmodule-2.0.so
l	lrwxrwxrwx	ale	ale	19	./usr/lib/libgobject-2.0.so
l	lrwxrwxrwx	ale	ale	19	./usr/lib/libgthread-2.0.so
l	lrwxrwxrwx	ale	ale	19	./usr/lib/libnl-3.so
l	lrwxrwxrwx	ale	ale	19	./usr/lib/libnl-3.so.200
l	lrwxrwxrwx	ale	ale	19	./usr/lib/libopenal.so.1
l	lrwxrwxrwx	ale	ale	19	./usr/lib/libpcrecpp.so
l	lrwxrwxrwx	ale	ale	19	./usr/lib/libpcrecpp.so.0
l	lrwxrwxrwx	ale	ale	19	./usr/lib/libpng16.so
l	lrwxrwxrwx	ale	ale	19	./usr/lib/libpng16.so.16
l	lrwxrwxrwx	ale	ale	19	./usr/lib/libstdc++.so
l	lrwxrwxrwx	ale	ale	19	./usr/lib/libstdc++.so.6
l	lrwxrwxrwx	ale	ale	19	./usr/lib/libvlccore.so
l	lrwxrwxrwx	ale	ale	19	./usr/lib/libvlccore.so.9
l	lrwxrwxrwx	ale	ale	19	./usr/lib/libwavpack.so
l	lrwxrwxrwx	ale	ale	19	./usr/lib/libwavpack.so.1
l	lrwxrwxrwx	ale	ale	20	./etc/ssl/certs/2ae6433e.0
l	lrwxrwxrwx	ale	ale	20	./etc/ssl/certs/6d41d539.0
l	lrwxrwxrwx	ale	ale	20	./etc/ssl/certs/8cb5ee0f.0
l	lrwxrwxrwx	ale	ale	20	./etc/ssl/certs/8d86cdd1.0
l	lrwxrwxrwx	ale	ale	20	./etc/ssl/certs/9482e63a.0
l	lrwxrwxrwx	ale	ale	20	./etc/ssl/certs/b66938e9.0
l	lrwxrwxrwx	ale	ale	20	./etc/ssl/certs/cd8c0d63.0
l	lrwxrwxrwx	ale	ale	20	./etc/ssl/certs/ce5e74ef.0
l	lrwxrwxrwx	ale	ale	20	./etc/ssl/certs/de6d66f3.0
l	lrwxrwxrwx	ale	ale	20	./etc/ssl/certs/f51bb24c.0
l	lrwxrwxrwx	ale	ale	20	./etc/ssl/certs/fa5da96b.0
l	lrwxrwxrwx	ale	ale	20	./usr/lib/libdbus-1.so
l	lrwxrwxrwx	ale	ale	20	./usr/lib/libdbus-1.so.3
l	lrwxrwxrwx	ale	ale	20	./usr/lib/libicalvcal.so.1
l	lrwxrwxrwx	ale	ale	20	./usr/lib/libmpg123.so
l	lrwxrwxrwx	ale	ale	20	./usr/lib/libmpg123.so.0
l	lrwxrwxrwx	ale	ale	20	./usr/lib/librockchip_mpp.so
l	lrwxrwxrwx	ale	ale	20	./usr/lib/librockchip_mpp.so.1
l	lrwxrwxrwx	ale	ale	20	./usr/lib/librockchip_vpu.so
l	lrwxrwxrwx	ale	ale	20	./usr/lib/librockchip_vpu.so.1
l	lrwxrwxrwx	ale	ale	20	./usr/lib/libSDL-1.2.so.0
l	lrwxrwxrwx	ale	ale	20	./usr/lib/libSDL.so
l	lrwxrwxrwx	ale	ale	20	./usr/lib/libsndfile.so
l	lrwxrwxrwx	ale	ale	20	./usr/lib/libsndfile.so.1
l	lrwxrwxrwx	ale	ale	20	./usr/lib/libtinyalsa.so.1
l	lrwxrwxrwx	ale	ale	21	./info/dri
l	lrwxrwxrwx	ale	ale	21	./info/rkcif-mipi-lvds
l	lrwxrwxrwx	ale	ale	21	./usr/lib/libatopology.so
l	lrwxrwxrwx	ale	ale	21	./usr/lib/libatopology.so.2
l	lrwxrwxrwx	ale	ale	21	./usr/lib/libevent-2.1.so.7
l	lrwxrwxrwx	ale	ale	21	./usr/lib/libevent.so
l	lrwxrwxrwx	ale	ale	21	./usr/lib/libfreetype.so
l	lrwxrwxrwx	ale	ale	21	./usr/lib/libfreetype.so.6
l	lrwxrwxrwx	ale	ale	21	./usr/lib/libmali_hook.so.1
l	lrwxrwxrwx	ale	ale	21	./usr/lib/libpcreposix.so
l	lrwxrwxrwx	ale	ale	21	./usr/lib/libpcreposix.so.0
l	lrwxrwxrwx	ale	ale	21	./usr/lib/libSDL2-2.0.so.0
l	lrwxrwxrwx	ale	ale	22	./etc/ssl/certs/5ad8a5d6.0
l	lrwxrwxrwx	ale	ale	22	./etc/ssl/certs/76faf6c0.0
l	lrwxrwxrwx	ale	ale	22	./etc/ssl/certs/c01eb047.0
l	lrwxrwxrwx	ale	ale	22	./etc/ssl/certs/d7e8dc79.0
l	lrwxrwxrwx	ale	ale	22	./info/gpio
l	lrwxrwxrwx	ale	ale	22	./usr/lib/libbluetooth.so
l	lrwxrwxrwx	ale	ale	22	./usr/lib/libfreeimage.so.3
l	lrwxrwxrwx	ale	ale	22	./usr/lib/libgio-2.0.so.0
l	lrwxrwxrwx	ale	ale	22	./usr/lib/libnl-nf-3.so
l	lrwxrwxrwx	ale	ale	22	./usr/lib/libnl-nf-3.so.200
l	lrwxrwxrwx	ale	ale	22	./usr/lib/libvorbisenc.so
l	lrwxrwxrwx	ale	ale	22	./usr/lib/libvorbisenc.so.2
l	lrwxrwxrwx	ale	ale	22	./usr/lib/libvorbisfile.so
l	lrwxrwxrwx	ale	ale	22	./usr/lib/libvorbisfile.so.3
l	lrwxrwxrwx	ale	ale	23	./etc/ssl/certs/002c0b4f.0
l	lrwxrwxrwx	ale	ale	23	./etc/ssl/certs/18856ac4.0
l	lrwxrwxrwx	ale	ale	23	./etc/ssl/certs/2923b3f9.0
l	lrwxrwxrwx	ale	ale	23	./etc/ssl/certs/406c9bb1.0
l	lrwxrwxrwx	ale	ale	23	./etc/ssl/certs/5f15c80c.0
l	lrwxrwxrwx	ale	ale	23	./etc/ssl/certs/5f618aec.0
l	lrwxrwxrwx	ale	ale	23	./etc/ssl/certs/b727005e.0
l	lrwxrwxrwx	ale	ale	23	./etc/ssl/certs/f081611a.0
l	lrwxrwxrwx	ale	ale	23	./etc/ssl/certs/feffd413.0
l	lrwxrwxrwx	ale	ale	23	./misc
l	lrwxrwxrwx	ale	ale	23	./usr/lib/libbluetooth.so.3
l	lrwxrwxrwx	ale	ale	23	./usr/lib/libfontconfig.so
l	lrwxrwxrwx	ale	ale	23	./usr/lib/libfontconfig.so.1
l	lrwxrwxrwx	ale	ale	23	./usr/lib/libglib-2.0.so.0
l	lrwxrwxrwx	ale	ale	24	./etc/ssl/certs/706f604c.0
l	lrwxrwxrwx	ale	ale	24	./etc/ssl/certs/f387163d.0
l	lrwxrwxrwx	ale	ale	24	./usr/lib/libnl-genl-3.so
l	lrwxrwxrwx	ale	ale	24	./usr/lib/libnl-genl-3.so.200
l	lrwxrwxrwx	ale	ale	24	./usr/lib/libnl-xfrm-3.so
l	lrwxrwxrwx	ale	ale	24	./usr/lib/libnl-xfrm-3.so.200
l	lrwxrwxrwx	ale	ale	24	./usr/lib/libSDL_ttf-2.0.so.0
l	lrwxrwxrwx	ale	ale	24	./usr/lib/libSDL_ttf.so
l	lrwxrwxrwx	ale	ale	24	./usr/share/alsa/ucm2/conf.d/SOF/SOF.conf
l	lrwxrwxrwx	ale	ale	25	./etc/ssl/certs/064e0aa9.0
l	lrwxrwxrwx	ale	ale	25	./etc/ssl/certs/749e9e03.0
l	lrwxrwxrwx	ale	ale	25	./etc/ssl/certs/e18bfb83.0
l	lrwxrwxrwx	ale	ale	25	./etc/ssl/certs/e36a6752.0
l	lrwxrwxrwx	ale	ale	25	./etc/ssl/certs/e868b802.0
l	lrwxrwxrwx	ale	ale	25	./info/dma_buf
l	lrwxrwxrwx	ale	ale	25	./usr/lib/libnl-idiag-3.so
l	lrwxrwxrwx	ale	ale	25	./usr/lib/libnl-idiag-3.so.200
l	lrwxrwxrwx	ale	ale	25	./usr/lib/libnl-route-3.so
l	lrwxrwxrwx	ale	ale	25	./usr/lib/libnl-route-3.so.200
l	lrwxrwxrwx	ale	ale	25	./usr/lib/libSDL2_ttf-2.0.so.0
l	lrwxrwxrwx	ale	ale	25	./usr/lib/libSDL2_ttf.so
l	lrwxrwxrwx	ale	ale	25	./usr/lib/libSDL_image-1.2.so.0
l	lrwxrwxrwx	ale	ale	25	./usr/lib/libSDL_image.so
l	lrwxrwxrwx	ale	ale	25	./usr/share/alsa/ucm2/module/snd_soc_snow.conf
l	lrwxrwxrwx	ale	ale	26	./etc/ssl/certs/0f6fa695.0
l	lrwxrwxrwx	ale	ale	26	./etc/ssl/certs/2b349938.0
l	lrwxrwxrwx	ale	ale	26	./etc/ssl/certs/3e44d2f7.0
l	lrwxrwxrwx	ale	ale	26	./etc/ssl/certs/4f316efb.0
l	lrwxrwxrwx	ale	ale	26	./etc/ssl/certs/5cd81ad7.0
l	lrwxrwxrwx	ale	ale	26	./etc/ssl/certs/5d3033c5.0
l	lrwxrwxrwx	ale	ale	26	./etc/ssl/certs/76cb8f92.0
l	lrwxrwxrwx	ale	ale	26	./etc/ssl/certs/93bc0acc.0
l	lrwxrwxrwx	ale	ale	26	./etc/ssl/certs/e35234b1.0
l	lrwxrwxrwx	ale	ale	26	./info/pinctrl
l	lrwxrwxrwx	ale	ale	26	./usr/lib/libevent_core-2.1.so.7
l	lrwxrwxrwx	ale	ale	26	./usr/lib/libevent_core.so
l	lrwxrwxrwx	ale	ale	26	./usr/lib/libgmodule-2.0.so.0
l	lrwxrwxrwx	ale	ale	26	./usr/lib/libgobject-2.0.so.0
l	lrwxrwxrwx	ale	ale	26	./usr/lib/libgthread-2.0.so.0
l	lrwxrwxrwx	ale	ale	26	./usr/lib/libSDL2_image-2.0.so.0
l	lrwxrwxrwx	ale	ale	26	./usr/lib/libSDL2_image.so
l	lrwxrwxrwx	ale	ale	26	./usr/lib/libSDL2_mixer-2.0.so.0
l	lrwxrwxrwx	ale	ale	26	./usr/lib/libSDL2_mixer.so
l	lrwxrwxrwx	ale	ale	26	./usr/lib/libSDL_mixer-1.2.so.0
l	lrwxrwxrwx	ale	ale	26	./usr/lib/libSDL_mixer.so
l	lrwxrwxrwx	ale	ale	27	./etc/ssl/certs/062cdee6.0
l	lrwxrwxrwx	ale	ale	27	./etc/ssl/certs/14bc7599.0
l	lrwxrwxrwx	ale	ale	27	./etc/ssl/certs/3513523f.0
l	lrwxrwxrwx	ale	ale	27	./etc/ssl/certs/3e45d192.0
l	lrwxrwxrwx	ale	ale	27	./etc/ssl/certs/4a6481c9.0
l	lrwxrwxrwx	ale	ale	27	./etc/ssl/certs/4b718d9b.0
l	lrwxrwxrwx	ale	ale	27	./etc/ssl/certs/54657681.0
l	lrwxrwxrwx	ale	ale	27	./etc/ssl/certs/607986c7.0
l	lrwxrwxrwx	ale	ale	27	./etc/ssl/certs/68dd7389.0
l	lrwxrwxrwx	ale	ale	27	./etc/ssl/certs/9c8dfbd4.0
l	lrwxrwxrwx	ale	ale	27	./etc/ssl/certs/dc4d6a89.0
l	lrwxrwxrwx	ale	ale	27	./etc/ssl/certs/dd8e9d41.0
l	lrwxrwxrwx	ale	ale	27	./etc/ssl/certs/e8de2f56.0
l	lrwxrwxrwx	ale	ale	27	./usr/lib/libevent_extra-2.1.so.7
l	lrwxrwxrwx	ale	ale	27	./usr/lib/libevent_extra.so
l	lrwxrwxrwx	ale	ale	28	./etc/ssl/certs/57bcb2da.0
l	lrwxrwxrwx	ale	ale	28	./etc/ssl/certs/75d1b2ed.0
l	lrwxrwxrwx	ale	ale	28	./etc/ssl/certs/ee64a828.0
l	lrwxrwxrwx	ale	ale	28	./usr/lib/libparted-fs-resize.so
l	lrwxrwxrwx	ale	ale	28	./usr/lib/libparted-fs-resize.so.0
l	lrwxrwxrwx	ale	ale	29	./etc/ssl/certs/48bec511.0
l	lrwxrwxrwx	ale	ale	29	./etc/ssl/certs/653b494a.0
l	lrwxrwxrwx	ale	ale	29	./etc/ssl/certs/b433981b.0
l	lrwxrwxrwx	ale	ale	29	./usr/lib/libevent_openssl-2.1.so.7
l	lrwxrwxrwx	ale	ale	29	./usr/lib/libevent_openssl.so
l	lrwxrwxrwx	ale	ale	29	./usr/share/alsa/ucm2/conf.d/acp/acp.conf
l	lrwxrwxrwx	ale	ale	29	./usr/share/alsa/ucm2/module/snd_soc_tegra_alc5632.conf
l	lrwxrwxrwx	ale	ale	30	./usr/lib/libevent_pthreads-2.1.so.7
l	lrwxrwxrwx	ale	ale	30	./usr/lib/libevent_pthreads.so
l	lrwxrwxrwx	ale	ale	30	./usr/share/alsa/ucm2/conf.d/USB-Audio/USB-Audio.conf
l	lrwxrwxrwx	ale	ale	30	./usr/share/alsa/ucm2/module/snd_soc_sdm845.conf
l	lrwxrwxrwx	ale	ale	31	./etc/ssl/certs/1d3472b9.0
l	lrwxrwxrwx	ale	ale	31	./etc/ssl/certs/40193066.0
l	lrwxrwxrwx	ale	ale	31	./etc/ssl/certs/7f3d5d1d.0
l	lrwxrwxrwx	ale	ale	31	./etc/ssl/certs/9d04f354.0
l	lrwxrwxrwx	ale	ale	31	./etc/ssl/certs/b0e59380.0
l	lrwxrwxrwx	ale	ale	31	./etc/ssl/certs/b1159c4c.0
l	lrwxrwxrwx	ale	ale	31	./usr/sbin/pm-hibernate
l	lrwxrwxrwx	ale	ale	31	./usr/sbin/pm-suspend
l	lrwxrwxrwx	ale	ale	31	./usr/sbin/pm-suspend-hybrid
l	lrwxrwxrwx	ale	ale	31	./usr/share/alsa/ucm2/module/snd_soc_tegra_max98090.conf
l	lrwxrwxrwx	ale	ale	32	./etc/ssl/certs/0f5dc4f3.0
l	lrwxrwxrwx	ale	ale	32	./etc/ssl/certs/1e09d511.0
l	lrwxrwxrwx	ale	ale	32	./etc/ssl/certs/5443e9e3.0
l	lrwxrwxrwx	ale	ale	32	./info/wakeup_sources
l	lrwxrwxrwx	ale	ale	32	./usr/share/alsa/ucm2/conf.d/hda-dsp/hda-dsp.conf
l	lrwxrwxrwx	ale	ale	32	./usr/share/alsa/ucm2/conf.d/tegra/Compal PAZ00.conf
l	lrwxrwxrwx	ale	ale	32	./usr/share/alsa/ucm2/module/snd_soc_apq8096.conf
l	lrwxrwxrwx	ale	ale	33	./info/clk_summary
l	lrwxrwxrwx	ale	ale	33	./usr/share/alsa/ucm2/conf.d/rockchip_es8316/rockchip_es8316.conf
l	lrwxrwxrwx	ale	ale	33	./usr/share/alsa/ucm2/conf.d/sdm845/DB845c.conf
l	lrwxrwxrwx	ale	ale	33	./usr/share/alsa/ucm2/conf.d/tegra/Acer Iconia Tab A500 WM8903.conf
l	lrwxrwxrwx	ale	ale	34	./etc/ssl/certs/40547a79.0
l	lrwxrwxrwx	ale	ale	34	./etc/ssl/certs/8160b96c.0
l	lrwxrwxrwx	ale	ale	34	./etc/ssl/certs/930ac5d2.0
l	lrwxrwxrwx	ale	ale	34	./etc/ssl/certs/c28a8a30.0
l	lrwxrwxrwx	ale	ale	34	./etc/ssl/certs/cd58d51e.0
l	lrwxrwxrwx	ale	ale	34	./etc/ssl/certs/ef954a4e.0
l	lrwxrwxrwx	ale	ale	34	./etc/ssl/certs/f3377b1b.0
l	lrwxrwxrwx	ale	ale	34	./usr/lib/alsa-lib/libasound_module_rate_speexrate_best.so
l	lrwxrwxrwx	ale	ale	34	./usr/lib/alsa-lib/libasound_module_rate_speexrate_medium.so
l	lrwxrwxrwx	ale	ale	34	./usr/share/alsa/ucm2/conf.d/tegra/GoogleNyanBig.conf
l	lrwxrwxrwx	ale	ale	34	./usr/share/alsa/ucm2/conf.d/tegra/GoogleNyanBlaze.conf
l	lrwxrwxrwx	ale	ale	34	./usr/share/alsa/ucm2/module/snd_soc_rockchip_max98090.conf
l	lrwxrwxrwx	ale	ale	35	./etc/ssl/certs/5273a94c.0
l	lrwxrwxrwx	ale	ale	35	./etc/ssl/certs/773e07ad.0
l	lrwxrwxrwx	ale	ale	35	./etc/ssl/certs/e73d606e.0
l	lrwxrwxrwx	ale	ale	35	./usr/share/alsa/ucm2/conf.d/DB820c/DB820c.conf
l	lrwxrwxrwx	ale	ale	36	./etc/ssl/certs/03179a64.0
l	lrwxrwxrwx	ale	ale	36	./usr/share/alsa/ucm2/conf.d/chtrt5645/chtrt5645.conf
l	lrwxrwxrwx	ale	ale	36	./usr/share/alsa/ucm2/conf.d/chtrt5650/chtrt5650.conf
l	lrwxrwxrwx	ale	ale	36	./usr/share/alsa/ucm2/conf.d/kblrt5660/kblrt5660.conf
l	lrwxrwxrwx	ale	ale	36	./usr/share/alsa/ucm2/conf.d/tegra-hda/tegra-hda.conf
l	lrwxrwxrwx	ale	ale	36	./usr/share/alsa/ucm2/module/snd_soc_omap_abe_twl6040.conf
l	lrwxrwxrwx	ale	ale	37	./etc/ssl/certs/1e08bfd1.0
l	lrwxrwxrwx	ale	ale	37	./etc/ssl/certs/b7a5b843.0
l	lrwxrwxrwx	ale	ale	37	./etc/ssl/certs/ca6e4ad9.0
l	lrwxrwxrwx	ale	ale	37	./etc/ssl/certs/d4dae3dd.0
l	lrwxrwxrwx	ale	ale	38	./etc/ssl/certs/244b5494.0
l	lrwxrwxrwx	ale	ale	38	./etc/ssl/certs/d6325660.0
l	lrwxrwxrwx	ale	ale	38	./etc/ssl/certs/eed8c118.0
l	lrwxrwxrwx	ale	ale	38	./usr/share/alsa/ucm2/conf.d/bdw-rt5677/bdw-rt5677.conf
l	lrwxrwxrwx	ale	ale	38	./usr/share/alsa/ucm2/conf.d/chtnau8824/chtnau8824.conf
l	lrwxrwxrwx	ale	ale	38	./usr/share/alsa/ucm2/conf.d/sof-soundwire/sof-soundwire.conf
l	lrwxrwxrwx	ale	ale	38	./usr/share/alsa/ucm2/conf.d/tegra/ASUS Google Nexus 7 ALC5642.conf
l	lrwxrwxrwx	ale	ale	39	./etc/alsa/conf.d/50-oss.conf
l	lrwxrwxrwx	ale	ale	39	./etc/ssl/certs/b81b93f0.0
l	lrwxrwxrwx	ale	ale	3	./lib64
l	lrwxrwxrwx	ale	ale	3	./usr/lib64
l	lrwxrwxrwx	ale	ale	40	./etc/ssl/certs/6b99d060.0
l	lrwxrwxrwx	ale	ale	40	./usr/share/alsa/ucm2/conf.d/chtmax98090/chtmax98090.conf
l	lrwxrwxrwx	ale	ale	40	./usr/share/alsa/ucm2/conf.d/sof-hda-dsp/sof-hda-dsp.conf
l	lrwxrwxrwx	ale	ale	40	./usr/share/alsa/ucm2/conf.d/sof-hda-dsp/sof-skl_hda_card.conf
l	lrwxrwxrwx	ale	ale	40	./usr/share/alsa/ucm2/module/snd_soc_apq8016_sbc.conf
l	lrwxrwxrwx	ale	ale	41	./etc/alsa/conf.d/60-upmix.conf
l	lrwxrwxrwx	ale	ale	41	./etc/ssl/certs/f30dd6ad.0
l	lrwxrwxrwx	ale	ale	41	./etc/ssl/certs/fc5a8f99.0
l	lrwxrwxrwx	ale	ale	41	./usr/share/alsa/ucm2/conf.d/mtk-rt5650/mtk-rt5650.conf
l	lrwxrwxrwx	ale	ale	42	./usr/share/alsa/ucm2/conf.d/bytcr-rt5640/bytcr-rt5640.conf
l	lrwxrwxrwx	ale	ale	42	./usr/share/alsa/ucm2/conf.d/bytcr-rt5651/bytcr-rt5651.conf
l	lrwxrwxrwx	ale	ale	42	./usr/share/alsa/ucm2/conf.d/bytcr-wm5102/bytcr-wm5102.conf
l	lrwxrwxrwx	ale	ale	43	./etc/ssl/certs/4304c5e5.0
l	lrwxrwxrwx	ale	ale	43	./usr/share/alsa/ucm2/conf.d/DB410c/DB410c.conf
l	lrwxrwxrwx	ale	ale	44	./etc/alsa/conf.d/60-vdownmix.conf
l	lrwxrwxrwx	ale	ale	44	./etc/ssl/certs/0bf05006.0
l	lrwxrwxrwx	ale	ale	44	./etc/ssl/certs/6fa5da56.0
l	lrwxrwxrwx	ale	ale	44	./etc/ssl/certs/cbf06781.0
l	lrwxrwxrwx	ale	ale	44	./etc/ssl/certs/f249de83.0
l	lrwxrwxrwx	ale	ale	44	./usr/share/alsa/ucm2/conf.d/broxton-rt298/broxton-rt298.conf
l	lrwxrwxrwx	ale	ale	44	./usr/share/alsa/ucm2/conf.d/bytcht-es8316/bytcht-es8316.conf
l	lrwxrwxrwx	ale	ale	44	./usr/share/alsa/ucm2/conf.d/skylake-rt286/skylake-rt286.conf
l	lrwxrwxrwx	ale	ale	45	./etc/alsa/conf.d/10-speexrate.conf
l	lrwxrwxrwx	ale	ale	45	./etc/fonts/conf.d/50-user.conf
l	lrwxrwxrwx	ale	ale	45	./etc/ssl/certs/02265526.0
l	lrwxrwxrwx	ale	ale	45	./etc/ssl/certs/3fb36b73.0
l	lrwxrwxrwx	ale	ale	45	./etc/ssl/certs/4bfab552.0
l	lrwxrwxrwx	ale	ale	45	./etc/ssl/certs/5e98733a.0
l	lrwxrwxrwx	ale	ale	45	./etc/ssl/certs/aee5f10d.0
l	lrwxrwxrwx	ale	ale	46	./etc/fonts/conf.d/45-latin.conf
l	lrwxrwxrwx	ale	ale	46	./etc/fonts/conf.d/51-local.conf
l	lrwxrwxrwx	ale	ale	46	./etc/fonts/conf.d/60-latin.conf
l	lrwxrwxrwx	ale	ale	46	./etc/ssl/certs/106f3e4d.0
l	lrwxrwxrwx	ale	ale	46	./usr/share/alsa/ucm2/conf.d/bytcht-cx2072x/bytcht-cx2072x.conf
l	lrwxrwxrwx	ale	ale	46	./usr/share/alsa/ucm2/conf.d/cht-bsw-rt5672/cht-bsw-rt5672.conf
l	lrwxrwxrwx	ale	ale	46	./usr/share/alsa/ucm2/conf.d/sof-ehl-rt5660/sof-ehl-rt5660.conf
l	lrwxrwxrwx	ale	ale	47	./etc/ssl/certs/f0c70a8d.0
l	lrwxrwxrwx	ale	ale	47	./usr/arm-linux-gnueabihf
l	lrwxrwxrwx	ale	ale	47	./usr/l32
l	lrwxrwxrwx	ale	ale	47	./usr/lib32
l	lrwxrwxrwx	ale	ale	48	./etc/alsa/conf.d/50-arcam-av-ctl.conf
l	lrwxrwxrwx	ale	ale	48	./etc/fonts/conf.d/45-generic.conf
l	lrwxrwxrwx	ale	ale	48	./etc/fonts/conf.d/60-generic.conf
l	lrwxrwxrwx	ale	ale	48	./etc/fonts/conf.d/69-unifont.conf
l	lrwxrwxrwx	ale	ale	48	./etc/ssl/certs/988a38cb.0
l	lrwxrwxrwx	ale	ale	48	./usr/share/alsa/ucm2/conf.d/broadwell-rt286/broadwell-rt286.conf
l	lrwxrwxrwx	ale	ale	49	./etc/fonts/conf.d/40-nonlatin.conf
l	lrwxrwxrwx	ale	ale	49	./etc/fonts/conf.d/65-nonlatin.conf
l	lrwxrwxrwx	ale	ale	49	./etc/ssl/certs/8d89cda1.0
l	lrwxrwxrwx	ale	ale	49	./etc/ssl/certs/bf53fb88.0
l	lrwxrwxrwx	ale	ale	49	./etc/ssl/certs/ff34af3f.0
l	lrwxrwxrwx	ale	ale	4	./usr/bin/sh
l	lrwxrwxrwx	ale	ale	50	./etc/fonts/conf.d/49-sansserif.conf
l	lrwxrwxrwx	ale	ale	50	./etc/fonts/conf.d/80-delicious.conf
l	lrwxrwxrwx	ale	ale	50	./etc/fonts/conf.d/90-synthetic.conf
l	lrwxrwxrwx	ale	ale	50	./etc/ssl/certs/06dc52d5.0
l	lrwxrwxrwx	ale	ale	50	./usr/share/alsa/ucm2/module/snd_soc_rk3399_gru_sound.conf
l	lrwxrwxrwx	ale	ale	51	./usr/share/alsa/ucm2/conf.d/simple-card/Librem 5 Devkit.conf
l	lrwxrwxrwx	ale	ale	53	./etc/ssl/certs/9b5697b0.0
l	lrwxrwxrwx	ale	ale	53	./etc/ssl/certs/d887a5bb.0
l	lrwxrwxrwx	ale	ale	53	./etc/ssl/certs/EC-ACC.pem
l	lrwxrwxrwx	ale	ale	54	./etc/fonts/conf.d/65-fonts-persian.conf
l	lrwxrwxrwx	ale	ale	54	./etc/ssl/certs/09789157.0
l	lrwxrwxrwx	ale	ale	55	./etc/fonts/conf.d/10-hinting-slight.conf
l	lrwxrwxrwx	ale	ale	55	./etc/fonts/conf.d/30-metric-aliases.conf
l	lrwxrwxrwx	ale	ale	55	./etc/ssl/certs/Certigna.pem
l	lrwxrwxrwx	ale	ale	56	./etc/ssl/certs/ACCVRAIZ1.pem
l	lrwxrwxrwx	ale	ale	57	./etc/ssl/certs/Izenpe.com.pem
l	lrwxrwxrwx	ale	ale	58	./etc/fonts/conf.d/20-unhint-small-vera.conf
l	lrwxrwxrwx	ale	ale	58	./etc/ssl/certs/GTS_Root_R1.pem
l	lrwxrwxrwx	ale	ale	58	./etc/ssl/certs/GTS_Root_R2.pem
l	lrwxrwxrwx	ale	ale	58	./etc/ssl/certs/GTS_Root_R3.pem
l	lrwxrwxrwx	ale	ale	58	./etc/ssl/certs/GTS_Root_R4.pem
l	lrwxrwxrwx	ale	ale	59	./etc/fonts/conf.d/10-scale-bitmap-fonts.conf
l	lrwxrwxrwx	ale	ale	59	./etc/ssl/certs/1636090b.0
l	lrwxrwxrwx	ale	ale	59	./etc/ssl/certs/32888f65.0
l	lrwxrwxrwx	ale	ale	59	./etc/ssl/certs/CFCA_EV_ROOT.pem
l	lrwxrwxrwx	ale	ale	59	./etc/ssl/certs/ISRG_Root_X1.pem
l	lrwxrwxrwx	ale	ale	61	./etc/ssl/certs/3bde41ac.0
l	lrwxrwxrwx	ale	ale	61	./etc/ssl/certs/SecureTrust_CA.pem
l	lrwxrwxrwx	ale	ale	61	./etc/ssl/certs/TrustCor_ECA-1.pem
l	lrwxrwxrwx	ale	ale	62	./etc/ssl/certs/SZAFIR_ROOT_CA2.pem
l	lrwxrwxrwx	ale	ale	62	./usr/share/alsa/ucm2/conf.d/sm8250/Qualcomm-RB5-WSA8815-Speakers-DMIC0.conf
l	lrwxrwxrwx	ale	ale	63	./etc/ssl/certs/7719f463.0
l	lrwxrwxrwx	ale	ale	63	./etc/ssl/certs/AC_RAIZ_FNMT-RCM.pem
l	lrwxrwxrwx	ale	ale	63	./etc/ssl/certs/Amazon_Root_CA_1.pem
l	lrwxrwxrwx	ale	ale	63	./etc/ssl/certs/Amazon_Root_CA_2.pem
l	lrwxrwxrwx	ale	ale	63	./etc/ssl/certs/Amazon_Root_CA_3.pem
l	lrwxrwxrwx	ale	ale	63	./etc/ssl/certs/Amazon_Root_CA_4.pem
l	lrwxrwxrwx	ale	ale	63	./etc/ssl/certs/CA_Disig_Root_R2.pem
l	lrwxrwxrwx	ale	ale	63	./etc/ssl/certs/Certigna_Root_CA.pem
l	lrwxrwxrwx	ale	ale	63	./etc/ssl/certs/certSIGN_ROOT_CA.pem
l	lrwxrwxrwx	ale	ale	63	./etc/ssl/certs/Certum_EC-384_CA.pem
l	lrwxrwxrwx	ale	ale	63	./etc/ssl/certs/GLOBALTRUST_2020.pem
l	lrwxrwxrwx	ale	ale	63	./etc/ssl/certs/Secure_Global_CA.pem
l	lrwxrwxrwx	ale	ale	65	./etc/ssl/certs/GlobalSign_Root_CA.pem
l	lrwxrwxrwx	ale	ale	65	./etc/ssl/certs/QuoVadis_Root_CA_2.pem
l	lrwxrwxrwx	ale	ale	65	./etc/ssl/certs/QuoVadis_Root_CA_3.pem
l	lrwxrwxrwx	ale	ale	65	./etc/ssl/certs/UCA_Global_G2_Root.pem
l	lrwxrwxrwx	ale	ale	66	./etc/ssl/certs/AffirmTrust_Premium.pem
l	lrwxrwxrwx	ale	ale	66	./etc/ssl/certs/certSIGN_Root_CA_G2.pem
l	lrwxrwxrwx	ale	ale	66	./etc/ssl/certs/emSign_Root_CA_-_C1.pem
l	lrwxrwxrwx	ale	ale	66	./etc/ssl/certs/emSign_Root_CA_-_G1.pem
l	lrwxrwxrwx	ale	ale	66	./etc/ssl/certs/GlobalSign_Root_E46.pem
l	lrwxrwxrwx	ale	ale	66	./etc/ssl/certs/GlobalSign_Root_R46.pem
l	lrwxrwxrwx	ale	ale	66	./etc/ssl/certs/Go_Daddy_Class_2_CA.pem
l	lrwxrwxrwx	ale	ale	66	./etc/ssl/certs/SecureSign_RootCA11.pem
l	lrwxrwxrwx	ale	ale	66	./etc/ssl/certs/TWCA_Global_Root_CA.pem
l	lrwxrwxrwx	ale	ale	67	./etc/ssl/certs/Starfield_Class_2_CA.pem
l	lrwxrwxrwx	ale	ale	67	./etc/ssl/certs/XRamp_Global_CA_Root.pem
l	lrwxrwxrwx	ale	ale	68	./etc/ssl/certs/Atos_TrustedRoot_2011.pem
l	lrwxrwxrwx	ale	ale	68	./etc/ssl/certs/e-Szigno_Root_CA_2017.pem
l	lrwxrwxrwx	ale	ale	68	./etc/ssl/certs/QuoVadis_Root_CA_1_G3.pem
l	lrwxrwxrwx	ale	ale	68	./etc/ssl/certs/QuoVadis_Root_CA_2_G3.pem
l	lrwxrwxrwx	ale	ale	68	./etc/ssl/certs/QuoVadis_Root_CA_3_G3.pem
l	lrwxrwxrwx	ale	ale	69	./etc/ssl/certs/AffirmTrust_Commercial.pem
l	lrwxrwxrwx	ale	ale	69	./etc/ssl/certs/AffirmTrust_Networking.pem
l	lrwxrwxrwx	ale	ale	69	./etc/ssl/certs/Certum_Trusted_Root_CA.pem
l	lrwxrwxrwx	ale	ale	69	./etc/ssl/certs/Cybertrust_Global_Root.pem
l	lrwxrwxrwx	ale	ale	69	./etc/ssl/certs/GDCA_TrustAUTH_R5_ROOT.pem
l	lrwxrwxrwx	ale	ale	69	./etc/ssl/certs/SwissSign_Gold_CA_-_G2.pem
l	lrwxrwxrwx	ale	ale	69	./etc/ssl/certs/TeliaSonera_Root_CA_v1.pem
l	lrwxrwxrwx	ale	ale	69	./etc/ssl/certs/TrustCor_RootCert_CA-1.pem
l	lrwxrwxrwx	ale	ale	69	./etc/ssl/certs/TrustCor_RootCert_CA-2.pem
l	lrwxrwxrwx	ale	ale	6	./usr/sbin/fsck.ext2
l	lrwxrwxrwx	ale	ale	6	./usr/sbin/fsck.ext3
l	lrwxrwxrwx	ale	ale	6	./usr/sbin/fsck.ext4
l	lrwxrwxrwx	ale	ale	6	./usr/sbin/mkfs.ext2
l	lrwxrwxrwx	ale	ale	6	./usr/sbin/mkfs.ext3
l	lrwxrwxrwx	ale	ale	6	./usr/sbin/mkfs.ext4
l	lrwxrwxrwx	ale	ale	6	./vendor
l	lrwxrwxrwx	ale	ale	70	./etc/ssl/certs/AffirmTrust_Premium_ECC.pem
l	lrwxrwxrwx	ale	ale	70	./etc/ssl/certs/Buypass_Class_2_Root_CA.pem
l	lrwxrwxrwx	ale	ale	70	./etc/ssl/certs/Buypass_Class_3_Root_CA.pem
l	lrwxrwxrwx	ale	ale	70	./etc/ssl/certs/DigiCert_Global_Root_CA.pem
l	lrwxrwxrwx	ale	ale	70	./etc/ssl/certs/DigiCert_Global_Root_G2.pem
l	lrwxrwxrwx	ale	ale	70	./etc/ssl/certs/DigiCert_Global_Root_G3.pem
l	lrwxrwxrwx	ale	ale	70	./etc/ssl/certs/emSign_ECC_Root_CA_-_C3.pem
l	lrwxrwxrwx	ale	ale	70	./etc/ssl/certs/emSign_ECC_Root_CA_-_G3.pem
l	lrwxrwxrwx	ale	ale	70	./etc/ssl/certs/GlobalSign_Root_CA_-_R2.pem
l	lrwxrwxrwx	ale	ale	70	./etc/ssl/certs/GlobalSign_Root_CA_-_R3.pem
l	lrwxrwxrwx	ale	ale	70	./etc/ssl/certs/GlobalSign_Root_CA_-_R6.pem
l	lrwxrwxrwx	ale	ale	70	./etc/ssl/certs/Hongkong_Post_Root_CA_1.pem
l	lrwxrwxrwx	ale	ale	70	./etc/ssl/certs/Hongkong_Post_Root_CA_3.pem
l	lrwxrwxrwx	ale	ale	71	./etc/ssl/certs/Comodo_AAA_Services_root.pem
l	lrwxrwxrwx	ale	ale	71	./etc/ssl/certs/DigiCert_Trusted_Root_G4.pem
l	lrwxrwxrwx	ale	ale	71	./etc/ssl/certs/SwissSign_Silver_CA_-_G2.pem
l	lrwxrwxrwx	ale	ale	72	./etc/ssl/certs/ANF_Secure_Server_Root_CA.pem
l	lrwxrwxrwx	ale	ale	72	./etc/ssl/certs/Baltimore_CyberTrust_Root.pem
l	lrwxrwxrwx	ale	ale	72	./etc/ssl/certs/Certum_Trusted_Network_CA.pem
l	lrwxrwxrwx	ale	ale	72	./usr/share/alsa/ucm2/conf.d/SC7180/sc7180-rt5682-max98357a-1mic.conf
l	lrwxrwxrwx	ale	ale	74	./etc/ssl/certs/Certum_Trusted_Network_CA_2.pem
l	lrwxrwxrwx	ale	ale	74	./etc/ssl/certs/DigiCert_Assured_ID_Root_CA.pem
l	lrwxrwxrwx	ale	ale	74	./etc/ssl/certs/DigiCert_Assured_ID_Root_G2.pem
l	lrwxrwxrwx	ale	ale	74	./etc/ssl/certs/DigiCert_Assured_ID_Root_G3.pem
l	lrwxrwxrwx	ale	ale	74	./etc/ssl/certs/GlobalSign_ECC_Root_CA_-_R4.pem
l	lrwxrwxrwx	ale	ale	74	./etc/ssl/certs/GlobalSign_ECC_Root_CA_-_R5.pem
l	lrwxrwxrwx	ale	ale	75	./etc/ssl/certs/T-TeleSec_GlobalRoot_Class_2.pem
l	lrwxrwxrwx	ale	ale	75	./etc/ssl/certs/T-TeleSec_GlobalRoot_Class_3.pem
l	lrwxrwxrwx	ale	ale	75	./etc/ssl/certs/UCA_Extended_Validation_Root.pem
l	lrwxrwxrwx	ale	ale	77	./etc/ssl/certs/Actalis_Authentication_Root_CA.pem
l	lrwxrwxrwx	ale	ale	77	./etc/ssl/certs/COMODO_Certification_Authority.pem
l	lrwxrwxrwx	ale	ale	77	./etc/ssl/certs/D-TRUST_Root_Class_3_CA_2_2009.pem
l	lrwxrwxrwx	ale	ale	77	./etc/ssl/certs/IdenTrust_Commercial_Root_CA_1.pem
l	lrwxrwxrwx	ale	ale	77	./etc/ssl/certs/Microsec_e-Szigno_Root_CA_2009.pem
l	lrwxrwxrwx	ale	ale	77	./etc/ssl/certs/Security_Communication_RootCA2.pem
l	lrwxrwxrwx	ale	ale	77	./etc/ssl/certs/Security_Communication_Root_CA.pem
l	lrwxrwxrwx	ale	ale	78	./etc/ssl/certs/E-Tugra_Certification_Authority.pem
l	lrwxrwxrwx	ale	ale	78	./etc/ssl/certs/OISTE_WISeKey_Global_Root_GB_CA.pem
l	lrwxrwxrwx	ale	ale	78	./etc/ssl/certs/OISTE_WISeKey_Global_Root_GC_CA.pem
l	lrwxrwxrwx	ale	ale	79	./etc/ssl/certs/Staat_der_Nederlanden_EV_Root_CA.pem
l	lrwxrwxrwx	ale	ale	7	./bin
l	lrwxrwxrwx	ale	ale	7	./lib
l	lrwxrwxrwx	ale	ale	7	./usr/bin/arch
l	lrwxrwxrwx	ale	ale	7	./usr/bin/ash
l	lrwxrwxrwx	ale	ale	7	./usr/bin/base32
l	lrwxrwxrwx	ale	ale	7	./usr/bin/base64
l	lrwxrwxrwx	ale	ale	7	./usr/bin/cat
l	lrwxrwxrwx	ale	ale	7	./usr/bin/chgrp
l	lrwxrwxrwx	ale	ale	7	./usr/bin/chmod
l	lrwxrwxrwx	ale	ale	7	./usr/bin/chown
l	lrwxrwxrwx	ale	ale	7	./usr/bin/cp
l	lrwxrwxrwx	ale	ale	7	./usr/bin/cpio
l	lrwxrwxrwx	ale	ale	7	./usr/bin/date
l	lrwxrwxrwx	ale	ale	7	./usr/bin/dd
l	lrwxrwxrwx	ale	ale	7	./usr/bin/df
l	lrwxrwxrwx	ale	ale	7	./usr/bin/dmesg
l	lrwxrwxrwx	ale	ale	7	./usr/bin/dnsdomainname
l	lrwxrwxrwx	ale	ale	7	./usr/bin/dumpkmap
l	lrwxrwxrwx	ale	ale	7	./usr/bin/echo
l	lrwxrwxrwx	ale	ale	7	./usr/bin/egrep
l	lrwxrwxrwx	ale	ale	7	./usr/bin/false
l	lrwxrwxrwx	ale	ale	7	./usr/bin/fdflush
l	lrwxrwxrwx	ale	ale	7	./usr/bin/fgrep
l	lrwxrwxrwx	ale	ale	7	./usr/bin/getopt
l	lrwxrwxrwx	ale	ale	7	./usr/bin/grep
l	lrwxrwxrwx	ale	ale	7	./usr/bin/gunzip
l	lrwxrwxrwx	ale	ale	7	./usr/bin/gzip
l	lrwxrwxrwx	ale	ale	7	./usr/bin/hostname
l	lrwxrwxrwx	ale	ale	7	./usr/bin/kill
l	lrwxrwxrwx	ale	ale	7	./usr/bin/link
l	lrwxrwxrwx	ale	ale	7	./usr/bin/linux32
l	lrwxrwxrwx	ale	ale	7	./usr/bin/linux64
l	lrwxrwxrwx	ale	ale	7	./usr/bin/ln
l	lrwxrwxrwx	ale	ale	7	./usr/bin/login
l	lrwxrwxrwx	ale	ale	7	./usr/bin/ls
l	lrwxrwxrwx	ale	ale	7	./usr/bin/mkdir
l	lrwxrwxrwx	ale	ale	7	./usr/bin/mknod
l	lrwxrwxrwx	ale	ale	7	./usr/bin/mktemp
l	lrwxrwxrwx	ale	ale	7	./usr/bin/more
l	lrwxrwxrwx	ale	ale	7	./usr/bin/mountpoint
l	lrwxrwxrwx	ale	ale	7	./usr/bin/mt
l	lrwxrwxrwx	ale	ale	7	./usr/bin/mv
l	lrwxrwxrwx	ale	ale	7	./usr/bin/netstat
l	lrwxrwxrwx	ale	ale	7	./usr/bin/nice
l	lrwxrwxrwx	ale	ale	7	./usr/bin/nuke
l	lrwxrwxrwx	ale	ale	7	./usr/bin/pidof
l	lrwxrwxrwx	ale	ale	7	./usr/bin/ping
l	lrwxrwxrwx	ale	ale	7	./usr/bin/pipe_progress
l	lrwxrwxrwx	ale	ale	7	./usr/bin/printenv
l	lrwxrwxrwx	ale	ale	7	./usr/bin/ps
l	lrwxrwxrwx	ale	ale	7	./usr/bin/pwd
l	lrwxrwxrwx	ale	ale	7	./usr/bin/resume
l	lrwxrwxrwx	ale	ale	7	./usr/bin/rm
l	lrwxrwxrwx	ale	ale	7	./usr/bin/rmdir
l	lrwxrwxrwx	ale	ale	7	./usr/bin/run-parts
l	lrwxrwxrwx	ale	ale	7	./usr/bin/sed
l	lrwxrwxrwx	ale	ale	7	./usr/bin/setarch
l	lrwxrwxrwx	ale	ale	7	./usr/bin/setpriv
l	lrwxrwxrwx	ale	ale	7	./usr/bin/setserial
l	lrwxrwxrwx	ale	ale	7	./usr/bin/sleep
l	lrwxrwxrwx	ale	ale	7	./usr/bin/stty
l	lrwxrwxrwx	ale	ale	7	./usr/bin/su
l	lrwxrwxrwx	ale	ale	7	./usr/bin/sync
l	lrwxrwxrwx	ale	ale	7	./usr/bin/tar
l	lrwxrwxrwx	ale	ale	7	./usr/bin/touch
l	lrwxrwxrwx	ale	ale	7	./usr/bin/true
l	lrwxrwxrwx	ale	ale	7	./usr/bin/uname
l	lrwxrwxrwx	ale	ale	7	./usr/bin/usleep
l	lrwxrwxrwx	ale	ale	7	./usr/bin/vi
l	lrwxrwxrwx	ale	ale	7	./usr/bin/watch
l	lrwxrwxrwx	ale	ale	7	./usr/bin/zcat
l	lrwxrwxrwx	ale	ale	7	./usr/sbin/e2label
l	lrwxrwxrwx	ale	ale	80	./etc/ssl/certs/D-TRUST_Root_Class_3_CA_2_EV_2009.pem
l	lrwxrwxrwx	ale	ale	80	./etc/ssl/certs/ePKI_Root_Certification_Authority.pem
l	lrwxrwxrwx	ale	ale	80	./etc/ssl/certs/IdenTrust_Public_Sector_Root_CA_1.pem
l	lrwxrwxrwx	ale	ale	80	./etc/ssl/certs/TWCA_Root_Certification_Authority.pem
l	lrwxrwxrwx	ale	ale	81	./etc/ssl/certs/COMODO_ECC_Certification_Authority.pem
l	lrwxrwxrwx	ale	ale	81	./etc/ssl/certs/COMODO_RSA_Certification_Authority.pem
l	lrwxrwxrwx	ale	ale	81	./etc/ssl/certs/DigiCert_High_Assurance_EV_Root_CA.pem
l	lrwxrwxrwx	ale	ale	82	./etc/ssl/certs/AC_RAIZ_FNMT-RCM_SERVIDORES_SEGUROS.pem
l	lrwxrwxrwx	ale	ale	83	./etc/ssl/certs/Entrust_Root_Certification_Authority.pem
l	lrwxrwxrwx	ale	ale	84	./etc/ssl/certs/USERTrust_ECC_Certification_Authority.pem
l	lrwxrwxrwx	ale	ale	84	./etc/ssl/certs/USERTrust_RSA_Certification_Authority.pem
l	lrwxrwxrwx	ale	ale	86	./etc/ssl/certs/Network_Solutions_Certificate_Authority.pem
l	lrwxrwxrwx	ale	ale	87	./etc/ssl/certs/Go_Daddy_Root_Certificate_Authority_-_G2.pem
l	lrwxrwxrwx	ale	ale	87	./etc/ssl/certs/SSL.com_Root_Certification_Authority_ECC.pem
l	lrwxrwxrwx	ale	ale	87	./etc/ssl/certs/SSL.com_Root_Certification_Authority_RSA.pem
l	lrwxrwxrwx	ale	ale	87	./etc/ssl/certs/Trustwave_Global_Certification_Authority.pem
l	lrwxrwxrwx	ale	ale	88	./etc/ssl/certs/Entrust.net_Premium_2048_Secure_Server_CA.pem
l	lrwxrwxrwx	ale	ale	88	./etc/ssl/certs/Entrust_Root_Certification_Authority_-_G2.pem
l	lrwxrwxrwx	ale	ale	88	./etc/ssl/certs/Entrust_Root_Certification_Authority_-_G4.pem
l	lrwxrwxrwx	ale	ale	88	./etc/ssl/certs/NAVER_Global_Root_Certification_Authority.pem
l	lrwxrwxrwx	ale	ale	88	./etc/ssl/certs/Starfield_Root_Certificate_Authority_-_G2.pem
l	lrwxrwxrwx	ale	ale	89	./etc/ssl/certs/Entrust_Root_Certification_Authority_-_EC1.pem
l	lrwxrwxrwx	ale	ale	8	./data
l	lrwxrwxrwx	ale	ale	8	./info/log
l	lrwxrwxrwx	ale	ale	8	./sbin
l	lrwxrwxrwx	ale	ale	8	./usr/sbin/dosfsck
l	lrwxrwxrwx	ale	ale	8	./usr/sbin/dosfslabel
l	lrwxrwxrwx	ale	ale	8	./usr/sbin/e2mmpstatus
l	lrwxrwxrwx	ale	ale	8	./usr/sbin/fsck.msdos
l	lrwxrwxrwx	ale	ale	8	./usr/sbin/fsck.vfat
l	lrwxrwxrwx	ale	ale	8	./usr/sbin/mkdosfs
l	lrwxrwxrwx	ale	ale	8	./usr/sbin/mkfs.msdos
l	lrwxrwxrwx	ale	ale	8	./usr/sbin/mkfs.vfat
l	lrwxrwxrwx	ale	ale	8	./usr/share/zoneinfo/GB
l	lrwxrwxrwx	ale	ale	8	./usr/share/zoneinfo/NZ
l	lrwxrwxrwx	ale	ale	8	./usr/share/zoneinfo/US
l	lrwxrwxrwx	ale	ale	90	./etc/ssl/certs/SSL.com_EV_Root_Certification_Authority_ECC.pem
l	lrwxrwxrwx	ale	ale	91	./etc/ssl/certs/NetLock_Arany_=Class_Gold=_Főtanúsítvány.pem
l	lrwxrwxrwx	ale	ale	92	./etc/ssl/certs/Microsoft_ECC_Root_Certificate_Authority_2017.pem
l	lrwxrwxrwx	ale	ale	92	./etc/ssl/certs/Microsoft_RSA_Root_Certificate_Authority_2017.pem
l	lrwxrwxrwx	ale	ale	92	./etc/ssl/certs/TUBITAK_Kamu_SM_SSL_Kok_Sertifikasi_-_Surum_1.pem
l	lrwxrwxrwx	ale	ale	93	./etc/ssl/certs/SSL.com_EV_Root_Certification_Authority_RSA_R2.pem
l	lrwxrwxrwx	ale	ale	96	./etc/ssl/certs/Trustwave_Global_ECC_P256_Certification_Authority.pem
l	lrwxrwxrwx	ale	ale	96	./etc/ssl/certs/Trustwave_Global_ECC_P384_Certification_Authority.pem
l	lrwxrwxrwx	ale	ale	97	./etc/ssl/certs/Starfield_Services_Root_Certificate_Authority_-_G2.pem
l	lrwxrwxrwx	ale	ale	9	./udisk
l	lrwxrwxrwx	ale	ale	9	./usr/share/zoneinfo/CET
l	lrwxrwxrwx	ale	ale	9	./usr/share/zoneinfo/EET
l	lrwxrwxrwx	ale	ale	9	./usr/share/zoneinfo/EST
l	lrwxrwxrwx	ale	ale	9	./usr/share/zoneinfo/Etc
l	lrwxrwxrwx	ale	ale	9	./usr/share/zoneinfo/GMT
l	lrwxrwxrwx	ale	ale	9	./usr/share/zoneinfo/HST
l	lrwxrwxrwx	ale	ale	9	./usr/share/zoneinfo/MET
l	lrwxrwxrwx	ale	ale	9	./usr/share/zoneinfo/MST
l	lrwxrwxrwx	ale	ale	9	./usr/share/zoneinfo/PRC
l	lrwxrwxrwx	ale	ale	9	./usr/share/zoneinfo/ROC
l	lrwxrwxrwx	ale	ale	9	./usr/share/zoneinfo/ROK
l	lrwxrwxrwx	ale	ale	9	./usr/share/zoneinfo/UCT
l	lrwxrwxrwx	ale	ale	9	./usr/share/zoneinfo/UTC
l	lrwxrwxrwx	ale	ale	9	./usr/share/zoneinfo/WET
